FID,FID_cb_201,STATEFP,COUNTYFP,COUNTYNS,AFFGEOID,GEOID,NAME,LSAD,ALAND,AWATER,CountyArea,FID_Americ,Id,IndianLand,Proportion
0,19,46,051,01265782,0500000US46051,46051,Grant,06,1764949271.000000000000000,15753610.000000000000000,1770,0,0,234,13
1,32,27,173,00659531,0500000US27173,27173,Yellow Medicine,06,1966062971.000000000000000,10687958.000000000000000,1992,0,0,5,0
2,45,40,015,01101795,0500000US40015,40015,Caddo,06,3310745123.000000000000000,30820525.000000000000000,3328,0,0,456,14
3,50,55,141,01581130,0500000US55141,55141,Wood,06,2053928984.000000000000000,42054151.000000000000000,2096,0,0,1,0
4,54,35,057,00929112,0500000US35057,35057,Torrance,06,8664074710.000000000000000,2303485.000000000000000,8666,0,0,67,1
5,65,36,003,00974100,0500000US36003,36003,Allegany,06,2665875177.000000000000000,13153776.000000000000000,2681,0,0,1,0
6,90,26,101,01622993,0500000US26101,26101,Manistee,06,1404616462.000000000000000,1912440724.000000000000000,1448,0,0,1,0
7,112,40,031,01101803,0500000US40031,40031,Comanche,06,2769447440.000000000000000,37331078.000000000000000,2832,0,0,209,7
8,118,26,029,01622957,0500000US26029,26029,Charlevoix,06,1078286047.000000000000000,2522933853.000000000000000,1424,0,0,0,0
9,133,55,025,01581072,0500000US55025,55025,Dane,06,3098774789.000000000000000,106341440.000000000000000,3192,0,0,22,1
10,146,26,103,01622994,0500000US26103,26103,Marquette,06,4685386476.000000000000000,4185372277.000000000000000,4895,0,0,0,0
11,167,01,053,00161552,0500000US01053,01053,Escambia,06,2447822304.000000000000000,20797758.000000000000000,2462,0,0,17,1
12,197,49,013,01448021,0500000US49013,49013,Duchesne,06,8379502703.000000000000000,38797815.000000000000000,8388,0,0,1624,19
13,209,41,027,01155131,0500000US41027,41027,Hood River,06,1352203450.000000000000000,29040461.000000000000000,1346,0,0,1,0
14,229,27,035,00659463,0500000US27035,27035,Crow Wing,06,2585785629.000000000000000,409661410.000000000000000,3057,0,0,0,0
15,248,38,057,01034233,0500000US38057,38057,Mercer,06,2701236315.000000000000000,180102277.000000000000000,2908,0,0,250,9
16,249,36,067,00974132,0500000US36067,36067,Onondaga,06,2016012328.000000000000000,70528316.000000000000000,2108,0,0,24,1
17,250,19,193,00465285,0500000US19193,19193,Woodbury,06,2260790978.000000000000000,12793719.000000000000000,2276,0,0,6,0
18,258,55,087,01581104,0500000US55087,55087,Outagamie,06,1651321050.000000000000000,18205949.000000000000000,1668,0,0,157,9
19,261,26,005,01622945,0500000US26005,26005,Allegan,06,2137372873.000000000000000,2610825889.000000000000000,2194,0,0,0,0
20,312,46,103,01266995,0500000US46103,46103,Pennington,06,7191808178.000000000000000,19906989.000000000000000,7219,0,0,3,0
21,338,27,107,00659499,0500000US27107,27107,Norman,06,2260512389.000000000000000,10208057.000000000000000,2276,0,0,0,0
22,342,41,031,01155132,0500000US41031,41031,Jefferson,06,4615975255.000000000000000,26213922.000000000000000,4615,0,0,1030,22
23,367,55,067,01581093,0500000US55067,55067,Langlade,06,2254971901.000000000000000,44403904.000000000000000,2283,0,0,0,0
24,374,20,013,00484976,0500000US20013,20013,Brown,06,1478550074.000000000000000,3196147.000000000000000,1482,0,0,130,9
25,380,27,017,00659454,0500000US27017,27017,Carlton,06,2230821123.000000000000000,36133708.000000000000000,2260,0,0,216,10
26,381,27,057,00659474,0500000US27057,27057,Hubbard,06,2398071535.000000000000000,190599026.000000000000000,2577,0,0,36,1
27,382,38,101,01034231,0500000US38101,38101,Ward,06,5214059942.000000000000000,110820843.000000000000000,5308,0,0,62,1
28,383,27,007,00659449,0500000US27007,27007,Beltrami,06,6487120495.000000000000000,1426321738.000000000000000,7896,0,0,2478,31
29,384,27,001,00663198,0500000US27001,27001,Aitkin,06,4718271444.000000000000000,449535492.000000000000000,5130,0,0,4,0
30,386,26,035,01622960,0500000US26035,26035,Clare,06,1461741364.000000000000000,28501274.000000000000000,1489,0,0,0,0
31,446,40,115,01101845,0500000US40115,40115,Ottawa,06,1219467497.000000000000000,35708902.000000000000000,1254,0,0,66,5
32,449,55,083,01581102,0500000US55083,55083,Oconto,06,2583464874.000000000000000,392038134.000000000000000,2670,0,0,1,0
33,450,55,125,01581122,0500000US55125,55125,Vilas,06,2221447085.000000000000000,414426793.000000000000000,2607,0,0,288,11
34,451,55,129,01581124,0500000US55129,55129,Washburn,06,2064513622.000000000000000,145566159.000000000000000,2190,0,0,0,0
35,455,46,095,01267177,0500000US46095,46095,Mellette,06,3385957220.000000000000000,9219640.000000000000000,3363,0,0,1394,41
36,456,46,119,01266982,0500000US46119,46119,Sully,06,2607664601.000000000000000,164384696.000000000000000,2753,0,0,5,0
37,463,53,031,01531936,0500000US53031,53031,Jefferson,06,4671790710.000000000000000,994835543.000000000000000,4949,0,0,51,1
38,472,26,011,01622948,0500000US26011,26011,Arenac,06,940623611.000000000000000,822317353.000000000000000,976,0,0,1,0
39,480,38,019,01035304,0500000US38019,38019,Cavalier,06,3855846888.000000000000000,54931562.000000000000000,3895,0,0,1,0
40,484,46,101,01265775,0500000US46101,46101,Moody,06,1345200317.000000000000000,3679400.000000000000000,1350,0,0,11,1
41,507,16,061,00395622,0500000US16061,16061,Lewis,06,1240137223.000000000000000,2345525.000000000000000,1252,0,0,1009,81
42,532,40,051,01101813,0500000US40051,40051,Grady,06,2850272919.000000000000000,11403868.000000000000000,2866,0,0,12,0
43,533,40,017,01101796,0500000US40017,40017,Canadian,06,2322265669.000000000000000,23229300.000000000000000,2351,0,0,62,3
44,534,40,027,01101801,0500000US40027,40027,Cleveland,06,1395529148.000000000000000,49908184.000000000000000,1424,0,0,31,2
45,539,36,053,00974125,0500000US36053,36053,Madison,06,1696091558.000000000000000,16670528.000000000000000,1737,0,0,0,0
46,556,30,091,01677577,0500000US30091,30091,Sheridan,06,4340307007.000000000000000,75071798.000000000000000,4412,0,0,554,13
47,576,27,111,00659501,0500000US27111,27111,Otter Tail,06,5107436184.000000000000000,654101087.000000000000000,5787,0,0,0,0
48,598,26,095,01622990,0500000US26095,26095,Luce,06,2328596732.000000000000000,2624713509.000000000000000,2426,0,0,0,0
49,600,04,011,00042807,0500000US04011,04011,Greenlee,06,4770701078.000000000000000,13750461.000000000000000,4807,0,0,0,0
50,614,26,079,01622982,0500000US26079,26079,Kalkaska,06,1449687582.000000000000000,28061738.000000000000000,1478,0,0,0,0
51,642,32,029,00858642,0500000US32029,32029,Storey,06,680962190.000000000000000,1871089.000000000000000,689,0,0,1,0
52,647,26,019,01622952,0500000US26019,26019,Benzie,06,828049220.000000000000000,1398210900.000000000000000,901,0,0,0,0
53,682,46,007,01265812,0500000US46007,46007,Bennett,06,3068207883.000000000000000,15044355.000000000000000,3097,0,0,3097,100
54,685,40,011,01101793,0500000US40011,40011,Blaine,06,2404605819.000000000000000,26851760.000000000000000,2427,0,0,119,5
55,689,46,121,01266989,0500000US46121,46121,Todd,06,3596445663.000000000000000,5854544.000000000000000,3602,0,0,3588,100
56,702,40,133,01101854,0500000US40133,40133,Seminole,06,1639040857.000000000000000,19778906.000000000000000,1620,0,0,0,0
57,703,27,155,00659522,0500000US27155,27155,Traverse,06,1486320975.000000000000000,31025234.000000000000000,1522,0,0,5,0
58,707,19,171,00465274,0500000US19171,19171,Tama,06,1867411148.000000000000000,2769421.000000000000000,1870,0,0,17,1
59,709,55,001,01581060,0500000US55001,55001,Adams,06,1672140731.000000000000000,108432130.000000000000000,1750,0,0,0,0
60,713,06,031,00277280,0500000US06031,06031,Kings,06,3598593366.000000000000000,5453080.000000000000000,3593,0,0,1,0
61,715,40,125,01101850,0500000US40125,40125,Pottawatomie,06,2040060549.000000000000000,14842439.000000000000000,2063,0,0,68,3
62,718,27,129,00659510,0500000US27129,27129,Renville,06,2545744678.000000000000000,10851893.000000000000000,2529,0,0,0,0
63,724,46,067,01265771,0500000US46067,46067,Hutchinson,06,2105695489.000000000000000,3644220.000000000000000,2116,0,0,3,0
64,730,46,102,01266992,0500000US46102,46102,Oglala Lakota,06,5422404947.000000000000000,7126155.000000000000000,5427,0,0,5383,99
65,741,20,035,00484987,0500000US20035,20035,Cowley,06,2915648172.000000000000000,17322934.000000000000000,2939,0,0,0,0
66,757,29,145,00758527,0500000US29145,29145,Newton,06,1618104260.000000000000000,4717267.000000000000000,1619,0,0,0,0
67,770,27,125,00659508,0500000US27125,27125,Red Lake,06,1119929328.000000000000000,227815.000000000000000,1122,0,0,0,0
68,771,49,041,01448034,0500000US49041,49041,Sevier,06,4948000005.000000000000000,20260738.000000000000000,4950,0,0,6,0
69,776,20,085,00485007,0500000US20085,20085,Jackson,06,1699600373.000000000000000,4666514.000000000000000,1709,0,0,311,18
70,779,55,019,01581069,0500000US55019,55019,Clark,06,3133093098.000000000000000,23242138.000000000000000,3157,0,0,2,0
71,780,31,051,00835847,0500000US31051,31051,Dixon,06,1233156423.000000000000000,17075472.000000000000000,1245,0,0,11,1
72,786,28,159,00695800,0500000US28159,28159,Winston,06,1572709946.000000000000000,7405132.000000000000000,1572,0,0,1,0
73,799,27,119,00659505,0500000US27119,27119,Polk,06,5105067510.000000000000000,69169913.000000000000000,5167,0,0,0,0
74,802,32,033,00858615,0500000US32033,32033,White Pine,06,22985104192.000000000000000,54678877.000000000000000,22992,0,0,285,1
75,828,55,111,01581115,0500000US55111,55111,Sauk,06,2153665639.000000000000000,45713371.000000000000000,2197,0,0,1,0
76,861,49,027,01448027,0500000US49027,49027,Millard,06,17106839735.000000000000000,600835682.000000000000000,17678,0,0,5,0
77,865,38,037,01035300,0500000US38037,38037,Grant,06,4297180181.000000000000000,17563262.000000000000000,4339,0,0,25,1
78,874,37,075,01008555,0500000US37075,37075,Graham,06,756200800.000000000000000,25045983.000000000000000,774,0,0,9,1
79,880,16,021,00395159,0500000US16021,16021,Boundary,06,3285990181.000000000000000,24160674.000000000000000,3309,0,0,23,1
80,888,12,033,00295737,0500000US12033,12033,Escambia,06,1701448275.000000000000000,564025766.000000000000000,1863,0,0,0,0
81,891,46,105,01266990,0500000US46105,46105,Perkins,06,7434503583.000000000000000,50539581.000000000000000,7482,0,0,5,0
82,908,40,075,01101825,0500000US40075,40075,Kiowa,06,2629209766.000000000000000,40296743.000000000000000,2653,0,0,133,5
83,915,06,021,00277275,0500000US06021,06021,Glenn,06,3403149421.000000000000000,33704225.000000000000000,3398,0,0,0,0
84,923,35,001,01702363,0500000US35001,35001,Bernalillo,06,3007310205.000000000000000,16190430.000000000000000,3028,0,0,947,31
85,929,30,047,01796943,0500000US30047,30047,Lake,06,3860298044.000000000000000,423538790.000000000000000,4296,0,0,2914,68
86,931,35,027,00929116,0500000US35027,35027,Lincoln,06,12512530204.000000000000000,554703.000000000000000,12512,0,0,1,0
87,933,38,025,01035623,0500000US38025,38025,Dunn,06,5201888569.000000000000000,190575791.000000000000000,5445,0,0,1086,20
88,939,53,061,01529222,0500000US53061,53061,Snohomish,06,5404083801.000000000000000,282887163.000000000000000,5740,0,0,92,2
89,951,27,037,00659464,0500000US27037,27037,Dakota,06,1456715603.000000000000000,63149548.000000000000000,1525,0,0,0,0
90,952,27,113,00659502,0500000US27113,27113,Pennington,06,1596928760.000000000000000,4332057.000000000000000,1610,0,0,2,0
91,954,27,021,00659456,0500000US27021,27021,Cass,06,5235576788.000000000000000,1016652167.000000000000000,6254,0,0,1798,29
92,960,31,045,00835844,0500000US31045,31045,Dawes,06,3616823834.000000000000000,11921995.000000000000000,3619,0,0,3,0
93,966,08,083,00198157,0500000US08083,08083,Montezuma,06,5255937110.000000000000000,27261088.000000000000000,5286,0,0,1801,34
94,972,26,131,01623008,0500000US26131,26131,Ontonagon,06,3395416191.000000000000000,6292279421.000000000000000,3450,0,0,9,0
95,974,35,039,01702368,0500000US35039,35039,Rio Arriba,06,15179716552.000000000000000,91476917.000000000000000,15246,0,0,3160,21
96,977,40,035,01101805,0500000US40035,40035,Craig,06,1971897017.000000000000000,3697828.000000000000000,1982,0,0,0,0
97,1011,55,081,01581101,0500000US55081,55081,Monroe,06,2333327981.000000000000000,18589237.000000000000000,2339,0,0,2,0
98,1015,55,093,01581107,0500000US55093,55093,Pierce,06,1486126051.000000000000000,46825858.000000000000000,1535,0,0,0,0
99,1017,31,147,00835895,0500000US31147,31147,Richardson,06,1429261293.000000000000000,7077617.000000000000000,1438,0,0,54,4
100,1021,55,075,01581097,0500000US55075,55075,Marinette,06,3624558795.000000000000000,389917044.000000000000000,3699,0,0,0,0
101,1024,26,009,01622947,0500000US26009,26009,Antrim,06,1232000354.000000000000000,326539096.000000000000000,1429,0,0,0,0
102,1032,30,055,01716270,0500000US30055,30055,McCone,06,6843265262.000000000000000,103091384.000000000000000,7096,0,0,43,1
103,1033,22,101,01629492,0500000US22101,22101,St. Mary,15,1438845622.000000000000000,1460445312.000000000000000,2039,0,0,1,0
104,1034,31,179,00835911,0500000US31179,31179,Wayne,06,1147143905.000000000000000,1087702.000000000000000,1149,0,0,0,0
105,1043,23,009,00581290,0500000US23009,23009,Hancock,06,4110284976.000000000000000,1963056852.000000000000000,5461,0,0,90,2
106,1044,26,041,01622963,0500000US26041,26041,Delta,06,3033137837.000000000000000,2124389418.000000000000000,3396,0,0,1,0
107,1045,26,013,01622949,0500000US26013,26013,Baraga,06,2326929577.000000000000000,441604239.000000000000000,2495,0,0,265,11
108,1049,36,013,00974105,0500000US36013,36013,Chautauqua,06,2745967850.000000000000000,1139487496.000000000000000,2806,0,0,9,0
109,1050,40,129,01101852,0500000US40129,40129,Roger Mills,06,2955528251.000000000000000,13695174.000000000000000,2955,0,0,12,0
110,1052,48,077,01383824,0500000US48077,48077,Clay,06,2819788075.000000000000000,72590626.000000000000000,2906,0,0,0,0
111,1057,06,107,00277318,0500000US06107,06107,Tulare,06,12494838453.000000000000000,37259234.000000000000000,12507,0,0,220,2
112,1071,35,061,00933052,0500000US35061,35061,Valencia,06,2762826562.000000000000000,2787804.000000000000000,2747,0,0,629,23
113,1080,55,057,01581088,0500000US55057,55057,Juneau,06,1986622513.000000000000000,98737513.000000000000000,2117,0,0,2,0
114,1085,04,017,00042808,0500000US04017,04017,Navajo,06,25770094249.000000000000000,24078111.000000000000000,25758,0,0,17159,67
115,1092,06,097,01657246,0500000US06097,06097,Sonoma,06,4081450561.000000000000000,497495823.000000000000000,4069,0,0,1,0
116,1093,06,065,00277297,0500000US06065,06065,Riverside,06,18664542308.000000000000000,250588224.000000000000000,18934,0,0,586,3
117,1101,26,003,01622944,0500000US26003,26003,Alger,06,2369911333.000000000000000,10703533792.000000000000000,2538,0,0,0,0
118,1106,30,019,01637566,0500000US30019,30019,Daniels,06,3693365374.000000000000000,1021697.000000000000000,3699,0,0,588,16
119,1116,30,009,01720111,0500000US30009,30009,Carbon,06,5303530750.000000000000000,35410727.000000000000000,5363,0,0,7,0
120,1117,31,173,00835908,0500000US31173,31173,Thurston,06,1019377255.000000000000000,6458661.000000000000000,1039,0,0,1030,99
121,1118,35,006,00933051,0500000US35006,35006,Cibola,06,11758240020.000000000000000,5819738.000000000000000,11738,0,0,4254,36
122,1120,42,123,01213691,0500000US42123,42123,Warren,06,2289914225.000000000000000,37352304.000000000000000,2364,0,0,0,0
123,1122,01,101,00161577,0500000US01101,01101,Montgomery,06,2033764493.000000000000000,37997545.000000000000000,2073,0,0,0,0
124,1124,56,003,01605067,0500000US56003,56003,Big Horn,06,8123500143.000000000000000,56402796.000000000000000,8055,0,0,1,0
125,1125,40,143,01101859,0500000US40143,40143,Tulsa,06,1477021879.000000000000000,43361035.000000000000000,1536,0,0,1,0
126,1128,04,021,00025447,0500000US04021,04021,Pinal,06,13897471114.000000000000000,22332471.000000000000000,13941,0,0,2852,20
127,1132,16,011,00400593,0500000US16011,16011,Bingham,06,5422887230.000000000000000,68487087.000000000000000,5495,0,0,918,17
128,1141,29,119,00758518,0500000US29119,29119,McDonald,06,1397247177.000000000000000,520251.000000000000000,1396,0,0,0,0
129,1142,30,015,01719619,0500000US30015,30015,Chouteau,06,10288824961.000000000000000,62565296.000000000000000,10341,0,0,136,1
130,1149,46,017,01265767,0500000US46017,46017,Buffalo,06,1220891600.000000000000000,42362357.000000000000000,1274,0,0,678,53
131,1155,55,005,01581062,0500000US55005,55005,Barron,06,2234461780.000000000000000,70014121.000000000000000,2302,0,0,0,0
132,1158,41,059,01156673,0500000US41059,41059,Umatilla,06,8327941915.000000000000000,41647897.000000000000000,8409,0,0,1181,14
133,1161,46,037,01265790,0500000US46037,46037,Day,06,2662165809.000000000000000,163751130.000000000000000,2827,0,0,268,9
134,1169,40,043,01101809,0500000US40043,40043,Dewey,06,2588642249.000000000000000,22679881.000000000000000,2615,0,0,40,2
135,1171,38,029,01035615,0500000US38029,38029,Emmons,06,3912007898.000000000000000,115480697.000000000000000,4035,0,0,13,0
136,1175,06,073,00277301,0500000US06073,06073,San Diego,06,10898787530.000000000000000,822557348.000000000000000,11049,0,0,514,5
137,1176,08,007,00198119,0500000US08007,08007,Archuleta,06,3496731609.000000000000000,13720776.000000000000000,3524,0,0,1032,29
138,1183,04,009,00025444,0500000US04009,04009,Graham,06,11972778533.000000000000000,47436491.000000000000000,11991,0,0,4372,36
139,1184,06,029,02054176,0500000US06029,06029,Kern,06,21062393794.000000000000000,78770534.000000000000000,21122,0,0,4,0
140,1187,12,051,00307626,0500000US12051,12051,Hendry,06,2994620710.000000000000000,87035817.000000000000000,3089,0,0,174,6
141,1193,41,045,01135858,0500000US41045,41045,Malheur,06,25608869178.000000000000000,109173277.000000000000000,25684,0,0,74,0
142,1198,12,043,00295743,0500000US12043,12043,Glades,06,2089270942.000000000000000,466758592.000000000000000,2549,0,0,148,6
143,1208,23,019,00581295,0500000US23019,23019,Penobscot,06,8798662789.000000000000000,414019982.000000000000000,9239,0,0,215,2
144,1214,38,105,01035306,0500000US38105,38105,Williams,06,5381129960.000000000000000,182522236.000000000000000,5545,0,0,27,0
145,1223,53,053,01529159,0500000US53053,53053,Pierce,06,4320445281.000000000000000,355666719.000000000000000,4687,0,0,89,2
146,1226,53,027,01531823,0500000US53027,53027,Grays Harbor,06,4924343838.000000000000000,834767680.000000000000000,5225,0,0,800,15
147,1227,55,051,01581085,0500000US55051,55051,Iron,06,1963699135.000000000000000,416924547.000000000000000,2087,0,0,85,4
148,1234,06,043,00277286,0500000US06043,06043,Mariposa,06,3752472156.000000000000000,36225644.000000000000000,3787,0,0,3,0
149,1248,16,009,00395190,0500000US16009,16009,Benewah,06,2012070462.000000000000000,18975652.000000000000000,2017,0,0,947,47
150,1255,27,071,00659481,0500000US27071,27071,Koochiching,06,8039819178.000000000000000,129002560.000000000000000,8172,0,0,452,6
151,1256,30,029,01719611,0500000US30029,30029,Flathead,06,13175679131.000000000000000,437280390.000000000000000,13605,0,0,120,1
152,1258,35,055,00933056,0500000US35055,35055,Taos,06,5704119046.000000000000000,3383126.000000000000000,5689,0,0,465,8
153,1259,36,029,00974113,0500000US36029,36029,Erie,06,2700590735.000000000000000,476948860.000000000000000,2745,0,0,70,3
154,1261,41,041,01135856,0500000US41041,41041,Lincoln,06,2539209521.000000000000000,554669104.000000000000000,2587,0,0,16,1
155,1267,55,031,01581075,0500000US55031,55031,Douglas,06,3377709531.000000000000000,454636088.000000000000000,3475,0,0,1,0
156,1274,27,005,00659448,0500000US27005,27005,Becker,06,3406166398.000000000000000,336840617.000000000000000,3724,0,0,1136,31
157,1281,32,015,00863368,0500000US32015,32015,Lander,06,14219341058.000000000000000,76104322.000000000000000,14287,0,0,3,0
158,1287,38,005,01034216,0500000US38005,38005,Benson,06,3596568808.000000000000000,131708144.000000000000000,3674,0,0,785,21
159,1288,40,039,01101807,0500000US40039,40039,Custer,06,2561032754.000000000000000,34321688.000000000000000,2600,0,0,46,2
160,1289,41,005,01155127,0500000US41005,41005,Clackamas,06,4845049025.000000000000000,31834351.000000000000000,4913,0,0,57,1
161,1290,41,061,01164165,0500000US41061,41061,Union,06,5275597066.000000000000000,4989941.000000000000000,5225,0,0,4,0
162,1291,46,029,01265791,0500000US46029,46029,Codington,06,1780837027.000000000000000,76608850.000000000000000,1853,0,0,148,8
163,1292,46,117,01266998,0500000US46117,46117,Stanley,06,3741060714.000000000000000,188383669.000000000000000,3942,0,0,149,4
164,1296,53,045,01529221,0500000US53045,53045,Mason,06,2484806998.000000000000000,237381766.000000000000000,2710,0,0,28,1
165,1299,46,031,01265811,0500000US46031,46031,Corson,06,6396478456.000000000000000,155287099.000000000000000,6543,0,0,6498,99
166,1308,55,078,01581099,0500000US55078,55078,Menominee,06,926201674.000000000000000,19038372.000000000000000,947,0,0,945,100
167,1316,35,031,00929107,0500000US35031,35031,McKinley,06,14116799310.000000000000000,14078537.000000000000000,14156,0,0,8513,60
168,1317,26,027,01622956,0500000US26027,26027,Cass,06,1269334177.000000000000000,47180840.000000000000000,1322,0,0,0,0
169,1326,30,041,01720048,0500000US30041,30041,Hill,06,7508815856.000000000000000,44701996.000000000000000,7536,0,0,334,4
170,1328,22,009,00558424,0500000US22009,22009,Avoyelles,15,2155855604.000000000000000,86365500.000000000000000,2248,0,0,1,0
171,1331,06,025,00277277,0500000US06025,06025,Imperial,06,10817291631.000000000000000,790230304.000000000000000,11589,0,0,234,2
172,1332,06,017,00277273,0500000US06017,06017,El Dorado,06,4423290535.000000000000000,203328338.000000000000000,4634,0,0,1,0
173,1343,36,063,00974130,0500000US36063,36063,Niagara,06,1352887116.000000000000000,1598842827.000000000000000,1387,0,0,25,2
174,1345,40,013,01101794,0500000US40013,40013,Bryan,06,2342528103.000000000000000,102267324.000000000000000,2409,0,0,0,0
175,1346,41,015,01155129,0500000US41015,41015,Curry,06,4217568363.000000000000000,934534728.000000000000000,4246,0,0,0,0
176,1351,49,023,01455158,0500000US49023,49023,Juab,06,8784407434.000000000000000,36542088.000000000000000,8860,0,0,154,2
177,1377,35,053,01702371,0500000US35053,35053,Socorro,06,17214061674.000000000000000,4843011.000000000000000,17222,0,0,458,3
178,1378,26,051,01622968,0500000US26051,26051,Gladwin,06,1299662664.000000000000000,36635214.000000000000000,1351,0,0,0,0
179,1379,36,037,00974117,0500000US36037,36037,Genesee,06,1276698028.000000000000000,6142605.000000000000000,1294,0,0,24,2
180,1399,46,075,01266981,0500000US46075,46075,Jones,06,2511453379.000000000000000,3147180.000000000000000,2492,0,0,9,0
181,1400,48,485,01384028,0500000US48485,48485,Wichita,06,1625943418.000000000000000,13820243.000000000000000,1640,0,0,1,0
182,1409,30,105,01678923,0500000US30105,30105,Valley,06,12758538566.000000000000000,351470610.000000000000000,13177,0,0,2915,22
183,1423,16,069,00399394,0500000US16069,16069,Nez Perce,06,2197056674.000000000000000,21339031.000000000000000,2197,0,0,1058,48
184,1426,30,035,01719607,0500000US30035,30035,Glacier,06,7756795340.000000000000000,106093201.000000000000000,7864,0,0,5561,71
185,1431,38,071,01034215,0500000US38071,38071,Ramsey,06,3074174337.000000000000000,295182394.000000000000000,3351,0,0,11,0
186,1432,38,061,01035307,0500000US38061,38061,Mountrail,06,4727469721.000000000000000,301107657.000000000000000,5022,0,0,1083,22
187,1433,38,055,01034232,0500000US38055,38055,McLean,06,5466428300.000000000000000,563112245.000000000000000,5997,0,0,1197,20
188,1435,53,075,01533501,0500000US53075,53075,Whitman,06,5592428648.000000000000000,48281266.000000000000000,5657,0,0,0,0
189,1446,22,003,00558397,0500000US22003,22003,Allen,15,1973083800.000000000000000,10634064.000000000000000,2007,0,0,3,0
190,1448,27,095,00659493,0500000US27095,27095,Mille Lacs,06,1482348668.000000000000000,282998978.000000000000000,1794,0,0,10,1
191,1451,35,028,01702366,0500000US35028,35028,Los Alamos,06,282821648.000000000000000,229869.000000000000000,319,0,0,12,4
192,1454,46,041,01266994,0500000US46041,46041,Dewey,06,5963430685.000000000000000,369819592.000000000000000,6362,0,0,6264,98
193,1468,49,037,01448032,0500000US49037,49037,San Juan,06,20252985182.000000000000000,293755887.000000000000000,20562,0,0,5256,26
194,1470,46,071,01265794,0500000US46071,46071,Jackson,06,4827418440.000000000000000,19106241.000000000000000,4865,0,0,2757,57
195,1493,27,055,00659473,0500000US27055,27055,Houston,06,1429784922.000000000000000,43495762.000000000000000,1481,0,0,1,0
196,1503,04,001,00025441,0500000US04001,04001,Apache,06,29001298929.000000000000000,54174161.000000000000000,29091,0,0,19883,68
197,1505,04,027,00023901,0500000US04027,04027,Yuma,06,14281265651.000000000000000,13171316.000000000000000,14307,0,0,42,0
198,1508,46,021,01266974,0500000US46021,46021,Campbell,06,1900214168.000000000000000,96243697.000000000000000,1993,0,0,16,1
199,1516,35,035,00929104,0500000US35035,35035,Otero,06,17126453574.000000000000000,36946480.000000000000000,17164,0,0,1863,11
200,1519,38,085,01034208,0500000US38085,38085,Sioux,06,2833690974.000000000000000,88449900.000000000000000,2916,0,0,2850,98
201,1526,06,013,01675903,0500000US06013,06013,Contra Costa,06,1857310903.000000000000000,225193562.000000000000000,1960,0,0,0,0
202,1527,35,045,00936844,0500000US35045,35045,San Juan,06,14289427705.000000000000000,55030762.000000000000000,14344,0,0,9362,65
203,1536,16,035,00395697,0500000US16035,16035,Clearwater,06,6364399894.000000000000000,79605439.000000000000000,6402,0,0,293,5
204,1541,46,023,01266976,0500000US46023,46023,Charles Mix,06,2842481188.000000000000000,136616766.000000000000000,2936,0,0,1714,58
205,1546,46,055,01266988,0500000US46055,46055,Haakon,06,4689280303.000000000000000,42449686.000000000000000,4711,0,0,15,0
206,1566,23,007,00581289,0500000US23007,23007,Franklin,06,4395190350.000000000000000,121369621.000000000000000,4510,0,0,190,4
207,1586,46,033,01265788,0500000US46033,46033,Custer,06,4032473668.000000000000000,5481079.000000000000000,4017,0,0,0,0
208,1596,27,031,00659461,0500000US27031,27031,Cook,06,3761621396.000000000000000,4887941604.000000000000000,4222,0,0,189,4
209,1606,40,107,01101841,0500000US40107,40107,Okfuskee,06,1602086606.000000000000000,26680140.000000000000000,1657,0,0,65,4
210,1609,40,111,01101843,0500000US40111,40111,Okmulgee,06,1806123424.000000000000000,12915763.000000000000000,1818,0,0,0,0
211,1631,32,001,00858638,0500000US32001,32001,Churchill,06,12770128151.000000000000000,242405502.000000000000000,13009,0,0,201,2
212,1638,23,003,00581287,0500000US23003,23003,Aroostook,06,17278038056.000000000000000,405253238.000000000000000,17659,0,0,0,0
213,1654,06,023,01681908,0500000US06023,06023,Humboldt,06,9241251740.000000000000000,1254039383.000000000000000,9367,0,0,529,6
214,1663,41,055,01135863,0500000US41055,41055,Sherman,06,2133151552.000000000000000,19617470.000000000000000,2213,0,0,11,0
215,1669,36,089,00977309,0500000US36089,36089,St. Lawrence,06,6939259769.000000000000000,367915773.000000000000000,7337,0,0,23,0
216,1694,41,047,01135859,0500000US41047,41047,Marion,06,3057624577.000000000000000,26554204.000000000000000,3095,0,0,21,1
217,1710,55,079,01581100,0500000US55079,55079,Milwaukee,06,625439443.000000000000000,2455436199.000000000000000,624,0,0,0,0
218,1712,55,085,01581103,0500000US55085,55085,Oneida,06,2885082781.000000000000000,317622270.000000000000000,3232,0,0,3,0
219,1717,40,067,01101821,0500000US40067,40067,Jefferson,06,1965365168.000000000000000,39497494.000000000000000,2017,0,0,1,0
220,1720,40,141,01101858,0500000US40141,40141,Tillman,06,2256226760.000000000000000,20894360.000000000000000,2273,0,0,56,2
221,1728,32,510,00863219,0500000US32510,32510,Carson City,00,374669607.000000000000000,32587484.000000000000000,384,0,0,14,4
222,1737,53,049,01513274,0500000US53049,53049,Pacific,06,2415872174.000000000000000,760845734.000000000000000,2689,0,0,1,0
223,1755,26,097,01622991,0500000US26097,26097,Mackinac,06,2646602337.000000000000000,2793796394.000000000000000,3050,0,0,1,0
224,1756,41,011,01135848,0500000US41011,41011,Coos,06,4133690002.000000000000000,544752776.000000000000000,4209,0,0,27,1
225,1758,55,023,01581071,0500000US55023,55023,Crawford,06,1478001876.000000000000000,73945449.000000000000000,1547,0,0,1,0
226,1762,40,083,01101829,0500000US40083,40083,Logan,06,1926521247.000000000000000,12926653.000000000000000,1934,0,0,0,0
227,1794,56,017,01605074,0500000US56017,56017,Hot Springs,06,5190589691.000000000000000,5964358.000000000000000,5192,0,0,1084,21
228,1796,27,089,00659489,0500000US27089,27089,Marshall,06,4597384434.000000000000000,98019666.000000000000000,4688,0,0,1,0
229,1802,28,007,00695728,0500000US28007,28007,Attala,06,1903529288.000000000000000,4425860.000000000000000,1886,0,0,0,0
230,1803,44,009,01219782,0500000US44009,44009,Washington,06,852825659.000000000000000,604771644.000000000000000,979,0,0,8,1
231,1814,40,109,01101842,0500000US40109,40109,Oklahoma,06,1835846202.000000000000000,24730011.000000000000000,1861,0,0,7,0
232,1816,40,113,01101844,0500000US40113,40113,Osage,06,5818542165.000000000000000,148734982.000000000000000,5956,0,0,5884,99
233,1822,30,051,01720036,0500000US30051,30051,Liberty,06,3703639185.000000000000000,44411469.000000000000000,3735,0,0,1,0
234,1847,46,137,01266993,0500000US46137,46137,Ziebach,06,5079575456.000000000000000,24212303.000000000000000,5118,0,0,5078,99
235,1850,49,003,01455966,0500000US49003,49003,Box Elder,06,14880984762.000000000000000,2547651528.000000000000000,17405,0,0,1,0
236,1852,49,015,01448022,0500000US49015,49015,Emery,06,11557242845.000000000000000,24843848.000000000000000,11548,0,0,2,0
237,1857,40,117,01101846,0500000US40117,40117,Pawnee,06,1471527632.000000000000000,68888617.000000000000000,1539,0,0,104,7
238,1862,40,005,01101790,0500000US40005,40005,Atoka,06,2526582870.000000000000000,37283827.000000000000000,2564,0,0,0,0
239,1868,40,063,01101819,0500000US40063,40063,Hughes,06,2084026137.000000000000000,26504863.000000000000000,2108,0,0,0,0
240,1872,26,153,01623017,0500000US26153,26153,Schoolcraft,06,3033697431.000000000000000,1845664144.000000000000000,3214,0,0,0,0
241,1889,36,009,00974103,0500000US36009,36009,Cattaraugus,06,3388633499.000000000000000,36608250.000000000000000,3415,0,0,143,4
242,1899,49,045,01448036,0500000US49045,49045,Tooele,06,17979586953.000000000000000,891043654.000000000000000,18906,0,0,86,0
243,1900,48,323,01383944,0500000US48323,48323,Maverick,06,3313819221.000000000000000,31869807.000000000000000,3363,0,0,0,0
244,1902,53,009,01531341,0500000US53009,53009,Clallam,06,4503153141.000000000000000,2413877536.000000000000000,4704,0,0,120,3
245,1903,53,019,01531821,0500000US53019,53019,Ferry,06,5706360692.000000000000000,140294376.000000000000000,5849,0,0,2810,48
246,1904,53,051,01529157,0500000US53051,53051,Pend Oreille,06,3626633160.000000000000000,65385333.000000000000000,3692,0,0,19,1
247,1906,53,065,01531930,0500000US53065,53065,Stevens,06,6416413114.000000000000000,163008888.000000000000000,6555,0,0,621,9
248,1907,53,073,01529224,0500000US53073,53073,Whatcom,06,5459395487.000000000000000,1028184768.000000000000000,5830,0,0,64,1
249,1908,55,009,01581064,0500000US55009,55009,Brown,06,1372929582.000000000000000,221812520.000000000000000,1392,0,0,108,8
250,1917,37,039,01008545,0500000US37039,37039,Cherokee,06,1179401584.000000000000000,29257527.000000000000000,1211,0,0,22,2
251,1929,06,027,01804637,0500000US06027,06027,Inyo,06,26368508430.000000000000000,119088140.000000000000000,26538,0,0,23,0
252,1935,06,093,00277311,0500000US06093,06093,Siskiyou,06,16261933292.000000000000000,179149824.000000000000000,16490,0,0,7,0
253,1945,38,081,01035303,0500000US38081,38081,Sargent,06,2223531669.000000000000000,21728402.000000000000000,2239,0,0,165,7
254,1948,53,017,01531818,0500000US53017,53017,Douglas,06,4711869329.000000000000000,76507816.000000000000000,4782,0,0,11,0
255,1953,28,069,00695758,0500000US28069,28069,Kemper,06,1984403113.000000000000000,2182350.000000000000000,1984,0,0,3,0
256,1955,31,107,00835875,0500000US31107,31107,Knox,06,2870799577.000000000000000,81066532.000000000000000,2964,0,0,473,16
257,1956,32,027,00858646,0500000US32027,32027,Pershing,06,15634691937.000000000000000,79934815.000000000000000,15656,0,0,24,0
258,1960,32,019,00858645,0500000US32019,32019,Lyon,06,5183173279.000000000000000,59602530.000000000000000,5220,0,0,218,4
259,1975,46,091,01265759,0500000US46091,46091,Marshall,06,2170630077.000000000000000,124680563.000000000000000,2293,0,0,635,28
260,1987,06,009,01675885,0500000US06009,06009,Calaveras,06,2641829199.000000000000000,43797662.000000000000000,2698,0,0,0,0
261,1995,41,021,01135850,0500000US41021,41021,Gilliam,06,3120213951.000000000000000,46914718.000000000000000,3069,0,0,6,0
262,1996,38,049,01035305,0500000US38049,38049,McHenry,06,4853553119.000000000000000,97384707.000000000000000,5022,0,0,1,0
263,2003,32,021,00858644,0500000US32021,32021,Mineral,06,9719815219.000000000000000,155746682.000000000000000,9882,0,0,1000,10
264,2005,32,003,00863600,0500000US32003,32003,Clark,06,20439281450.000000000000000,438376844.000000000000000,20866,0,0,324,2
265,2062,26,047,01622966,0500000US26047,26047,Emmet,06,1210879338.000000000000000,1073480654.000000000000000,1278,0,0,0,0
266,2063,31,039,00835841,0500000US31039,31039,Cuming,06,1477641638.000000000000000,10701538.000000000000000,1489,0,0,50,3
267,2065,30,005,01722470,0500000US30005,30005,Blaine,06,10948196395.000000000000000,29079275.000000000000000,11034,0,0,2217,20
268,2068,38,053,01035299,0500000US38053,38053,McKenzie,06,7149551309.000000000000000,260198853.000000000000000,7436,0,0,419,6
269,2074,53,033,01531933,0500000US53033,53033,King,06,5478366437.000000000000000,497909625.000000000000000,5932,0,0,15,0
270,2075,28,123,00695782,0500000US28123,28123,Scott,06,1577902077.000000000000000,3001522.000000000000000,1583,0,0,0,0
271,2078,53,015,01529156,0500000US53015,53015,Cowlitz,06,2953721040.000000000000000,67320045.000000000000000,3032,0,0,0,0
272,2088,37,087,01008561,0500000US37087,37087,Haywood,06,1433738456.000000000000000,2414518.000000000000000,1413,0,0,0,0
273,2109,32,007,00857664,0500000US32007,32007,Elko,06,44468067633.000000000000000,85736268.000000000000000,44564,0,0,656,1
274,2112,35,049,00933322,0500000US35049,35049,Santa Fe,06,4941709205.000000000000000,3537550.000000000000000,4942,0,0,373,8
275,2116,27,135,00659513,0500000US27135,27135,Roseau,06,4329471930.000000000000000,16913419.000000000000000,4377,0,0,25,1
276,2118,40,041,01101808,0500000US40041,40041,Delaware,06,1911798952.000000000000000,140253641.000000000000000,2059,0,0,152,7
277,2119,49,047,01448037,0500000US49047,49047,Uintah,06,11609319530.000000000000000,56115772.000000000000000,11678,0,0,1718,15
278,2123,06,033,00277281,0500000US06033,06033,Lake,06,3254348631.000000000000000,188852161.000000000000000,3432,0,0,4,0
279,2133,53,041,01531927,0500000US53041,53041,Lewis,06,6223151001.000000000000000,86954130.000000000000000,6338,0,0,2,0
280,2136,46,009,01266997,0500000US46009,46009,Bon Homme,06,1459866820.000000000000000,46518944.000000000000000,1505,0,0,18,1
281,2142,46,059,01265783,0500000US46059,46059,Hand,06,3720897248.000000000000000,9241423.000000000000000,3709,0,0,0,0
282,2155,06,039,00277284,0500000US06039,06039,Madera,06,5534850492.000000000000000,42012923.000000000000000,5601,0,0,5,0
283,2163,30,103,01719563,0500000US30103,30103,Treasure,06,2532492080.000000000000000,17149961.000000000000000,2519,0,0,54,2
284,2166,46,065,01265774,0500000US46065,46065,Hughes,06,1920594002.000000000000000,153254264.000000000000000,2060,0,0,306,15
285,2184,41,065,01155136,0500000US41065,41065,Wasco,06,6167121090.000000000000000,35716361.000000000000000,6229,0,0,1514,24
286,2185,27,115,00659503,0500000US27115,27115,Pine,06,3655221004.000000000000000,60262765.000000000000000,3718,0,0,5,0
287,2193,56,035,01605082,0500000US56035,56035,Sublette,06,12655929146.000000000000000,127353628.000000000000000,12801,0,0,0,0
288,2197,53,077,01531929,0500000US53077,53077,Yakima,06,11122757370.000000000000000,41168172.000000000000000,11199,0,0,5027,45
289,2201,06,049,00277289,0500000US06049,06049,Modoc,06,10140960164.000000000000000,745420669.000000000000000,10884,0,0,61,1
290,2207,06,063,00277296,0500000US06063,06063,Plumas,06,6612400919.000000000000000,156387635.000000000000000,6820,0,0,1,0
291,2221,06,103,01692767,0500000US06103,06103,Tehama,06,7638228772.000000000000000,33767784.000000000000000,7667,0,0,8,0
292,2223,32,031,00858608,0500000US32031,32031,Washoe,06,16323099293.000000000000000,621146261.000000000000000,16996,0,0,1882,11
293,2226,06,113,00277321,0500000US06113,06113,Yolo,06,2628256658.000000000000000,22688556.000000000000000,2638,0,0,2,0
294,2227,26,033,01622959,0500000US26033,26033,Chippewa,06,4036522461.000000000000000,2952482167.000000000000000,4601,0,0,14,0
295,2239,49,025,01448026,0500000US49025,49025,Kane,06,10333912540.000000000000000,306169207.000000000000000,10671,0,0,3,0
296,2247,12,021,00295754,0500000US12021,12021,Collier,06,5176983078.000000000000000,792880431.000000000000000,5445,0,0,4,0
297,2255,12,011,00295753,0500000US12011,12011,Broward,06,3120024303.000000000000000,306053086.000000000000000,3164,0,0,371,12
298,2259,12,057,00295757,0500000US12057,12057,Hillsborough,06,2642602901.000000000000000,635590801.000000000000000,2972,0,0,0,0
299,2262,06,051,00277290,0500000US06051,06051,Mono,06,7896838493.000000000000000,214695673.000000000000000,8110,0,0,5,0
300,2269,46,085,01265789,0500000US46085,46085,Lyman,06,4253139895.000000000000000,167659051.000000000000000,4434,0,0,899,20
301,2271,55,115,01581117,0500000US55115,55115,Shawano,06,2313442856.000000000000000,41883375.000000000000000,2356,0,0,189,8
302,2272,06,083,00277306,0500000US06083,06083,Santa Barbara,06,7084000622.000000000000000,2729814515.000000000000000,7377,0,0,0,0
303,2274,23,025,00581298,0500000US23025,23025,Somerset,06,10164120486.000000000000000,437867472.000000000000000,10610,0,0,106,1
304,2276,41,019,01135849,0500000US41019,41019,Douglas,06,13042299249.000000000000000,252000831.000000000000000,13100,0,0,3,0
305,2280,16,077,00394951,0500000US16077,16077,Power,06,3635879902.000000000000000,99218111.000000000000000,3726,0,0,664,18
306,2290,55,095,01581108,0500000US55095,55095,Polk,06,2367400716.000000000000000,109704318.000000000000000,2484,0,0,4,0
307,2299,12,086,00295755,0500000US12086,12086,Miami-Dade,06,4917514967.000000000000000,1379206478.000000000000000,5415,0,0,3,0
308,2304,16,073,00399760,0500000US16073,16073,Owyhee,06,19860561623.000000000000000,74125616.000000000000000,19899,0,0,589,3
309,2306,19,133,00465255,0500000US19133,19133,Monona,06,1797637874.000000000000000,12592242.000000000000000,1796,0,0,13,1
310,2307,20,043,00484991,0500000US20043,20043,Doniphan,06,1019094906.000000000000000,12434954.000000000000000,1079,0,0,5,0
311,2309,16,049,00395699,0500000US16049,16049,Idaho,06,21956596295.000000000000000,67553776.000000000000000,22121,0,0,760,3
312,2311,45,091,01248019,0500000US45091,45091,York,06,1763165632.000000000000000,39248969.000000000000000,1805,0,0,3,0
313,2312,27,077,00659483,0500000US27077,27077,Lake of the Woods,06,3361462398.000000000000000,1247519338.000000000000000,4620,0,0,444,10
314,2313,38,079,01034228,0500000US38079,38079,Rolette,06,2338953786.000000000000000,93938154.000000000000000,2432,0,0,283,12
315,2314,30,011,01688746,0500000US30011,30011,Carter,06,8651792773.000000000000000,19503321.000000000000000,8739,0,0,3,0
316,2316,27,127,00659509,0500000US27127,27127,Redwood,06,2275500535.000000000000000,8220933.000000000000000,2309,0,0,7,0
317,2317,55,007,01581063,0500000US55007,55007,Bayfield,06,3827691502.000000000000000,1460289843.000000000000000,3967,0,0,58,1
318,2318,55,003,01581061,0500000US55003,55003,Ashland,06,2706535135.000000000000000,3230651989.000000000000000,2725,0,0,476,17
319,2319,55,013,01581066,0500000US55013,55013,Burnett,06,2127825031.000000000000000,151944424.000000000000000,2290,0,0,5,0
320,2332,26,089,01622987,0500000US26089,26089,Leelanau,06,899206779.000000000000000,5659140425.000000000000000,1187,0,0,1,0
321,2333,41,025,01135852,0500000US41025,41025,Harney,06,26248071434.000000000000000,241568256.000000000000000,26512,0,0,49,0
322,2372,36,031,00974114,0500000US36031,36031,Essex,06,4646734755.000000000000000,316368965.000000000000000,4948,0,0,0,0
323,2373,40,147,01101861,0500000US40147,40147,Washington,06,1076019752.000000000000000,22829398.000000000000000,1093,0,0,1,0
324,2378,35,043,00929113,0500000US35043,35043,Sandoval,06,9609139504.000000000000000,10854361.000000000000000,9592,0,0,3234,34
325,2400,55,053,01581086,0500000US55053,55053,Jackson,06,2558240018.000000000000000,32985363.000000000000000,2604,0,0,3,0
326,2401,56,013,01605072,0500000US56013,56013,Fremont,06,23784954724.000000000000000,213202754.000000000000000,24020,0,0,8055,34
327,2402,27,137,00662850,0500000US27137,27137,St. Louis,06,16181092598.000000000000000,1584976832.000000000000000,17560,0,0,291,2
328,2403,30,083,01715338,0500000US30083,30083,Richland,06,5398268971.000000000000000,49652120.000000000000000,5452,0,0,20,0
329,2406,32,013,00863310,0500000US32013,32013,Humboldt,06,24969533279.000000000000000,44196979.000000000000000,25000,0,0,120,0
330,2414,31,021,00835832,0500000US31021,31021,Burt,06,1273201346.000000000000000,14186271.000000000000000,1298,0,0,10,1
331,2421,26,055,01622970,0500000US26055,26055,Grand Traverse,06,1202639650.000000000000000,354756663.000000000000000,1458,0,0,0,0
332,2423,49,051,01448039,0500000US49051,49051,Wasatch,06,3048467979.000000000000000,79114523.000000000000000,3104,0,0,13,0
333,2429,53,067,01529226,0500000US53067,53067,Thurston,06,1871173425.000000000000000,133711607.000000000000000,1988,0,0,11,1
334,2441,53,039,01529219,0500000US53039,53039,Klickitat,06,4847516021.000000000000000,84930620.000000000000000,4944,0,0,631,13
335,2449,31,031,00835837,0500000US31031,31031,Cherry,06,15436697272.000000000000000,127623807.000000000000000,15618,0,0,7,0
336,2455,06,089,01682610,0500000US06089,06089,Shasta,06,9778230094.000000000000000,186479466.000000000000000,9973,0,0,7,0
337,2456,30,111,01719558,0500000US30111,30111,Yellowstone,06,6820738870.000000000000000,39856668.000000000000000,6883,0,0,952,14
338,2462,30,089,01719578,0500000US30089,30089,Sanders,06,7149403319.000000000000000,76395973.000000000000000,7155,0,0,1851,26
339,2467,49,007,01448018,0500000US49007,49007,Carbon,06,3831067724.000000000000000,15844443.000000000000000,3866,0,0,19,0
340,2470,41,053,01135862,0500000US41053,41053,Polk,06,1918983329.000000000000000,8153115.000000000000000,1933,0,0,1,0
341,2473,04,019,00025446,0500000US04019,04019,Pima,06,23794788865.000000000000000,5259325.000000000000000,23795,0,0,10048,42
342,2478,55,063,01581091,0500000US55063,55063,La Crosse,06,1170076495.000000000000000,73110306.000000000000000,1235,0,0,1,0
343,2479,04,015,00025445,0500000US04015,04015,Mohave,06,34475503964.000000000000000,387344307.000000000000000,34876,0,0,2351,7
344,2482,40,123,01101849,0500000US40123,40123,Pontotoc,06,1865885740.000000000000000,12421415.000000000000000,1894,0,0,0,0
345,2484,01,051,00161551,0500000US01051,01051,Elmore,06,1601762124.000000000000000,99965171.000000000000000,1725,0,0,0,0
346,2485,22,059,00558049,0500000US22059,22059,LaSalle,15,1617924843.000000000000000,97664776.000000000000000,1703,0,0,0,0
347,2486,46,069,01266984,0500000US46069,46069,Hyde,06,2228778417.000000000000000,14541547.000000000000000,2265,0,0,225,10
348,2488,06,069,00277299,0500000US06069,06069,San Benito,06,3596588882.000000000000000,4721397.000000000000000,3580,0,0,1,0
349,2502,41,035,01155134,0500000US41035,41035,Klamath,06,15391613763.000000000000000,503712593.000000000000000,15946,0,0,3,0
350,2503,12,111,00308372,0500000US12111,12111,St. Lucie,06,1480655532.000000000000000,300844721.000000000000000,1594,0,0,0,0
351,2511,28,099,00695772,0500000US28099,28099,Neshoba,06,1476641123.000000000000000,3830971.000000000000000,1482,0,0,59,4
352,2521,06,071,00277300,0500000US06071,06071,San Bernardino,06,51948123813.000000000000000,123845007.000000000000000,52077,0,0,258,0
353,2524,40,033,01101804,0500000US40033,40033,Cotton,06,1638566730.000000000000000,24095321.000000000000000,1632,0,0,143,9
354,2525,23,029,00581300,0500000US23029,23029,Washington,06,6637326498.000000000000000,1800003936.000000000000000,7701,0,0,174,2
355,2528,40,071,01101823,0500000US40071,40071,Kay,06,2382077972.000000000000000,65369682.000000000000000,2448,0,0,63,3
356,2536,04,005,00025443,0500000US04005,04005,Coconino,06,48222181220.000000000000000,110085803.000000000000000,48335,0,0,18481,38
357,2541,16,055,00395661,0500000US16055,16055,Kootenai,06,3205258021.000000000000000,185023431.000000000000000,3390,0,0,432,13
358,2547,06,105,00277317,0500000US06105,06105,Trinity,06,8234265086.000000000000000,73407949.000000000000000,8256,0,0,4,0
359,2554,23,021,00581296,0500000US23021,23021,Piscataquis,06,10259016062.000000000000000,1080049539.000000000000000,11358,0,0,20,0
360,2556,53,007,01531932,0500000US53007,53007,Chelan,06,7565788660.000000000000000,189679746.000000000000000,7702,0,0,1,0
361,2581,20,019,00484979,0500000US20019,20019,Chautauqua,06,1654694139.000000000000000,15243783.000000000000000,1671,0,0,1,0
362,2595,48,141,01383855,0500000US48141,48141,El Paso,06,2624144579.000000000000000,5443740.000000000000000,2622,0,0,0,0
363,2596,49,019,01448024,0500000US49019,49019,Grand,06,9512361722.000000000000000,31552277.000000000000000,9551,0,0,802,8
364,2597,53,043,01514052,0500000US53043,53043,Lincoln,06,5984258952.000000000000000,75428245.000000000000000,6065,0,0,23,0
365,2598,28,067,00695757,0500000US28067,28067,Jones,06,1799558905.000000000000000,12676802.000000000000000,1811,0,0,1,0
366,2599,30,073,01719587,0500000US30073,30073,Pondera,06,4207608379.000000000000000,43980663.000000000000000,4251,0,0,647,15
367,2600,32,023,00863599,0500000US32023,32023,Nye,06,47090938928.000000000000000,43207981.000000000000000,47101,0,0,34,0
368,2607,41,043,01135857,0500000US41043,41043,Linn,06,5923493230.000000000000000,50497756.000000000000000,5977,0,0,0,0
369,2613,55,113,01581116,0500000US55113,55113,Sawyer,06,3256422227.000000000000000,240678258.000000000000000,3504,0,0,332,9
370,2614,38,063,01034217,0500000US38063,38063,Nelson,06,2542787677.000000000000000,70033883.000000000000000,2629,0,0,3,0
371,2616,26,061,01622973,0500000US26061,26061,Houghton,06,2613557367.000000000000000,1275355802.000000000000000,2719,0,0,0,0
372,2618,55,041,01581080,0500000US55041,55041,Forest,06,2626878499.000000000000000,83594186.000000000000000,2700,0,0,58,2
373,2621,53,047,01531928,0500000US53047,53047,Okanogan,06,13639309300.000000000000000,120452753.000000000000000,13739,0,0,2688,20
374,2625,09,011,00212799,0500000US09011,09011,New London,06,1722708285.000000000000000,276666169.000000000000000,1819,0,0,7,0
375,2626,06,003,01675840,0500000US06003,06003,Alpine,06,1912292631.000000000000000,12557304.000000000000000,1932,0,0,3,0
376,2631,40,073,01101824,0500000US40073,40073,Kingfisher,06,2326224060.000000000000000,20348781.000000000000000,2348,0,0,8,0
377,2641,26,111,01622998,0500000US26111,26111,Midland,06,1337100078.000000000000000,30591264.000000000000000,1365,0,0,0,0
378,2648,06,109,00277319,0500000US06109,06109,Tuolumne,06,5752079368.000000000000000,138722711.000000000000000,5902,0,0,1,0
379,2650,06,045,00277287,0500000US06045,06045,Mendocino,06,9081426673.000000000000000,962946204.000000000000000,9178,0,0,252,3
380,2655,31,015,00835829,0500000US31015,31015,Boyd,06,1398425584.000000000000000,11890320.000000000000000,1415,0,0,3,0
381,2672,30,087,01716795,0500000US30087,30087,Rosebud,06,12971010170.000000000000000,44234236.000000000000000,13028,0,0,1047,8
382,2674,27,061,00659476,0500000US27061,27061,Itasca,06,6907775594.000000000000000,675388758.000000000000000,7598,0,0,1293,17
383,2681,06,011,01675902,0500000US06011,06011,Colusa,06,2980332860.000000000000000,14608869.000000000000000,3020,0,0,4,0
384,2686,46,109,01265786,0500000US46109,46109,Roberts,06,2851702831.000000000000000,89947545.000000000000000,2936,0,0,2341,80
385,2689,31,161,00835902,0500000US31161,31161,Sheridan,06,6321833793.000000000000000,74941797.000000000000000,6323,0,0,14,0
386,2690,06,015,01682074,0500000US06015,06015,Del Norte,06,2606117992.000000000000000,578742645.000000000000000,2612,0,0,70,3
387,2697,30,063,01719596,0500000US30063,30063,Missoula,06,6715966294.000000000000000,64482586.000000000000000,6752,0,0,443,7
388,2704,38,023,01034234,0500000US38023,38023,Divide,06,3265315042.000000000000000,86629398.000000000000000,3345,0,0,3,0
389,2705,49,053,01448040,0500000US49053,49053,Washington,06,6285757433.000000000000000,9061293.000000000000000,6281,0,0,112,2
390,2722,16,005,00395091,0500000US16005,16005,Bannock,06,2881317883.000000000000000,92094662.000000000000000,2993,0,0,486,16
391,2726,40,103,01101839,0500000US40103,40103,Noble,06,1895593648.000000000000000,27552185.000000000000000,1935,0,0,100,5
392,2728,27,049,00659470,0500000US27049,27049,Goodhue,06,1960231247.000000000000000,61007223.000000000000000,2012,0,0,4,0
393,2731,26,109,01622997,0500000US26109,26109,Menominee,06,2704072756.000000000000000,761779246.000000000000000,2740,0,0,17,1
394,2744,29,087,00758498,0500000US29087,29087,Holt,06,1198369598.000000000000000,19839056.000000000000000,1200,0,0,0,0
395,2746,37,099,01008566,0500000US37099,37099,Jackson,06,1272156138.000000000000000,9781460.000000000000000,1282,0,0,86,7
396,2758,27,029,00659460,0500000US27029,27029,Clearwater,06,2587409023.000000000000000,79744538.000000000000000,2689,0,0,1259,47
397,2759,20,091,00485010,0500000US20091,20091,Johnson,06,1226262480.000000000000000,16736159.000000000000000,1257,0,0,0,0
398,2774,28,101,00695773,0500000US28101,28101,Newton,06,1496636739.000000000000000,4525334.000000000000000,1504,0,0,14,1
399,2775,01,099,00161576,0500000US01099,01099,Monroe,06,2656517454.000000000000000,22609680.000000000000000,2668,0,0,0,0
400,2791,26,053,01622969,0500000US26053,26053,Gogebic,06,2854517985.000000000000000,970153168.000000000000000,2960,0,0,0,0
401,2793,04,007,00040471,0500000US04007,04007,Gila,06,12323146398.000000000000000,97119865.000000000000000,12430,0,0,4723,38
402,2798,46,107,01265761,0500000US46107,46107,Potter,06,2230356770.000000000000000,97171992.000000000000000,2318,0,0,7,0
403,2800,27,139,00659514,0500000US27139,27139,Scott,06,922693644.000000000000000,31374929.000000000000000,953,0,0,3,0
404,2811,35,003,00929108,0500000US35003,35003,Catron,06,17933560026.000000000000000,14194439.000000000000000,17952,0,0,45,0
405,2827,36,033,00974115,0500000US36033,36033,Franklin,06,4219632482.000000000000000,176707575.000000000000000,4338,0,0,26,1
406,2837,46,015,01265768,0500000US46015,46015,Brule,06,2116643860.000000000000000,75721265.000000000000000,2204,0,0,3,0
407,2842,40,149,01101862,0500000US40149,40149,Washita,06,2598189859.000000000000000,14579002.000000000000000,2605,0,0,30,1
408,2854,06,035,01693324,0500000US06035,06035,Lassen,06,11761615611.000000000000000,463426050.000000000000000,12214,0,0,2,0
409,2856,30,071,01720023,0500000US30071,30071,Phillips,06,13313706952.000000000000000,185563449.000000000000000,13441,0,0,550,4
410,2862,46,043,01266978,0500000US46043,46043,Douglas,06,1118358767.000000000000000,4832944.000000000000000,1149,0,0,26,2
411,2868,28,059,00695753,0500000US28059,28059,Jackson,06,1872033050.000000000000000,830368430.000000000000000,1988,0,0,0,0
412,2886,55,139,01581129,0500000US55139,55139,Winnebago,06,1125258751.000000000000000,373232751.000000000000000,1500,0,0,0,0
413,2890,41,071,01135866,0500000US41071,41071,Yamhill,06,1854169174.000000000000000,6491586.000000000000000,1860,0,0,41,2
414,2902,26,073,01622979,0500000US26073,26073,Isabella,06,1483229495.000000000000000,12959299.000000000000000,1500,0,0,564,38
415,2909,46,123,01265784,0500000US46123,46123,Tripp,06,4176247355.000000000000000,13272785.000000000000000,4193,0,0,373,9
416,2911,48,373,01383972,0500000US48373,48373,Polk,06,2737733230.000000000000000,136271619.000000000000000,2829,0,0,18,1
417,2915,16,057,00395613,0500000US16057,16057,Latah,06,2786482704.000000000000000,2370320.000000000000000,2808,0,0,12,0
418,2921,40,021,01101798,0500000US40021,40021,Cherokee,06,1940958254.000000000000000,69624105.000000000000000,2014,0,0,0,0
419,2922,38,013,01034235,0500000US38013,38013,Burke,06,2858266385.000000000000000,65700367.000000000000000,2924,0,0,1,0
420,2929,06,061,00277295,0500000US06061,06061,Placer,06,3644244131.000000000000000,246575767.000000000000000,3910,0,0,0,0
421,2950,26,025,01622955,0500000US26025,26025,Calhoun,06,1829198151.000000000000000,31268858.000000000000000,1864,0,0,0,0
422,2966,46,053,01265765,0500000US46053,46053,Gregory,06,2628707523.000000000000000,99900775.000000000000000,2728,0,0,118,4
423,2969,38,001,01034210,0500000US38001,38001,Adams,06,2557960600.000000000000000,2833854.000000000000000,2564,0,0,2,0
424,2972,31,043,00835843,0500000US31043,31043,Dakota,06,684416197.000000000000000,8199748.000000000000000,684,0,0,0,0
425,2987,30,003,01716521,0500000US30003,30003,Big Horn,06,12942465259.000000000000000,49210403.000000000000000,12929,0,0,9098,70
426,2989,30,085,01669428,0500000US30085,30085,Roosevelt,06,6097970108.000000000000000,37765673.000000000000000,6090,0,0,4455,73
427,2997,27,023,00659457,0500000US27023,27023,Chippewa,06,1505064475.000000000000000,17233195.000000000000000,1507,0,0,0,0
428,3003,27,087,00659488,0500000US27087,27087,Mahnomen,06,1444886580.000000000000000,64851262.000000000000000,1509,0,0,1507,100
429,3008,53,035,01529223,0500000US53035,53035,Kitsap,06,1023306116.000000000000000,442189824.000000000000000,1458,0,0,35,2
430,3015,28,079,00695763,0500000US28079,28079,Leake,06,1509662463.000000000000000,6411187.000000000000000,1515,0,0,9,1
431,3019,06,007,01675842,0500000US06007,06007,Butte,06,4238438196.000000000000000,105310997.000000000000000,4365,0,0,1,0
432,3031,53,057,01531402,0500000US53057,53057,Skagit,06,4481040001.000000000000000,484058876.000000000000000,4773,0,0,30,1
433,3033,06,019,00277274,0500000US06019,06019,Fresno,06,15431410219.000000000000000,137339029.000000000000000,15501,0,0,8,0
434,3043,27,065,00659478,0500000US27065,27065,Kanabec,06,1350910899.000000000000000,31322650.000000000000000,1376,0,0,0,0
435,3056,06,005,01675841,0500000US06005,06005,Amador,06,1539933576.000000000000000,29470568.000000000000000,1559,0,0,1,0
436,3081,04,012,00043540,0500000US04012,04012,La Paz,06,11653980557.000000000000000,36567994.000000000000000,11676,0,0,935,8
437,3085,06,091,00277310,0500000US06091,06091,Sierra,06,2468694586.000000000000000,23299110.000000000000000,2501,0,0,1,0
438,3091,49,021,01448025,0500000US49021,49021,Iron,06,8537474409.000000000000000,11390956.000000000000000,8562,0,0,10,0
439,3104,37,173,01008588,0500000US37173,37173,Swain,06,1366812262.000000000000000,32414382.000000000000000,1417,0,0,95,7
440,3105,40,081,01101828,0500000US40081,40081,Lincoln,06,2466490647.000000000000000,34606636.000000000000000,2496,0,0,29,1
441,3114,35,007,00929117,0500000US35007,35007,Colfax,06,9733110215.000000000000000,26299618.000000000000000,9761,0,0,2,0
442,3117,56,033,01605081,0500000US56033,56033,Sheridan,06,6535475121.000000000000000,7986323.000000000000000,6592,0,0,5,0
443,3119,04,013,00037026,0500000US04013,04013,Maricopa,06,23825875275.000000000000000,64310266.000000000000000,23863,0,0,1114,5
444,3132,38,077,01035302,0500000US38077,38077,Richland,06,3718608511.000000000000000,25035912.000000000000000,3759,0,0,112,3
445,3147,46,093,01266991,0500000US46093,46093,Meade,06,8989706542.000000000000000,30712698.000000000000000,9038,0,0,6,0
446,3148,38,027,01034222,0500000US38027,38027,Eddy,06,1632134148.000000000000000,36114199.000000000000000,1679,0,0,203,12
447,3149,25,007,00606930,0500000US25007,25007,Dukes,06,267309256.000000000000000,1004275270.000000000000000,442,0,0,2,0
448,3157,55,073,01581096,0500000US55073,55073,Marathon,06,4001465174.000000000000000,81219897.000000000000000,4086,0,0,1,0
449,3162,40,137,01101856,0500000US40137,40137,Stephens,06,2253930695.000000000000000,54690951.000000000000000,2307,0,0,14,1
450,3169,46,129,01266973,0500000US46129,46129,Walworth,06,1835347958.000000000000000,93215243.000000000000000,1926,0,0,4,0
451,3170,08,067,00198148,0500000US08067,08067,La Plata,06,4376522002.000000000000000,25375721.000000000000000,4393,0,0,1777,40
452,3177,16,029,00395406,0500000US16029,16029,Caribou,06,4569240963.000000000000000,89216874.000000000000000,4637,0,0,148,3
453,3180,04,025,00042809,0500000US04025,04025,Yavapai,06,21039796372.000000000000000,11501575.000000000000000,21043,0,0,11,0
454,3186,38,059,01034207,0500000US38059,38059,Morton,06,4988626570.000000000000000,50054878.000000000000000,5029,0,0,11,0
455,3206,40,119,01101847,0500000US40119,40119,Payne,06,1773393745.000000000000000,31771425.000000000000000,1811,0,0,48,3
456,3214,32,005,00858643,0500000US32005,32005,Douglas,06,1838170316.000000000000000,72317570.000000000000000,1944,0,0,363,19