FID,FID_cb_201,STATEFP,COUNTYFP,COUNTYNS,AFFGEOID,GEOID,NAME,LSAD,ALAND,AWATER,CountyArea,FID_PADUS_,Id,BLM_Area,Proportion
0,9,16,065,00394803,0500000US16065,16065,Madison,06,1215396379.000000000000000,10500827.000000000000000,1219,0,0,70,6
1,30,08,045,00198138,0500000US08045,08045,Garfield,06,7634095739.000000000000000,21408198.000000000000000,7638,0,0,2661,35
2,33,31,145,00835894,0500000US31145,31145,Red Willow,06,1856984023.000000000000000,2643458.000000000000000,1853,0,0,1,0
3,44,38,043,01034206,0500000US38043,38043,Kidder,06,3499507647.000000000000000,211725374.000000000000000,3653,0,0,0,0
4,50,55,141,01581130,0500000US55141,55141,Wood,06,2053928984.000000000000000,42054151.000000000000000,2096,0,0,0,0
5,52,55,099,01581110,0500000US55099,55099,Price,06,3247805080.000000000000000,62281745.000000000000000,3308,0,0,0,0
6,54,35,057,00929112,0500000US35057,35057,Torrance,06,8664074710.000000000000000,2303485.000000000000000,8666,0,0,65,1
7,68,16,053,00395662,0500000US16053,16053,Jerome,06,1547386409.000000000000000,13152108.000000000000000,1580,0,0,555,35
8,80,55,069,01581094,0500000US55069,55069,Lincoln,06,2276114436.000000000000000,72463206.000000000000000,2342,0,0,0,0
9,83,08,119,00198175,0500000US08119,08119,Teller,06,1442734233.000000000000000,4944578.000000000000000,1458,0,0,102,7
10,87,16,041,00395585,0500000US16041,16041,Franklin,06,1717209197.000000000000000,12155421.000000000000000,1753,0,0,61,3
11,134,55,049,01581084,0500000US55049,55049,Iowa,06,1975379853.000000000000000,13870296.000000000000000,1992,0,0,1,0
12,145,08,081,00198156,0500000US08081,08081,Moffat,06,12284943876.000000000000000,19803412.000000000000000,12305,0,0,6143,50
13,153,35,019,00929111,0500000US35019,35019,Guadalupe,06,7847071878.000000000000000,2888161.000000000000000,7859,0,0,200,3
14,163,55,027,01581073,0500000US55027,55027,Dodge,06,2267979574.000000000000000,81401509.000000000000000,2339,0,0,0,0
15,165,55,011,01581065,0500000US55011,55011,Buffalo,06,1739529649.000000000000000,98310686.000000000000000,1830,0,0,0,0
16,170,27,153,00659521,0500000US27153,27153,Todd,06,2447451028.000000000000000,89444026.000000000000000,2526,0,0,0,0
17,180,55,105,01581113,0500000US55105,55105,Rock,06,1859979851.000000000000000,20695904.000000000000000,1878,0,0,0,0
18,182,08,087,00198159,0500000US08087,08087,Morgan,06,3316441507.000000000000000,34663099.000000000000000,3365,0,0,3,0
19,195,55,047,01581083,0500000US55047,55047,Green Lake,06,904711548.000000000000000,79805895.000000000000000,998,0,0,0,0
20,197,49,013,01448021,0500000US49013,49013,Duchesne,06,8379502703.000000000000000,38797815.000000000000000,8388,0,0,839,10
21,209,41,027,01155131,0500000US41027,41027,Hood River,06,1352203450.000000000000000,29040461.000000000000000,1346,0,0,1,0
22,219,41,003,01155126,0500000US41003,41003,Benton,06,1748712527.000000000000000,7740249.000000000000000,1746,0,0,237,14
23,229,27,035,00659463,0500000US27035,27035,Crow Wing,06,2585785629.000000000000000,409661410.000000000000000,3057,0,0,0,0
24,236,05,109,00069173,0500000US05109,05109,Pike,06,1555599952.000000000000000,34989238.000000000000000,1579,0,0,0,0
25,241,31,075,00835859,0500000US31075,31075,Grant,06,2010410702.000000000000000,18130867.000000000000000,2030,0,0,0,0
26,245,16,025,00399408,0500000US16025,16025,Camas,06,2782253889.000000000000000,11548052.000000000000000,2819,0,0,498,18
27,248,38,057,01034233,0500000US38057,38057,Mercer,06,2701236315.000000000000000,180102277.000000000000000,2908,0,0,1,0
28,251,38,065,01034205,0500000US38065,38065,Oliver,06,1871296135.000000000000000,22476236.000000000000000,1887,0,0,0,0
29,255,16,083,00399334,0500000US16083,16083,Twin Falls,06,4977213745.000000000000000,18063174.000000000000000,4967,0,0,2116,43
30,258,55,087,01581104,0500000US55087,55087,Outagamie,06,1651321050.000000000000000,18205949.000000000000000,1668,0,0,0,0
31,293,31,027,00835835,0500000US31027,31027,Cedar,06,1917219988.000000000000000,14513825.000000000000000,1922,0,0,0,0
32,297,55,055,01581087,0500000US55055,55055,Jefferson,06,1441198727.000000000000000,68095317.000000000000000,1506,0,0,0,0
33,312,46,103,01266995,0500000US46103,46103,Pennington,06,7191808178.000000000000000,19906989.000000000000000,7219,0,0,66,1
34,323,49,005,01448017,0500000US49005,49005,Cache,06,3016670856.000000000000000,21097698.000000000000000,3037,0,0,1,0
35,324,27,079,00659485,0500000US27079,27079,Le Sueur,06,1162055133.000000000000000,65130232.000000000000000,1218,0,0,0,0
36,331,55,107,01581114,0500000US55107,55107,Rusk,06,2366092049.000000000000000,44813688.000000000000000,2407,0,0,1,0
37,336,41,067,01155137,0500000US41067,41067,Washington,06,1875846816.000000000000000,6127010.000000000000000,1878,0,0,49,3
38,342,41,031,01155132,0500000US41031,41031,Jefferson,06,4615975255.000000000000000,26213922.000000000000000,4615,0,0,169,4
39,349,16,051,00399751,0500000US16051,16051,Jefferson,06,2832617277.000000000000000,31168379.000000000000000,2852,0,0,778,27
40,351,31,091,00835867,0500000US31091,31091,Hooker,06,1867796192.000000000000000,882994.000000000000000,1868,0,0,1,0
41,359,31,087,00835865,0500000US31087,31087,Hitchcock,06,1838742723.000000000000000,22103380.000000000000000,1861,0,0,0,0
42,365,35,021,00933055,0500000US35021,35021,Harding,06,5504963090.000000000000000,1162620.000000000000000,5525,0,0,1,0
43,366,27,151,00659520,0500000US27151,27151,Swift,06,1921870987.000000000000000,26208987.000000000000000,1943,0,0,0,0
44,367,55,067,01581093,0500000US55067,55067,Langlade,06,2254971901.000000000000000,44403904.000000000000000,2283,0,0,0,0
45,368,31,157,00835900,0500000US31157,31157,Scotts Bluff,06,1915079274.000000000000000,15397684.000000000000000,1933,0,0,0,0
46,369,35,041,01702369,0500000US35041,35041,Roosevelt,06,6335224660.000000000000000,18697914.000000000000000,6352,0,0,21,0
47,370,27,097,00659494,0500000US27097,27097,Morrison,06,2913973124.000000000000000,73283119.000000000000000,2972,0,0,0,0
48,375,56,045,01605086,0500000US56045,56045,Weston,06,6210804109.000000000000000,5225498.000000000000000,6200,0,0,303,5
49,381,27,057,00659474,0500000US27057,27057,Hubbard,06,2398071535.000000000000000,190599026.000000000000000,2577,0,0,1,0
50,382,38,101,01034231,0500000US38101,38101,Ward,06,5214059942.000000000000000,110820843.000000000000000,5308,0,0,1,0
51,384,27,001,00663198,0500000US27001,27001,Aitkin,06,4718271444.000000000000000,449535492.000000000000000,5130,0,0,0,0
52,388,01,021,00161536,0500000US01021,01021,Chilton,06,1794478905.000000000000000,20590301.000000000000000,1839,0,0,0,0
53,407,08,105,00198168,0500000US08105,08105,Rio Grande,06,2361956102.000000000000000,984295.000000000000000,2370,0,0,221,9
54,433,27,093,00659492,0500000US27093,27093,Meeker,06,1575108557.000000000000000,94852453.000000000000000,1677,0,0,0,0
55,435,08,091,00198161,0500000US08091,08091,Ouray,06,1402719352.000000000000000,1599543.000000000000000,1360,0,0,95,7
56,438,16,027,00399406,0500000US16027,16027,Canyon,06,1520439790.000000000000000,43128953.000000000000000,1566,0,0,39,2
57,443,27,121,00659506,0500000US27121,27121,Pope,06,1734134611.000000000000000,123231111.000000000000000,1858,0,0,0,0
58,449,55,083,01581102,0500000US55083,55083,Oconto,06,2583464874.000000000000000,392038134.000000000000000,2670,0,0,0,0
59,450,55,125,01581122,0500000US55125,55125,Vilas,06,2221447085.000000000000000,414426793.000000000000000,2607,0,0,0,0
60,462,12,121,00295729,0500000US12121,12121,Suwannee,06,1783341106.000000000000000,9594316.000000000000000,1796,0,0,0,0
61,463,53,031,01531936,0500000US53031,53031,Jefferson,06,4671790710.000000000000000,994835543.000000000000000,4949,0,0,0,0
62,465,56,041,01605084,0500000US56041,56041,Uinta,06,5391911952.000000000000000,16345637.000000000000000,5406,0,0,1940,36
63,488,38,083,01034203,0500000US38083,38083,Sheridan,06,2518459184.000000000000000,86143152.000000000000000,2630,0,0,1,0
64,507,16,061,00395622,0500000US16061,16061,Lewis,06,1240137223.000000000000000,2345525.000000000000000,1252,0,0,11,1
65,512,55,043,01581081,0500000US55043,55043,Grant,06,2970364997.000000000000000,94558771.000000000000000,3073,0,0,0,0
66,525,08,043,00198137,0500000US08043,08043,Fremont,06,3970664546.000000000000000,2235374.000000000000000,3966,0,0,1423,36
67,537,31,071,00835857,0500000US31071,31071,Garfield,06,1474558345.000000000000000,5321554.000000000000000,1481,0,0,0,0
68,556,30,091,01677577,0500000US30091,30091,Sheridan,06,4340307007.000000000000000,75071798.000000000000000,4412,0,0,1,0
69,558,12,005,00295738,0500000US12005,12005,Bay,06,1964404472.000000000000000,711449254.000000000000000,2304,0,0,1,0
70,564,31,063,00835853,0500000US31063,31063,Frontier,06,2524180462.000000000000000,14212842.000000000000000,2529,0,0,0,0
71,576,27,111,00659501,0500000US27111,27111,Otter Tail,06,5107436184.000000000000000,654101087.000000000000000,5787,0,0,0,0
72,590,41,023,01135851,0500000US41023,41023,Grant,06,11726927790.000000000000000,1893807.000000000000000,11703,0,0,703,6
73,600,04,011,00042807,0500000US04011,04011,Greenlee,06,4770701078.000000000000000,13750461.000000000000000,4807,0,0,659,14
74,602,01,055,00161553,0500000US01055,01055,Etowah,06,1386383039.000000000000000,34559412.000000000000000,1395,0,0,0,0
75,609,31,123,00835883,0500000US31123,31123,Morrill,06,3687723999.000000000000000,15598670.000000000000000,3753,0,0,1,0
76,616,38,069,01034230,0500000US38069,38069,Pierce,06,2637787590.000000000000000,165445738.000000000000000,2801,0,0,0,0
77,618,05,141,00069904,0500000US05141,05141,Van Buren,06,1838200422.000000000000000,37692771.000000000000000,1860,0,0,1,0
78,626,48,301,01383936,0500000US48301,48301,Loving,06,1732059386.000000000000000,20151852.000000000000000,1765,0,0,0,0
79,632,46,019,01265793,0500000US46019,46019,Butte,06,5827518214.000000000000000,42730886.000000000000000,5866,0,0,588,10
80,642,32,029,00858642,0500000US32029,32029,Storey,06,680962190.000000000000000,1871089.000000000000000,689,0,0,66,10
81,687,01,121,00161586,0500000US01121,01121,Talladega,06,1908251622.000000000000000,60931665.000000000000000,1988,0,0,0,0
82,697,48,165,01383868,0500000US48165,48165,Gaines,06,3891105276.000000000000000,1262946.000000000000000,3891,0,0,0,0
83,705,06,087,00277308,0500000US06087,06087,Santa Cruz,06,1152967426.000000000000000,419570389.000000000000000,1133,0,0,24,2
84,709,55,001,01581060,0500000US55001,55001,Adams,06,1672140731.000000000000000,108432130.000000000000000,1750,0,0,0,0
85,712,38,011,01035619,0500000US38011,38011,Bowman,06,3009306320.000000000000000,13587978.000000000000000,3030,0,0,134,4
86,713,06,031,00277280,0500000US06031,06031,Kings,06,3598593366.000000000000000,5453080.000000000000000,3593,0,0,40,1
87,730,46,102,01266992,0500000US46102,46102,Oglala Lakota,06,5422404947.000000000000000,7126155.000000000000000,5427,0,0,0,0
88,734,08,033,00198132,0500000US08033,08033,Dolores,06,2763958520.000000000000000,2716141.000000000000000,2779,0,0,368,13
89,755,32,011,00858640,0500000US32011,32011,Eureka,06,10814958250.000000000000000,11082875.000000000000000,10893,0,0,8012,74
90,771,49,041,01448034,0500000US49041,49041,Sevier,06,4948000005.000000000000000,20260738.000000000000000,4950,0,0,826,17
91,773,55,045,01581082,0500000US55045,55045,Green,06,1512664667.000000000000000,1315749.000000000000000,1518,0,0,0,0
92,774,32,009,00858641,0500000US32009,32009,Esmeralda,06,9277050041.000000000000000,18552011.000000000000000,9290,0,0,8735,94
93,779,55,019,01581069,0500000US55019,55019,Clark,06,3133093098.000000000000000,23242138.000000000000000,3157,0,0,0,0
94,781,08,013,00198122,0500000US08013,08013,Boulder,06,1881281634.000000000000000,36521204.000000000000000,1883,0,0,13,1
95,799,27,119,00659505,0500000US27119,27119,Polk,06,5105067510.000000000000000,69169913.000000000000000,5167,0,0,0,0
96,802,32,033,00858615,0500000US32033,32033,White Pine,06,22985104192.000000000000000,54678877.000000000000000,22992,0,0,18237,79
97,821,16,017,00395158,0500000US16017,16017,Bonner,06,4488460265.000000000000000,479480478.000000000000000,4970,0,0,49,1
98,826,30,101,01719566,0500000US30101,30101,Toole,06,4959868816.000000000000000,78026225.000000000000000,5039,0,0,111,2
99,828,55,111,01581115,0500000US55111,55111,Sauk,06,2153665639.000000000000000,45713371.000000000000000,2197,0,0,0,0
100,842,56,021,01605075,0500000US56021,56021,Laramie,06,6956482527.000000000000000,4273816.000000000000000,6959,0,0,36,1
101,843,56,019,01609191,0500000US56019,56019,Johnson,06,10759208728.000000000000000,52947545.000000000000000,10835,0,0,2039,19
102,859,27,141,00659515,0500000US27141,27141,Sherburne,06,1121229505.000000000000000,46967228.000000000000000,1165,0,0,0,0
103,861,49,027,01448027,0500000US49027,49027,Millard,06,17106839735.000000000000000,600835682.000000000000000,17678,0,0,12179,69
104,865,38,037,01035300,0500000US38037,38037,Grant,06,4297180181.000000000000000,17563262.000000000000000,4339,0,0,2,0
105,871,08,041,00198135,0500000US08041,08041,El Paso,06,5508502469.000000000000000,7099036.000000000000000,5498,0,0,23,0
106,880,16,021,00395159,0500000US16021,16021,Boundary,06,3285990181.000000000000000,24160674.000000000000000,3309,0,0,18,1
107,884,56,001,01605066,0500000US56001,56001,Albany,06,11070455501.000000000000000,89161368.000000000000000,11159,0,0,1196,11
108,886,08,027,00198129,0500000US08027,08027,Custer,06,1913031958.000000000000000,3364151.000000000000000,1921,0,0,54,3
109,890,41,033,01155133,0500000US41033,41033,Josephine,06,4244087614.000000000000000,5629244.000000000000000,4256,0,0,1213,29
110,891,46,105,01266990,0500000US46105,46105,Perkins,06,7434503583.000000000000000,50539581.000000000000000,7482,0,0,33,0
111,895,53,023,01533500,0500000US53023,53023,Garfield,06,1841054914.000000000000000,19294817.000000000000000,1876,0,0,1,0
112,899,06,085,00277307,0500000US06085,06085,Santa Clara,06,3344209919.000000000000000,33276429.000000000000000,3405,0,0,7,0
113,902,31,111,00835877,0500000US31111,31111,Lincoln,06,6640952057.000000000000000,28570547.000000000000000,6652,0,0,0,0
114,915,06,021,00277275,0500000US06021,06021,Glenn,06,3403149421.000000000000000,33704225.000000000000000,3398,0,0,19,1
115,916,05,129,00069180,0500000US05129,05129,Searcy,06,1725176973.000000000000000,6256687.000000000000000,1734,0,0,2,0
116,919,16,013,00395696,0500000US16013,16013,Blaine,06,6831709855.000000000000000,44656291.000000000000000,6874,0,0,2412,35
117,920,16,085,00399756,0500000US16085,16085,Valley,06,9492623106.000000000000000,177058013.000000000000000,9702,0,0,9,0
118,921,35,051,01702370,0500000US35051,35051,Sierra,06,10828937018.000000000000000,147987561.000000000000000,10980,0,0,3129,28
119,923,35,001,01702363,0500000US35001,35001,Bernalillo,06,3007310205.000000000000000,16190430.000000000000000,3028,0,0,28,1
120,925,22,079,00559460,0500000US22079,22079,Rapides,15,3413632347.000000000000000,113043381.000000000000000,3494,0,0,1,0
121,931,35,027,00929116,0500000US35027,35027,Lincoln,06,12512530204.000000000000000,554703.000000000000000,12512,0,0,2106,17
122,933,38,025,01035623,0500000US38025,38025,Dunn,06,5201888569.000000000000000,190575791.000000000000000,5445,0,0,61,1
123,937,49,035,01448031,0500000US49035,49035,Salt Lake,06,1921906751.000000000000000,164903351.000000000000000,2104,0,0,7,0
124,939,53,061,01529222,0500000US53061,53061,Snohomish,06,5404083801.000000000000000,282887163.000000000000000,5740,0,0,1,0
125,954,27,021,00659456,0500000US27021,27021,Cass,06,5235576788.000000000000000,1016652167.000000000000000,6254,0,0,0,0
126,955,41,039,01135855,0500000US41039,41039,Lane,06,11799215321.000000000000000,437134106.000000000000000,11981,0,0,1175,10
127,960,31,045,00835844,0500000US31045,31045,Dawes,06,3616823834.000000000000000,11921995.000000000000000,3619,0,0,0,0
128,962,04,023,00040472,0500000US04023,04023,Santa Cruz,06,3203613249.000000000000000,3088046.000000000000000,3199,0,0,55,2
129,964,05,089,00069898,0500000US05089,05089,Marion,06,1546109507.000000000000000,112285682.000000000000000,1653,0,0,1,0
130,966,08,083,00198157,0500000US08083,08083,Montezuma,06,5255937110.000000000000000,27261088.000000000000000,5286,0,0,767,15
131,974,35,039,01702368,0500000US35039,35039,Rio Arriba,06,15179716552.000000000000000,91476917.000000000000000,15246,0,0,2257,15
132,978,41,009,01135847,0500000US41009,41009,Columbia,06,1704178258.000000000000000,80260317.000000000000000,1784,0,0,42,2
133,980,49,009,01448019,0500000US49009,49009,Daggett,06,1805185918.000000000000000,61230035.000000000000000,1860,0,0,445,24
134,986,08,037,00198134,0500000US08037,08037,Eagle,06,4362804330.000000000000000,18920534.000000000000000,4404,0,0,1016,23
135,987,08,097,00198164,0500000US08097,08097,Pitkin,06,2514104933.000000000000000,6472574.000000000000000,2493,0,0,111,4
136,999,08,125,00198178,0500000US08125,08125,Yuma,06,6123763472.000000000000000,11134666.000000000000000,6160,0,0,1,0
137,1006,31,017,00835830,0500000US31017,31017,Brown,06,3163296235.000000000000000,9814399.000000000000000,3218,0,0,2,0
138,1007,31,079,00835861,0500000US31079,31079,Hall,06,1414817966.000000000000000,15229160.000000000000000,1430,0,0,0,0
139,1010,01,019,00161535,0500000US01019,01019,Cherokee,06,1434228753.000000000000000,119702920.000000000000000,1585,0,0,0,0
140,1011,55,081,01581101,0500000US55081,55081,Monroe,06,2333327981.000000000000000,18589237.000000000000000,2339,0,0,0,0
141,1019,49,055,01448041,0500000US49055,49055,Wayne,06,6374158879.000000000000000,15154124.000000000000000,6370,0,0,3616,57
142,1021,55,075,01581097,0500000US55075,55075,Marinette,06,3624558795.000000000000000,389917044.000000000000000,3699,0,0,1,0
143,1032,30,055,01716270,0500000US30055,30055,McCone,06,6843265262.000000000000000,103091384.000000000000000,7096,0,0,813,11
144,1033,22,101,01629492,0500000US22101,22101,St. Mary,15,1438845622.000000000000000,1460445312.000000000000000,2039,0,0,1,0
145,1035,16,019,00395407,0500000US16019,16019,Bonneville,06,4832874977.000000000000000,88853019.000000000000000,4905,0,0,381,8
146,1037,08,075,00198153,0500000US08075,08075,Logan,06,4761948002.000000000000000,16363553.000000000000000,4777,0,0,1,0
147,1047,30,001,01719627,0500000US30001,30001,Beaverhead,06,14355492113.000000000000000,78345297.000000000000000,14330,0,0,2690,19
148,1053,53,003,01533502,0500000US53003,53003,Asotin,06,1647443944.000000000000000,11275706.000000000000000,1648,0,0,53,3
149,1054,55,089,01581105,0500000US55089,55089,Ozaukee,06,603471584.000000000000000,2287458200.000000000000000,606,0,0,0,0
150,1057,06,107,00277318,0500000US06107,06107,Tulare,06,12494838453.000000000000000,37259234.000000000000000,12507,0,0,495,4
151,1058,08,025,00198128,0500000US08025,08025,Crowley,06,2039427875.000000000000000,33422982.000000000000000,2084,0,0,13,1
152,1060,27,015,00659453,0500000US27015,27015,Brown,06,1582659431.000000000000000,18584892.000000000000000,1609,0,0,0,0
153,1062,35,047,00929114,0500000US35047,35047,San Miguel,06,12230067556.000000000000000,51380263.000000000000000,12303,0,0,185,2
154,1071,35,061,00933052,0500000US35061,35061,Valencia,06,2762826562.000000000000000,2787804.000000000000000,2747,0,0,123,4
155,1080,55,057,01581088,0500000US55057,55057,Juneau,06,1986622513.000000000000000,98737513.000000000000000,2117,0,0,2,0
156,1084,56,029,01605079,0500000US56029,56029,Park,06,17974153917.000000000000000,65512584.000000000000000,18068,0,0,2546,14
157,1085,04,017,00042808,0500000US04017,04017,Navajo,06,25770094249.000000000000000,24078111.000000000000000,25758,0,0,359,1
158,1091,06,037,00277283,0500000US06037,06037,Los Angeles,06,10510588451.000000000000000,1794793532.000000000000000,10790,0,0,50,0
159,1092,06,097,01657246,0500000US06097,06097,Sonoma,06,4081450561.000000000000000,497495823.000000000000000,4069,0,0,32,1
160,1093,06,065,00277297,0500000US06065,06065,Riverside,06,18664542308.000000000000000,250588224.000000000000000,18934,0,0,6456,34
161,1094,12,099,00295761,0500000US12099,12099,Palm Beach,06,5092730552.000000000000000,1079713751.000000000000000,5755,0,0,0,0
162,1102,28,045,00711756,0500000US28045,28045,Hancock,06,1227560683.000000000000000,204096133.000000000000000,1270,0,0,1,0
163,1103,22,031,00558521,0500000US22031,22031,De Soto,15,2269878444.000000000000000,47049426.000000000000000,2305,0,0,0,0
164,1106,30,019,01637566,0500000US30019,30019,Daniels,06,3693365374.000000000000000,1021697.000000000000000,3699,0,0,1,0
165,1116,30,009,01720111,0500000US30009,30009,Carbon,06,5303530750.000000000000000,35410727.000000000000000,5363,0,0,894,17
166,1118,35,006,00933051,0500000US35006,35006,Cibola,06,11758240020.000000000000000,5819738.000000000000000,11738,0,0,1745,15
167,1124,56,003,01605067,0500000US56003,56003,Big Horn,06,8123500143.000000000000000,56402796.000000000000000,8055,0,0,4684,58
168,1128,04,021,00025447,0500000US04021,04021,Pinal,06,13897471114.000000000000000,22332471.000000000000000,13941,0,0,1570,11
169,1132,16,011,00400593,0500000US16011,16011,Bingham,06,5422887230.000000000000000,68487087.000000000000000,5495,0,0,1128,21
170,1142,30,015,01719619,0500000US30015,30015,Chouteau,06,10288824961.000000000000000,62565296.000000000000000,10341,0,0,449,4
171,1143,31,041,00835842,0500000US31041,31041,Custer,06,6670757281.000000000000000,932956.000000000000000,6692,0,0,0,0
172,1146,38,033,01035617,0500000US38033,38033,Golden Valley,06,2593894350.000000000000000,4147470.000000000000000,2597,0,0,10,0
173,1155,55,005,01581062,0500000US55005,55005,Barron,06,2234461780.000000000000000,70014121.000000000000000,2302,0,0,0,0
174,1158,41,059,01156673,0500000US41059,41059,Umatilla,06,8327941915.000000000000000,41647897.000000000000000,8409,0,0,89,1
175,1167,06,041,00277285,0500000US06041,06041,Marin,06,1347976832.000000000000000,797029137.000000000000000,1441,0,0,0,0
176,1172,38,075,01034229,0500000US38075,38075,Renville,06,2271556737.000000000000000,40648334.000000000000000,2276,0,0,0,0
177,1175,06,073,00277301,0500000US06073,06073,San Diego,06,10898787530.000000000000000,822557348.000000000000000,11049,0,0,764,7
178,1176,08,007,00198119,0500000US08007,08007,Archuleta,06,3496731609.000000000000000,13720776.000000000000000,3524,0,0,26,1
179,1183,04,009,00025444,0500000US04009,04009,Graham,06,11972778533.000000000000000,47436491.000000000000000,11991,0,0,2885,24
180,1184,06,029,02054176,0500000US06029,06029,Kern,06,21062393794.000000000000000,78770534.000000000000000,21122,0,0,2950,14
181,1185,08,055,00198143,0500000US08055,08055,Huerfano,06,4120756337.000000000000000,5792101.000000000000000,4157,0,0,282,7
182,1193,41,045,01135858,0500000US41045,41045,Malheur,06,25608869178.000000000000000,109173277.000000000000000,25684,0,0,18601,72
183,1201,30,043,01720045,0500000US30043,30043,Jefferson,06,4291254207.000000000000000,6605135.000000000000000,4300,0,0,375,9
184,1202,35,033,01702367,0500000US35033,35033,Mora,06,4992675873.000000000000000,6093304.000000000000000,5008,0,0,29,1
185,1211,31,115,00835879,0500000US31115,31115,Loup,06,1459513672.000000000000000,19565477.000000000000000,1483,0,0,0,0
186,1214,38,105,01035306,0500000US38105,38105,Williams,06,5381129960.000000000000000,182522236.000000000000000,5545,0,0,3,0
187,1223,53,053,01529159,0500000US53053,53053,Pierce,06,4320445281.000000000000000,355666719.000000000000000,4687,0,0,0,0
188,1226,53,027,01531823,0500000US53027,53027,Grays Harbor,06,4924343838.000000000000000,834767680.000000000000000,5225,0,0,0,0
189,1227,55,051,01581085,0500000US55051,55051,Iron,06,1963699135.000000000000000,416924547.000000000000000,2087,0,0,0,0
190,1228,55,033,01581076,0500000US55033,55033,Dunn,06,2201882935.000000000000000,35592324.000000000000000,2223,0,0,0,0
191,1230,49,057,01448042,0500000US49057,49057,Weber,06,1492520445.000000000000000,216460044.000000000000000,1722,0,0,0,0
192,1234,06,043,00277286,0500000US06043,06043,Mariposa,06,3752472156.000000000000000,36225644.000000000000000,3787,0,0,289,8
193,1235,08,103,00198167,0500000US08103,08103,Rio Blanco,06,8342275028.000000000000000,4868111.000000000000000,8354,0,0,4674,56
194,1236,12,131,00295727,0500000US12131,12131,Walton,06,2687686788.000000000000000,522848570.000000000000000,3005,0,0,0,0
195,1243,31,089,00835866,0500000US31089,31089,Holt,06,6248083634.000000000000000,13201503.000000000000000,6260,0,0,1,0
196,1245,06,081,00277305,0500000US06081,06081,San Mateo,06,1161757245.000000000000000,757313941.000000000000000,1205,0,0,0,0
197,1248,16,009,00395190,0500000US16009,16009,Benewah,06,2012070462.000000000000000,18975652.000000000000000,2017,0,0,58,3
198,1255,27,071,00659481,0500000US27071,27071,Koochiching,06,8039819178.000000000000000,129002560.000000000000000,8172,0,0,1,0
199,1258,35,055,00933056,0500000US35055,35055,Taos,06,5704119046.000000000000000,3383126.000000000000000,5689,0,0,1012,18
200,1261,41,041,01135856,0500000US41041,41041,Lincoln,06,2539209521.000000000000000,554669104.000000000000000,2587,0,0,82,3
201,1265,53,029,01513272,0500000US53029,53029,Island,06,539709170.000000000000000,800155316.000000000000000,1017,0,0,0,0
202,1267,55,031,01581075,0500000US55031,55031,Douglas,06,3377709531.000000000000000,454636088.000000000000000,3475,0,0,0,0
203,1276,31,093,00835868,0500000US31093,31093,Howard,06,1474578440.000000000000000,16199404.000000000000000,1487,0,0,0,0
204,1277,30,079,01715847,0500000US30079,30079,Prairie,06,4497780202.000000000000000,15092932.000000000000000,4490,0,0,1805,40
205,1278,30,065,01719593,0500000US30065,30065,Musselshell,06,4840577752.000000000000000,7118682.000000000000000,4827,0,0,407,8
206,1281,32,015,00863368,0500000US32015,32015,Lander,06,14219341058.000000000000000,76104322.000000000000000,14287,0,0,10786,75
207,1282,41,069,01135865,0500000US41069,41069,Wheeler,06,4444476933.000000000000000,1241033.000000000000000,4488,0,0,572,13
208,1289,41,005,01155127,0500000US41005,41005,Clackamas,06,4845049025.000000000000000,31834351.000000000000000,4913,0,0,309,6
209,1290,41,061,01164165,0500000US41061,41061,Union,06,5275597066.000000000000000,4989941.000000000000000,5225,0,0,24,0
210,1292,46,117,01266998,0500000US46117,46117,Stanley,06,3741060714.000000000000000,188383669.000000000000000,3942,0,0,64,2
211,1296,53,045,01529221,0500000US53045,53045,Mason,06,2484806998.000000000000000,237381766.000000000000000,2710,0,0,0,0
212,1298,56,037,01609192,0500000US56037,56037,Sweetwater,06,27005738206.000000000000000,166246301.000000000000000,27112,0,0,17733,65
213,1302,56,025,01605077,0500000US56025,56025,Natrona,06,13831948351.000000000000000,90949279.000000000000000,13901,0,0,5752,41
214,1306,55,127,01581123,0500000US55127,55127,Walworth,06,1438141978.000000000000000,55217124.000000000000000,1493,0,0,0,0
215,1307,53,011,01531820,0500000US53011,53011,Clark,06,1627728322.000000000000000,70264672.000000000000000,1680,0,0,0,0
216,1314,56,009,01605070,0500000US56009,56009,Converse,06,11020250155.000000000000000,26204242.000000000000000,11046,0,0,529,5
217,1316,35,031,00929107,0500000US35031,35031,McKinley,06,14116799310.000000000000000,14078537.000000000000000,14156,0,0,1000,7
218,1326,30,041,01720048,0500000US30041,30041,Hill,06,7508815856.000000000000000,44701996.000000000000000,7536,0,0,59,1
219,1330,06,111,00277320,0500000US06111,06111,Ventura,06,4773302741.000000000000000,946030569.000000000000000,4910,0,0,11,0
220,1331,06,025,00277277,0500000US06025,06025,Imperial,06,10817291631.000000000000000,790230304.000000000000000,11589,0,0,5031,43
221,1332,06,017,00277273,0500000US06017,06017,El Dorado,06,4423290535.000000000000000,203328338.000000000000000,4634,0,0,93,2
222,1346,41,015,01155129,0500000US41015,41015,Curry,06,4217568363.000000000000000,934534728.000000000000000,4246,0,0,273,6
223,1347,41,057,01135864,0500000US41057,41057,Tillamook,06,2855122944.000000000000000,595798838.000000000000000,2911,0,0,195,7
224,1351,49,023,01455158,0500000US49023,49023,Juab,06,8784407434.000000000000000,36542088.000000000000000,8860,0,0,5833,66
225,1358,06,059,00277294,0500000US06059,06059,Orange,06,2048392529.000000000000000,406915886.000000000000000,2055,0,0,0,0
226,1376,31,009,00835827,0500000US31009,31009,Blaine,06,1840674086.000000000000000,9443894.000000000000000,1847,0,0,1,0
227,1377,35,053,01702371,0500000US35053,35053,Socorro,06,17214061674.000000000000000,4843011.000000000000000,17222,0,0,3724,22
228,1382,08,121,00198176,0500000US08121,08121,Washington,06,6521806786.000000000000000,15207400.000000000000000,6509,0,0,1,0
229,1392,30,025,01688745,0500000US30025,30025,Fallon,06,4197205007.000000000000000,5915331.000000000000000,4215,0,0,482,11
230,1394,55,091,01581106,0500000US55091,55091,Pepin,06,600892978.000000000000000,43242987.000000000000000,656,0,0,0,0
231,1397,31,165,00835904,0500000US31165,31165,Sioux,06,5352538105.000000000000000,1872668.000000000000000,5371,0,0,7,0
232,1409,30,105,01678923,0500000US30105,30105,Valley,06,12758538566.000000000000000,351470610.000000000000000,13177,0,0,4097,31
233,1411,30,023,01719617,0500000US30023,30023,Deer Lodge,06,1907999319.000000000000000,12199471.000000000000000,1942,0,0,24,1
234,1423,16,069,00399394,0500000US16069,16069,Nez Perce,06,2197056674.000000000000000,21339031.000000000000000,2197,0,0,109,5
235,1424,26,083,01622984,0500000US26083,26083,Keweenaw,06,1398883253.000000000000000,14053673397.000000000000000,1657,0,0,2,0
236,1426,30,035,01719607,0500000US30035,30035,Glacier,06,7756795340.000000000000000,106093201.000000000000000,7864,0,0,4,0
237,1429,41,051,01135861,0500000US41051,41051,Multnomah,06,1116597726.000000000000000,88213123.000000000000000,1201,0,0,17,1
238,1432,38,061,01035307,0500000US38061,38061,Mountrail,06,4727469721.000000000000000,301107657.000000000000000,5022,0,0,2,0
239,1433,38,055,01034232,0500000US38055,38055,McLean,06,5466428300.000000000000000,563112245.000000000000000,5997,0,0,1,0
240,1435,53,075,01533501,0500000US53075,53075,Whitman,06,5592428648.000000000000000,48281266.000000000000000,5657,0,0,37,1
241,1438,08,059,00198145,0500000US08059,08059,Jefferson,06,1979380402.000000000000000,25428019.000000000000000,1990,0,0,1,0
242,1447,30,039,01719605,0500000US30039,30039,Granite,06,4473328965.000000000000000,14546368.000000000000000,4468,0,0,148,3
243,1448,27,095,00659493,0500000US27095,27095,Mille Lacs,06,1482348668.000000000000000,282998978.000000000000000,1794,0,0,0,0
244,1460,49,017,01448023,0500000US49017,49017,Garfield,06,13403572555.000000000000000,85610784.000000000000000,13477,0,0,6031,45
245,1462,49,049,01448038,0500000US49049,49049,Utah,06,5189271229.000000000000000,364277381.000000000000000,5506,0,0,414,8
246,1466,53,063,01529225,0500000US53063,53063,Spokane,06,4568458718.000000000000000,43434957.000000000000000,4620,0,0,8,0
247,1468,49,037,01448032,0500000US49037,49037,San Juan,06,20252985182.000000000000000,293755887.000000000000000,20562,0,0,8414,41
248,1470,46,071,01265794,0500000US46071,46071,Jackson,06,4827418440.000000000000000,19106241.000000000000000,4865,0,0,1,0
249,1475,22,069,00558108,0500000US22069,22069,Natchitoches,15,3243341073.000000000000000,121033890.000000000000000,3380,0,0,1,0
250,1483,06,053,00277291,0500000US06053,06053,Monterey,06,8496680819.000000000000000,1270736099.000000000000000,8616,0,0,152,2
251,1486,48,229,01383900,0500000US48229,48229,Hudspeth,06,11837605523.000000000000000,2189943.000000000000000,11851,0,0,2,0
252,1497,35,059,00929115,0500000US35059,35059,Union,06,9903868964.000000000000000,18464199.000000000000000,9928,0,0,1,0
253,1503,04,001,00025441,0500000US04001,04001,Apache,06,29001298929.000000000000000,54174161.000000000000000,29091,0,0,400,1
254,1505,04,027,00023901,0500000US04027,04027,Yuma,06,14281265651.000000000000000,13171316.000000000000000,14307,0,0,1939,14
255,1511,38,015,01035614,0500000US38015,38015,Burleigh,06,4228239131.000000000000000,92618423.000000000000000,4390,0,0,0,0
256,1512,46,063,01265792,0500000US46063,46063,Harding,06,6919334579.000000000000000,16956320.000000000000000,6933,0,0,121,2
257,1516,35,035,00929104,0500000US35035,35035,Otero,06,17126453574.000000000000000,36946480.000000000000000,17164,0,0,6218,36
258,1519,38,085,01034208,0500000US38085,38085,Sioux,06,2833690974.000000000000000,88449900.000000000000000,2916,0,0,0,0
259,1526,06,013,01675903,0500000US06013,06013,Contra Costa,06,1857310903.000000000000000,225193562.000000000000000,1960,0,0,0,0
260,1527,35,045,00936844,0500000US35045,35045,San Juan,06,14289427705.000000000000000,55030762.000000000000000,14344,0,0,3451,24
261,1529,16,045,00395442,0500000US16045,16045,Gem,06,1449792319.000000000000000,12495804.000000000000000,1465,0,0,289,20
262,1530,16,075,00394896,0500000US16075,16075,Payette,06,1053857311.000000000000000,8870733.000000000000000,1077,0,0,264,25
263,1532,16,079,01702379,0500000US16079,16079,Shoshone,06,6830709342.000000000000000,14151673.000000000000000,6877,0,0,227,3
264,1536,16,035,00395697,0500000US16035,16035,Clearwater,06,6364399894.000000000000000,79605439.000000000000000,6402,0,0,13,0
265,1539,16,087,00399757,0500000US16087,16087,Washington,06,3762870366.000000000000000,53228012.000000000000000,3826,0,0,891,23
266,1542,06,099,00277314,0500000US06099,06099,Stanislaus,06,3874634688.000000000000000,46384540.000000000000000,3933,0,0,5,0
267,1546,46,055,01266988,0500000US46055,46055,Haakon,06,4689280303.000000000000000,42449686.000000000000000,4711,0,0,10,0
268,1585,32,017,00863992,0500000US32017,32017,Lincoln,06,27540342244.000000000000000,9802713.000000000000000,27569,0,0,22554,82
269,1586,46,033,01265788,0500000US46033,46033,Custer,06,4032473668.000000000000000,5481079.000000000000000,4017,0,0,15,0
270,1591,31,019,00835831,0500000US31019,31019,Buffalo,06,2507344546.000000000000000,18927907.000000000000000,2531,0,0,0,0
271,1594,53,059,01529220,0500000US53059,53059,Skamania,06,4294875666.000000000000000,73344946.000000000000000,4336,0,0,1,0
272,1595,41,013,01155128,0500000US41013,41013,Crook,06,7715298889.000000000000000,21091929.000000000000000,7732,0,0,2054,27
273,1596,27,031,00659461,0500000US27031,27031,Cook,06,3761621396.000000000000000,4887941604.000000000000000,4222,0,0,0,0
274,1601,30,075,01719584,0500000US30075,30075,Powder River,06,8542288902.000000000000000,1565958.000000000000000,8619,0,0,1030,12
275,1603,41,029,01135853,0500000US41029,41029,Jackson,06,7208499985.000000000000000,46860048.000000000000000,7247,0,0,1856,26
276,1605,16,023,00401703,0500000US16023,16023,Butte,06,5792509562.000000000000000,5260331.000000000000000,5841,0,0,2101,36
277,1610,30,033,01716058,0500000US30033,30033,Garfield,06,12112233301.000000000000000,446864348.000000000000000,12486,0,0,2005,16
278,1614,30,049,00793926,0500000US30049,30049,Lewis and Clark,06,8957160027.000000000000000,101500820.000000000000000,9076,0,0,317,3
279,1631,32,001,00858638,0500000US32001,32001,Churchill,06,12770128151.000000000000000,242405502.000000000000000,13009,0,0,8066,62
280,1643,30,053,01720038,0500000US30053,30053,Lincoln,06,9356348235.000000000000000,161596376.000000000000000,9521,0,0,0,0
281,1646,30,099,01720018,0500000US30099,30099,Teton,06,5883425292.000000000000000,52657849.000000000000000,5932,0,0,76,1
282,1654,06,023,01681908,0500000US06023,06023,Humboldt,06,9241251740.000000000000000,1254039383.000000000000000,9367,0,0,391,4
283,1663,41,055,01135863,0500000US41055,41055,Sherman,06,2133151552.000000000000000,19617470.000000000000000,2213,0,0,217,10
284,1670,05,005,00069895,0500000US05005,05005,Baxter,06,1435438032.000000000000000,84171993.000000000000000,1528,0,0,0,0
285,1671,35,025,01702365,0500000US35025,35025,Lea,06,11373741670.000000000000000,8469171.000000000000000,11385,0,0,1711,15
286,1672,26,141,01623013,0500000US26141,26141,Presque Isle,06,1706070003.000000000000000,4957327100.000000000000000,1796,0,0,0,0
287,1692,41,037,01135854,0500000US41037,41037,Lake,06,21078875989.000000000000000,568514572.000000000000000,21625,0,0,10540,49
288,1694,41,047,01135859,0500000US41047,41047,Marion,06,3057624577.000000000000000,26554204.000000000000000,3095,0,0,84,3
289,1696,16,067,00394807,0500000US16067,16067,Minidoka,06,1960659281.000000000000000,13928460.000000000000000,1954,0,0,647,33
290,1710,55,079,01581100,0500000US55079,55079,Milwaukee,06,625439443.000000000000000,2455436199.000000000000000,624,0,0,0,0
291,1712,55,085,01581103,0500000US55085,55085,Oneida,06,2885082781.000000000000000,317622270.000000000000000,3232,0,0,0,0
292,1715,08,019,00198125,0500000US08019,08019,Clear Creek,06,1023560263.000000000000000,3274894.000000000000000,1016,0,0,0,0
293,1723,08,047,00198139,0500000US08047,08047,Gilpin,06,388228996.000000000000000,942056.000000000000000,408,0,0,3,1
294,1725,01,003,00161527,0500000US01003,01003,Baldwin,06,4117605847.000000000000000,1133109409.000000000000000,4372,0,0,0,0
295,1728,32,510,00863219,0500000US32510,32510,Carson City,00,374669607.000000000000000,32587484.000000000000000,384,0,0,156,41
296,1731,08,011,00198121,0500000US08011,08011,Bent,06,3918303427.000000000000000,73093229.000000000000000,4010,0,0,6,0
297,1734,30,107,01719560,0500000US30107,30107,Wheatland,06,3684208406.000000000000000,13010925.000000000000000,3686,0,0,5,0
298,1737,53,049,01513274,0500000US53049,53049,Pacific,06,2415872174.000000000000000,760845734.000000000000000,2689,0,0,0,0
299,1747,31,085,00835864,0500000US31085,31085,Hayes,06,1846821514.000000000000000,570786.000000000000000,1859,0,0,0,0
300,1752,08,061,00198146,0500000US08061,08061,Kiowa,06,4578603605.000000000000000,47032919.000000000000000,4626,0,0,33,1
301,1753,08,065,00198149,0500000US08065,08065,Lake,06,976215870.000000000000000,18111565.000000000000000,1024,0,0,79,8
302,1754,08,071,00198151,0500000US08071,08071,Las Animas,06,12361852569.000000000000000,6929970.000000000000000,12354,0,0,34,0
303,1756,41,011,01135848,0500000US41011,41011,Coos,06,4133690002.000000000000000,544752776.000000000000000,4209,0,0,659,16
304,1757,08,109,00198170,0500000US08109,08109,Saguache,06,8206547707.000000000000000,4454510.000000000000000,8205,0,0,1365,17
305,1758,55,023,01581071,0500000US55023,55023,Crawford,06,1478001876.000000000000000,73945449.000000000000000,1547,0,0,0,0
306,1771,53,037,01531926,0500000US53037,53037,Kittitas,06,5949976954.000000000000000,92436005.000000000000000,6076,0,0,65,1
307,1774,08,051,00198141,0500000US08051,08051,Gunnison,06,8389338065.000000000000000,53067068.000000000000000,8427,0,0,1521,18
308,1787,05,023,00066983,0500000US05023,05023,Cleburne,06,1434168142.000000000000000,98893718.000000000000000,1536,0,0,0,0
309,1794,56,017,01605074,0500000US56017,56017,Hot Springs,06,5190589691.000000000000000,5964358.000000000000000,5192,0,0,1974,38
310,1805,05,033,00069161,0500000US05033,05033,Crawford,06,1531188224.000000000000000,31076498.000000000000000,1581,0,0,0,0
311,1818,41,017,01155130,0500000US41017,41017,Deschutes,06,7815563218.000000000000000,94755758.000000000000000,7922,0,0,1963,25
312,1820,04,003,00025442,0500000US04003,04003,Cochise,06,15966166113.000000000000000,137024922.000000000000000,16120,0,0,1597,10
313,1822,30,051,01720036,0500000US30051,30051,Liberty,06,3703639185.000000000000000,44411469.000000000000000,3735,0,0,31,1
314,1834,27,085,00659491,0500000US27085,27085,McLeod,06,1272940264.000000000000000,36370228.000000000000000,1310,0,0,0,0
315,1835,35,005,01702364,0500000US35005,35005,Chaves,06,15713841748.000000000000000,20545303.000000000000000,15715,0,0,4777,30
316,1850,49,003,01455966,0500000US49003,49003,Box Elder,06,14880984762.000000000000000,2547651528.000000000000000,17405,0,0,4364,25
317,1852,49,015,01448022,0500000US49015,49015,Emery,06,11557242845.000000000000000,24843848.000000000000000,11548,0,0,8328,72
318,1874,31,057,00835850,0500000US31057,31057,Dundy,06,2381956152.000000000000000,3046330.000000000000000,2389,0,0,0,0
319,1882,29,029,00758469,0500000US29029,29029,Camden,06,1699090933.000000000000000,136351829.000000000000000,1764,0,0,0,0
320,1891,30,067,01720027,0500000US30067,30067,Park,06,7258393601.000000000000000,27856467.000000000000000,7283,0,0,33,0
321,1898,30,109,01696629,0500000US30109,30109,Wibaux,06,2301488703.000000000000000,1756846.000000000000000,2298,0,0,111,5
322,1899,49,045,01448036,0500000US49045,49045,Tooele,06,17979586953.000000000000000,891043654.000000000000000,18906,0,0,7719,41
323,1902,53,009,01531341,0500000US53009,53009,Clallam,06,4503153141.000000000000000,2413877536.000000000000000,4704,0,0,0,0
324,1903,53,019,01531821,0500000US53019,53019,Ferry,06,5706360692.000000000000000,140294376.000000000000000,5849,0,0,34,1
325,1904,53,051,01529157,0500000US53051,53051,Pend Oreille,06,3626633160.000000000000000,65385333.000000000000000,3692,0,0,7,0
326,1905,53,055,01531931,0500000US53055,53055,San Juan,06,450428674.000000000000000,1157428261.000000000000000,943,0,0,3,0
327,1906,53,065,01531930,0500000US53065,53065,Stevens,06,6416413114.000000000000000,163008888.000000000000000,6555,0,0,95,1
328,1907,53,073,01529224,0500000US53073,53073,Whatcom,06,5459395487.000000000000000,1028184768.000000000000000,5830,0,0,1,0
329,1909,49,029,01448028,0500000US49029,49029,Morgan,06,1577739361.000000000000000,4437369.000000000000000,1603,0,0,4,0
330,1929,06,027,01804637,0500000US06027,06027,Inyo,06,26368508430.000000000000000,119088140.000000000000000,26538,0,0,7173,27
331,1935,06,093,00277311,0500000US06093,06093,Siskiyou,06,16261933292.000000000000000,179149824.000000000000000,16490,0,0,325,2
332,1948,53,017,01531818,0500000US53017,53017,Douglas,06,4711869329.000000000000000,76507816.000000000000000,4782,0,0,218,5
333,1955,31,107,00835875,0500000US31107,31107,Knox,06,2870799577.000000000000000,81066532.000000000000000,2964,0,0,0,0
334,1956,32,027,00858646,0500000US32027,32027,Pershing,06,15634691937.000000000000000,79934815.000000000000000,15656,0,0,11712,75
335,1959,55,029,01581074,0500000US55029,55029,Door,06,1248277387.000000000000000,4890604624.000000000000000,1367,0,0,0,0
336,1960,32,019,00858645,0500000US32019,32019,Lyon,06,5183173279.000000000000000,59602530.000000000000000,5220,0,0,2321,44
337,1987,06,009,01675885,0500000US06009,06009,Calaveras,06,2641829199.000000000000000,43797662.000000000000000,2698,0,0,142,5
338,1995,41,021,01135850,0500000US41021,41021,Gilliam,06,3120213951.000000000000000,46914718.000000000000000,3069,0,0,226,7
339,1996,38,049,01035305,0500000US38049,38049,McHenry,06,4853553119.000000000000000,97384707.000000000000000,5022,0,0,4,0
340,2000,16,001,00395066,0500000US16001,16001,Ada,06,2724902770.000000000000000,21961614.000000000000000,2753,0,0,1143,42
341,2001,01,037,00161544,0500000US01037,01037,Coosa,06,1685850816.000000000000000,39987274.000000000000000,1709,0,0,0,0
342,2003,32,021,00858644,0500000US32021,32021,Mineral,06,9719815219.000000000000000,155746682.000000000000000,9882,0,0,6409,65
343,2005,32,003,00863600,0500000US32003,32003,Clark,06,20439281450.000000000000000,438376844.000000000000000,20866,0,0,10775,52
344,2012,01,097,00161575,0500000US01097,01097,Mobile,06,3184127436.000000000000000,1073844850.000000000000000,3339,0,0,0,0
345,2015,56,043,01605085,0500000US56043,56043,Washakie,06,5798120186.000000000000000,10455585.000000000000000,5828,0,0,3709,64
346,2036,41,001,01135845,0500000US41001,41001,Baker,06,7945996928.000000000000000,51832632.000000000000000,7984,0,0,1466,18
347,2044,08,049,00198140,0500000US08049,08049,Grand,06,4782260517.000000000000000,59902382.000000000000000,4840,0,0,585,12
348,2048,05,135,00069183,0500000US05135,05135,Sharp,06,1565460785.000000000000000,5201389.000000000000000,1546,0,0,0,0
349,2050,08,053,00198142,0500000US08053,08053,Hinsdale,06,2893614470.000000000000000,15324686.000000000000000,2868,0,0,514,18
350,2051,06,115,00277322,0500000US06115,06115,Yuba,06,1636913850.000000000000000,31057914.000000000000000,1618,0,0,9,1
351,2054,17,099,00422247,0500000US17099,17099,LaSalle,06,2939990781.000000000000000,33693285.000000000000000,2971,0,0,0,0
352,2055,08,063,00198147,0500000US08063,08063,Kit Carson,06,5596501950.000000000000000,2251930.000000000000000,5605,0,0,0,0
353,2065,30,005,01722470,0500000US30005,30005,Blaine,06,10948196395.000000000000000,29079275.000000000000000,11034,0,0,1821,17
354,2068,38,053,01035299,0500000US38053,38053,McKenzie,06,7149551309.000000000000000,260198853.000000000000000,7436,0,0,3,0
355,2074,53,033,01531933,0500000US53033,53033,King,06,5478366437.000000000000000,497909625.000000000000000,5932,0,0,1,0
356,2078,53,015,01529156,0500000US53015,53015,Cowlitz,06,2953721040.000000000000000,67320045.000000000000000,3032,0,0,0,0
357,2079,01,115,00164997,0500000US01115,01115,St. Clair,06,1636634176.000000000000000,56284614.000000000000000,1668,0,0,0,0
358,2080,41,007,01135846,0500000US41007,41007,Clatsop,06,2145196270.000000000000000,661305228.000000000000000,2253,0,0,0,0
359,2093,12,071,00295758,0500000US12071,12071,Lee,06,2030703925.000000000000000,1109326687.000000000000000,2752,0,0,0,0
360,2101,06,047,00277288,0500000US06047,06047,Merced,06,5012175320.000000000000000,112509475.000000000000000,5140,0,0,16,0
361,2102,16,007,00395090,0500000US16007,16007,Bear Lake,06,2527122948.000000000000000,191364283.000000000000000,2711,0,0,224,8
362,2109,32,007,00857664,0500000US32007,32007,Elko,06,44468067633.000000000000000,85736268.000000000000000,44564,0,0,27889,63
363,2112,35,049,00933322,0500000US35049,35049,Santa Fe,06,4941709205.000000000000000,3537550.000000000000000,4942,0,0,280,6
364,2117,35,017,00915980,0500000US35017,35017,Grant,06,10259427302.000000000000000,15346268.000000000000000,10277,0,0,1371,13
365,2119,49,047,01448037,0500000US49047,49047,Uintah,06,11609319530.000000000000000,56115772.000000000000000,11678,0,0,5574,48
366,2120,16,063,00395624,0500000US16063,16063,Lincoln,06,3111451190.000000000000000,11606076.000000000000000,3140,0,0,2334,74
367,2123,06,033,00277281,0500000US06033,06033,Lake,06,3254348631.000000000000000,188852161.000000000000000,3432,0,0,461,13
368,2133,53,041,01531927,0500000US53041,53041,Lewis,06,6223151001.000000000000000,86954130.000000000000000,6338,0,0,1,0
369,2140,46,047,01265787,0500000US46047,46047,Fall River,06,4506227705.000000000000000,24080933.000000000000000,4538,0,0,29,1
370,2145,46,081,01266996,0500000US46081,46081,Lawrence,06,2072127374.000000000000000,667509.000000000000000,2075,0,0,21,1
371,2155,06,039,00277284,0500000US06039,06039,Madera,06,5534850492.000000000000000,42012923.000000000000000,5601,0,0,14,0
372,2157,17,161,00424282,0500000US17161,17161,Rock Island,06,1107115477.000000000000000,61715041.000000000000000,1140,0,0,0,0
373,2163,30,103,01719563,0500000US30103,30103,Treasure,06,2532492080.000000000000000,17149961.000000000000000,2519,0,0,5,0
374,2168,08,009,00198120,0500000US08009,08009,Baca,06,6617400584.000000000000000,6142193.000000000000000,6624,0,0,2,0
375,2171,08,021,00198126,0500000US08021,08021,Conejos,06,3334423639.000000000000000,9235291.000000000000000,3356,0,0,750,22
376,2178,55,137,01581128,0500000US55137,55137,Waushara,06,1621695264.000000000000000,29151536.000000000000000,1653,0,0,0,0
377,2179,12,087,00295759,0500000US12087,12087,Monroe,06,2545998106.000000000000000,7133386423.000000000000000,4670,0,0,0,0
378,2184,41,065,01155136,0500000US41065,41065,Wasco,06,6167121090.000000000000000,35716361.000000000000000,6229,0,0,341,5
379,2185,27,115,00659503,0500000US27115,27115,Pine,06,3655221004.000000000000000,60262765.000000000000000,3718,0,0,0,0
380,2193,56,035,01605082,0500000US56035,56035,Sublette,06,12655929146.000000000000000,127353628.000000000000000,12801,0,0,5147,40
381,2196,53,005,01513302,0500000US53005,53005,Benton,06,4402976584.000000000000000,154626802.000000000000000,4529,0,0,42,1
382,2197,53,077,01531929,0500000US53077,53077,Yakima,06,11122757370.000000000000000,41168172.000000000000000,11199,0,0,116,1
383,2199,08,111,00198171,0500000US08111,08111,San Juan,06,1003660601.000000000000000,2035929.000000000000000,1007,0,0,166,16
384,2200,08,115,00198173,0500000US08115,08115,Sedgwick,06,1419419128.000000000000000,3530746.000000000000000,1421,0,0,0,0
385,2201,06,049,00277289,0500000US06049,06049,Modoc,06,10140960164.000000000000000,745420669.000000000000000,10884,0,0,1102,10
386,2206,08,085,00198158,0500000US08085,08085,Montrose,06,5804023642.000000000000000,4923261.000000000000000,5853,0,0,2531,43
387,2207,06,063,00277296,0500000US06063,06063,Plumas,06,6612400919.000000000000000,156387635.000000000000000,6820,0,0,45,1
388,2209,12,105,00295747,0500000US12105,12105,Polk,06,4653579490.000000000000000,553462009.000000000000000,5248,0,0,0,0
389,2215,16,015,00395157,0500000US16015,16015,Boise,06,4919826480.000000000000000,19104287.000000000000000,4988,0,0,125,3
390,2221,06,103,01692767,0500000US06103,06103,Tehama,06,7638228772.000000000000000,33767784.000000000000000,7667,0,0,193,3
391,2223,32,031,00858608,0500000US32031,32031,Washoe,06,16323099293.000000000000000,621146261.000000000000000,16996,0,0,10962,64
392,2225,06,057,01682927,0500000US06057,06057,Nevada,06,2480587331.000000000000000,41531993.000000000000000,2494,0,0,70,3
393,2226,06,113,00277321,0500000US06113,06113,Yolo,06,2628256658.000000000000000,22688556.000000000000000,2638,0,0,116,4
394,2232,12,017,00295752,0500000US12017,12017,Citrus,06,1507111917.000000000000000,495578435.000000000000000,1727,0,0,0,0
395,2235,56,007,01605069,0500000US56007,56007,Carbon,06,20455215011.000000000000000,171386237.000000000000000,20713,0,0,8320,40
396,2239,49,025,01448026,0500000US49025,49025,Kane,06,10333912540.000000000000000,306169207.000000000000000,10671,0,0,6688,63
397,2241,30,037,01723078,0500000US30037,30037,Golden Valley,06,3041740596.000000000000000,2621792.000000000000000,3097,0,0,34,1
398,2242,30,045,01719602,0500000US30045,30045,Judith Basin,06,4842466690.000000000000000,2066739.000000000000000,4857,0,0,49,1
399,2243,30,059,01719600,0500000US30059,30059,Meagher,06,6194911314.000000000000000,7474581.000000000000000,6225,0,0,33,1
400,2262,06,051,00277290,0500000US06051,06051,Mono,06,7896838493.000000000000000,214695673.000000000000000,8110,0,0,2159,27
401,2266,49,043,01448035,0500000US49043,49043,Summit,06,4844778499.000000000000000,26615947.000000000000000,4909,0,0,4,0
402,2271,55,115,01581117,0500000US55115,55115,Shawano,06,2313442856.000000000000000,41883375.000000000000000,2356,0,0,0,0
403,2272,06,083,00277306,0500000US06083,06083,Santa Barbara,06,7084000622.000000000000000,2729814515.000000000000000,7377,0,0,33,0
404,2276,41,019,01135849,0500000US41019,41019,Douglas,06,13042299249.000000000000000,252000831.000000000000000,13100,0,0,2646,20
405,2280,16,077,00394951,0500000US16077,16077,Power,06,3635879902.000000000000000,99218111.000000000000000,3726,0,0,811,22
406,2285,56,011,01605071,0500000US56011,56011,Crook,06,7393068933.000000000000000,28186053.000000000000000,7429,0,0,359,5
407,2290,55,095,01581108,0500000US55095,55095,Polk,06,2367400716.000000000000000,109704318.000000000000000,2484,0,0,0,0
408,2292,56,039,01605083,0500000US56039,56039,Teton,06,10351785153.000000000000000,570864021.000000000000000,10940,0,0,10,0
409,2293,51,059,01480119,0500000US51059,51059,Fairfax,06,1012584627.000000000000000,40233137.000000000000000,1040,0,0,3,0
410,2304,16,073,00399760,0500000US16073,16073,Owyhee,06,19860561623.000000000000000,74125616.000000000000000,19899,0,0,15109,76
411,2309,16,049,00395699,0500000US16049,16049,Idaho,06,21956596295.000000000000000,67553776.000000000000000,22121,0,0,374,2
412,2312,27,077,00659483,0500000US27077,27077,Lake of the Woods,06,3361462398.000000000000000,1247519338.000000000000000,4620,0,0,16,0
413,2313,38,079,01034228,0500000US38079,38079,Rolette,06,2338953786.000000000000000,93938154.000000000000000,2432,0,0,1,0
414,2314,30,011,01688746,0500000US30011,30011,Carter,06,8651792773.000000000000000,19503321.000000000000000,8739,0,0,2058,24
415,2319,55,013,01581066,0500000US55013,55013,Burnett,06,2127825031.000000000000000,151944424.000000000000000,2290,0,0,0,0
416,2320,05,049,00066854,0500000US05049,05049,Fulton,06,1601111649.000000000000000,5526927.000000000000000,1601,0,0,1,0
417,2330,16,071,00399759,0500000US16071,16071,Oneida,06,3105269253.000000000000000,3995238.000000000000000,3101,0,0,1079,35
418,2333,41,025,01135852,0500000US41025,41025,Harney,06,26248071434.000000000000000,241568256.000000000000000,26512,0,0,16071,61
419,2335,49,033,01448030,0500000US49033,49033,Rich,06,2664700942.000000000000000,149106532.000000000000000,2815,0,0,694,25
420,2337,53,013,01513273,0500000US53013,53013,Columbia,06,2249624732.000000000000000,12561762.000000000000000,2243,0,0,2,0
421,2338,55,133,01581126,0500000US55133,55133,Waukesha,06,1423675192.000000000000000,79851458.000000000000000,1504,0,0,0,0
422,2339,30,069,01719590,0500000US30069,30069,Petroleum,06,4288047856.000000000000000,48927318.000000000000000,4323,0,0,1331,31
423,2340,30,097,01719569,0500000US30097,30097,Sweet Grass,06,4805607292.000000000000000,17665081.000000000000000,4801,0,0,64,1
424,2341,30,093,01719575,0500000US30093,30093,Silver Bow,06,1859568288.000000000000000,1518177.000000000000000,1860,0,0,186,10
425,2344,53,025,01531924,0500000US53025,53025,Grant,06,6939832890.000000000000000,289982469.000000000000000,7225,0,0,214,3
426,2345,30,057,01720033,0500000US30057,30057,Madison,06,9293288997.000000000000000,39841801.000000000000000,9395,0,0,1012,11
427,2354,16,003,00395067,0500000US16003,16003,Adams,06,3529648932.000000000000000,17359848.000000000000000,3536,0,0,215,6
428,2357,08,107,00198169,0500000US08107,08107,Routt,06,6117602774.000000000000000,15831744.000000000000000,6148,0,0,327,5
429,2378,35,043,00929113,0500000US35043,35043,Sandoval,06,9609139504.000000000000000,10854361.000000000000000,9592,0,0,2012,21
430,2382,30,021,01715632,0500000US30021,30021,Dawson,06,6143238452.000000000000000,29905887.000000000000000,6109,0,0,249,4
431,2383,30,017,01720109,0500000US30017,30017,Custer,06,9798723679.000000000000000,25612456.000000000000000,9712,0,0,1337,14
432,2395,27,051,00659471,0500000US27051,27051,Grant,06,1418786606.000000000000000,71704359.000000000000000,1483,0,0,0,0
433,2400,55,053,01581086,0500000US55053,55053,Jackson,06,2558240018.000000000000000,32985363.000000000000000,2604,0,0,0,0
434,2401,56,013,01605072,0500000US56013,56013,Fremont,06,23784954724.000000000000000,213202754.000000000000000,24020,0,0,8497,35
435,2402,27,137,00662850,0500000US27137,27137,St. Louis,06,16181092598.000000000000000,1584976832.000000000000000,17560,0,0,2,0
436,2403,30,083,01715338,0500000US30083,30083,Richland,06,5398268971.000000000000000,49652120.000000000000000,5452,0,0,208,4
437,2406,32,013,00863310,0500000US32013,32013,Humboldt,06,24969533279.000000000000000,44196979.000000000000000,25000,0,0,17717,71
438,2423,49,051,01448039,0500000US49051,49051,Wasatch,06,3048467979.000000000000000,79114523.000000000000000,3104,0,0,7,0
439,2429,53,067,01529226,0500000US53067,53067,Thurston,06,1871173425.000000000000000,133711607.000000000000000,1988,0,0,0,0
440,2431,53,001,01531601,0500000US53001,53001,Adams,06,4985663373.000000000000000,12499935.000000000000000,5012,0,0,40,1
441,2441,53,039,01529219,0500000US53039,53039,Klickitat,06,4847516021.000000000000000,84930620.000000000000000,4944,0,0,74,1
442,2443,56,015,01605073,0500000US56015,56015,Goshen,06,5764311447.000000000000000,16969239.000000000000000,5782,0,0,102,2
443,2444,56,023,01605076,0500000US56023,56023,Lincoln,06,10555073751.000000000000000,49947392.000000000000000,10582,0,0,3980,38
444,2449,31,031,00835837,0500000US31031,31031,Cherry,06,15436697272.000000000000000,127623807.000000000000000,15618,0,0,1,0
445,2455,06,089,01682610,0500000US06089,06089,Shasta,06,9778230094.000000000000000,186479466.000000000000000,9973,0,0,568,6
446,2456,30,111,01719558,0500000US30111,30111,Yellowstone,06,6820738870.000000000000000,39856668.000000000000000,6883,0,0,311,5
447,2467,49,007,01448018,0500000US49007,49007,Carbon,06,3831067724.000000000000000,15844443.000000000000000,3866,0,0,1702,44
448,2470,41,053,01135862,0500000US41053,41053,Polk,06,1918983329.000000000000000,8153115.000000000000000,1933,0,0,162,8
449,2473,04,019,00025446,0500000US04019,04019,Pima,06,23794788865.000000000000000,5259325.000000000000000,23795,0,0,1513,6
450,2477,27,171,00659530,0500000US27171,27171,Wright,06,1712598664.000000000000000,137298052.000000000000000,1835,0,0,0,0
451,2478,55,063,01581091,0500000US55063,55063,La Crosse,06,1170076495.000000000000000,73110306.000000000000000,1235,0,0,0,0
452,2479,04,015,00025445,0500000US04015,04015,Mohave,06,34475503964.000000000000000,387344307.000000000000000,34876,0,0,19298,55
453,2488,06,069,00277299,0500000US06069,06069,San Benito,06,3596588882.000000000000000,4721397.000000000000000,3580,0,0,350,10
454,2495,35,037,00929110,0500000US35037,35037,Quay,06,7443334318.000000000000000,18728804.000000000000000,7438,0,0,7,0
455,2500,38,089,01035618,0500000US38089,38089,Stark,06,3457000613.000000000000000,14109003.000000000000000,3427,0,0,8,0
456,2502,41,035,01155134,0500000US41035,41035,Klamath,06,15391613763.000000000000000,503712593.000000000000000,15946,0,0,970,6
457,2505,16,031,00395698,0500000US16031,16031,Cassia,06,6644895767.000000000000000,39160685.000000000000000,6681,0,0,1901,28
458,2507,06,067,00277298,0500000US06067,06067,Sacramento,06,2499039655.000000000000000,76217822.000000000000000,2566,0,0,8,0
459,2512,08,003,00198117,0500000US08003,08003,Alamosa,06,1871465873.000000000000000,1847609.000000000000000,1867,0,0,147,8
460,2518,27,159,00659524,0500000US27159,27159,Wadena,06,1388921383.000000000000000,18038938.000000000000000,1397,0,0,0,0
461,2519,08,057,00198144,0500000US08057,08057,Jackson,06,4179530271.000000000000000,18750017.000000000000000,4140,0,0,752,18
462,2521,06,071,00277300,0500000US06071,06071,San Bernardino,06,51948123813.000000000000000,123845007.000000000000000,52077,0,0,23709,46
463,2526,08,117,00198174,0500000US08117,08117,Summit,06,1575590697.000000000000000,28283469.000000000000000,1614,0,0,10,1
464,2527,35,029,00933057,0500000US35029,35029,Luna,06,7679944778.000000000000000,433660.000000000000000,7692,0,0,3085,40
465,2536,04,005,00025443,0500000US04005,04005,Coconino,06,48222181220.000000000000000,110085803.000000000000000,48335,0,0,2464,5
466,2541,16,055,00395661,0500000US16055,16055,Kootenai,06,3205258021.000000000000000,185023431.000000000000000,3390,0,0,48,1
467,2543,08,069,00198150,0500000US08069,08069,Larimer,06,6723022936.000000000000000,99012625.000000000000000,6837,0,0,113,2
468,2547,06,105,00277317,0500000US06105,06105,Trinity,06,8234265086.000000000000000,73407949.000000000000000,8256,0,0,283,3
469,2556,53,007,01531932,0500000US53007,53007,Chelan,06,7565788660.000000000000000,189679746.000000000000000,7702,0,0,87,1
470,2595,48,141,01383855,0500000US48141,48141,El Paso,06,2624144579.000000000000000,5443740.000000000000000,2622,0,0,0,0
471,2596,49,019,01448024,0500000US49019,49019,Grand,06,9512361722.000000000000000,31552277.000000000000000,9551,0,0,6297,66
472,2597,53,043,01514052,0500000US53043,53043,Lincoln,06,5984258952.000000000000000,75428245.000000000000000,6065,0,0,317,5
473,2599,30,073,01719587,0500000US30073,30073,Pondera,06,4207608379.000000000000000,43980663.000000000000000,4251,0,0,6,0
474,2600,32,023,00863599,0500000US32023,32023,Nye,06,47090938928.000000000000000,43207981.000000000000000,47101,0,0,26527,56
475,2601,16,037,00399758,0500000US16037,16037,Custer,06,12748200986.000000000000000,42566923.000000000000000,12778,0,0,3228,25
476,2602,26,043,01622964,0500000US26043,26043,Dickinson,06,1970831145.000000000000000,40519954.000000000000000,2003,0,0,0,0
477,2607,41,043,01135857,0500000US41043,41043,Linn,06,5923493230.000000000000000,50497756.000000000000000,5977,0,0,349,6
478,2613,55,113,01581116,0500000US55113,55113,Sawyer,06,3256422227.000000000000000,240678258.000000000000000,3504,0,0,0,0
479,2621,53,047,01531928,0500000US53047,53047,Okanogan,06,13639309300.000000000000000,120452753.000000000000000,13739,0,0,237,2
480,2626,06,003,01675840,0500000US06003,06003,Alpine,06,1912292631.000000000000000,12557304.000000000000000,1932,0,0,78,4
481,2630,27,067,00659479,0500000US27067,27067,Kandiyohi,06,2064978211.000000000000000,168506888.000000000000000,2228,0,0,0,0
482,2634,30,031,01720053,0500000US30031,30031,Gallatin,06,6746899240.000000000000000,74547800.000000000000000,6759,0,0,29,0
483,2643,55,017,01581068,0500000US55017,55017,Chippewa,06,2611629940.000000000000000,85231859.000000000000000,2708,0,0,0,0
484,2646,08,093,00198162,0500000US08093,08093,Park,06,5682181421.000000000000000,43520913.000000000000000,5736,0,0,308,5
485,2648,06,109,00277319,0500000US06109,06109,Tuolumne,06,5752079368.000000000000000,138722711.000000000000000,5902,0,0,190,3
486,2650,06,045,00277287,0500000US06045,06045,Mendocino,06,9081426673.000000000000000,962946204.000000000000000,9178,0,0,505,6
487,2655,31,015,00835829,0500000US31015,31015,Boyd,06,1398425584.000000000000000,11890320.000000000000000,1415,0,0,0,0
488,2672,30,087,01716795,0500000US30087,30087,Rosebud,06,12971010170.000000000000000,44234236.000000000000000,13028,0,0,942,7
489,2674,27,061,00659476,0500000US27061,27061,Itasca,06,6907775594.000000000000000,675388758.000000000000000,7598,0,0,1,0
490,2681,06,011,01675902,0500000US06011,06011,Colusa,06,2980332860.000000000000000,14608869.000000000000000,3020,0,0,154,5
491,2687,56,027,01605078,0500000US56027,56027,Niobrara,06,6801380679.000000000000000,4969450.000000000000000,6819,0,0,501,7
492,2689,31,161,00835902,0500000US31161,31161,Sheridan,06,6321833793.000000000000000,74941797.000000000000000,6323,0,0,0,0
493,2690,06,015,01682074,0500000US06015,06015,Del Norte,06,2606117992.000000000000000,578742645.000000000000000,2612,0,0,0,0
494,2691,06,095,00277312,0500000US06095,06095,Solano,06,2128347201.000000000000000,218679972.000000000000000,2313,0,0,8,0
495,2693,08,015,00198123,0500000US08015,08015,Chaffee,06,2624715691.000000000000000,3999975.000000000000000,2652,0,0,230,9
496,2697,30,063,01719596,0500000US30063,30063,Missoula,06,6715966294.000000000000000,64482586.000000000000000,6752,0,0,86,1
497,2704,38,023,01034234,0500000US38023,38023,Divide,06,3265315042.000000000000000,86629398.000000000000000,3345,0,0,0,0
498,2705,49,053,01448040,0500000US49053,49053,Washington,06,6285757433.000000000000000,9061293.000000000000000,6281,0,0,2566,41
499,2708,49,011,01448020,0500000US49011,49011,Davis,06,774500764.000000000000000,870693260.000000000000000,1633,0,0,1,0
500,2715,53,071,01531819,0500000US53071,53071,Walla Walla,06,3289366719.000000000000000,74935920.000000000000000,3370,0,0,1,0
501,2719,08,113,00198172,0500000US08113,08113,San Miguel,06,3332606125.000000000000000,5204095.000000000000000,3349,0,0,1285,38
502,2720,56,031,01605080,0500000US56031,56031,Platte,06,5398019715.000000000000000,69035953.000000000000000,5466,0,0,334,6
503,2722,16,005,00395091,0500000US16005,16005,Bannock,06,2881317883.000000000000000,92094662.000000000000000,2993,0,0,309,10
504,2723,53,021,01531822,0500000US53021,53021,Franklin,06,3215718022.000000000000000,60509234.000000000000000,3282,0,0,97,3
505,2731,26,109,01622997,0500000US26109,26109,Menominee,06,2704072756.000000000000000,761779246.000000000000000,2740,0,0,0,0
506,2733,08,089,00198160,0500000US08089,08089,Otero,06,3268891492.000000000000000,19625371.000000000000000,3267,0,0,16,0
507,2736,31,117,00835881,0500000US31117,31117,McPherson,06,2224733585.000000000000000,2680669.000000000000000,2233,0,0,0,0
508,2763,55,021,01581070,0500000US55021,55021,Columbia,06,1982754434.000000000000000,78836820.000000000000000,2074,0,0,2,0
509,2781,55,135,01581127,0500000US55135,55135,Waupaca,06,1936513136.000000000000000,45278485.000000000000000,1983,0,0,0,0
510,2785,27,167,00659528,0500000US27167,27167,Wilkin,06,1945079886.000000000000000,482554.000000000000000,1928,0,0,0,0
511,2786,35,023,00929106,0500000US35023,35023,Hidalgo,06,8905571558.000000000000000,23650187.000000000000000,8905,0,0,3442,39
512,2787,41,063,01155135,0500000US41063,41063,Wallowa,06,8147836572.000000000000000,14191789.000000000000000,8161,0,0,71,1
513,2793,04,007,00040471,0500000US04007,04007,Gila,06,12323146398.000000000000000,97119865.000000000000000,12430,0,0,253,2
514,2797,41,049,01135860,0500000US41049,41049,Morrow,06,5259049905.000000000000000,44372295.000000000000000,5333,0,0,20,0
515,2803,08,073,00198152,0500000US08073,08073,Lincoln,06,6676158689.000000000000000,22780366.000000000000000,6714,0,0,7,0
516,2810,16,033,00399755,0500000US16033,16033,Clark,06,4566524491.000000000000000,2476454.000000000000000,4614,0,0,1391,30
517,2811,35,003,00929108,0500000US35003,35003,Catron,06,17933560026.000000000000000,14194439.000000000000000,17952,0,0,2356,13
518,2821,35,011,00933054,0500000US35011,35011,De Baca,06,6016761648.000000000000000,29147345.000000000000000,6043,0,0,147,2
519,2837,46,015,01265768,0500000US46015,46015,Brule,06,2116643860.000000000000000,75721265.000000000000000,2204,0,0,2,0
520,2839,31,061,00835852,0500000US31061,31061,Franklin,06,1491355768.000000000000000,487899.000000000000000,1492,0,0,0,0
521,2854,06,035,01693324,0500000US06035,06035,Lassen,06,11761615611.000000000000000,463426050.000000000000000,12214,0,0,4212,34
522,2855,16,043,00395408,0500000US16043,16043,Fremont,06,4827632203.000000000000000,83441579.000000000000000,4959,0,0,601,12
523,2856,30,071,01720023,0500000US30071,30071,Phillips,06,13313706952.000000000000000,185563449.000000000000000,13441,0,0,4385,33
524,2866,49,001,01448015,0500000US49001,49001,Beaver,06,6689681822.000000000000000,5298466.000000000000000,6705,0,0,4600,69
525,2875,31,149,00835896,0500000US31149,31149,Rock,06,2611466209.000000000000000,8807750.000000000000000,2609,0,0,1,0
526,2878,31,183,00835913,0500000US31183,31183,Wheeler,06,1489717867.000000000000000,1059454.000000000000000,1489,0,0,0,0
527,2883,16,047,00395441,0500000US16047,16047,Gooding,06,1888836285.000000000000000,12568998.000000000000000,1911,0,0,1027,54
528,2886,55,139,01581129,0500000US55139,55139,Winnebago,06,1125258751.000000000000000,373232751.000000000000000,1500,0,0,0,0
529,2890,41,071,01135866,0500000US41071,41071,Yamhill,06,1854169174.000000000000000,6491586.000000000000000,1860,0,0,132,7
530,2891,35,015,00936829,0500000US35015,35015,Eddy,06,10816855244.000000000000000,56325882.000000000000000,10893,0,0,5573,51
531,2903,30,007,01719625,0500000US30007,30007,Broadwater,06,3088195835.000000000000000,118487318.000000000000000,3189,0,0,288,9
532,2905,56,005,01605068,0500000US56005,56005,Campbell,06,12437264300.000000000000000,11038017.000000000000000,12444,0,0,910,7
533,2915,16,057,00395613,0500000US16057,16057,Latah,06,2786482704.000000000000000,2370320.000000000000000,2808,0,0,1,0
534,2922,38,013,01034235,0500000US38013,38013,Burke,06,2858266385.000000000000000,65700367.000000000000000,2924,0,0,0,0
535,2929,06,061,00277295,0500000US06061,06061,Placer,06,3644244131.000000000000000,246575767.000000000000000,3910,0,0,98,3
536,2944,27,041,00659466,0500000US27041,27041,Douglas,06,1649200283.000000000000000,215604217.000000000000000,1863,0,0,0,0
537,2946,55,097,01581109,0500000US55097,55097,Portage,06,2074125052.000000000000000,56939082.000000000000000,2124,0,0,0,0
538,2953,16,081,00399297,0500000US16081,16081,Teton,06,1163139958.000000000000000,2868476.000000000000000,1160,0,0,30,3
539,2964,31,121,00835882,0500000US31121,31121,Merrick,06,1258350306.000000000000000,28301129.000000000000000,1291,0,0,0,0
540,2968,55,035,01581077,0500000US55035,55035,Eau Claire,06,1652211293.000000000000000,18848535.000000000000000,1669,0,0,0,0
541,2969,38,001,01034210,0500000US38001,38001,Adams,06,2557960600.000000000000000,2833854.000000000000000,2564,0,0,0,0
542,2970,01,061,00161556,0500000US01061,01061,Geneva,06,1487870866.000000000000000,11604964.000000000000000,1472,0,0,0,0
543,2978,30,027,01719614,0500000US30027,30027,Fergus,06,11238811043.000000000000000,27700320.000000000000000,11264,0,0,1410,13
544,2984,08,029,00198130,0500000US08029,08029,Delta,06,2958099789.000000000000000,16777978.000000000000000,2989,0,0,877,29
545,2987,30,003,01716521,0500000US30003,30003,Big Horn,06,12942465259.000000000000000,49210403.000000000000000,12929,0,0,110,1
546,2989,30,085,01669428,0500000US30085,30085,Roosevelt,06,6097970108.000000000000000,37765673.000000000000000,6090,0,0,19,0
547,2999,22,099,01629486,0500000US22099,22099,St. Martin,15,1910534476.000000000000000,204161447.000000000000000,2119,0,0,0,0
548,3010,31,171,00835907,0500000US31171,31171,Thomas,06,1846403658.000000000000000,2028358.000000000000000,1849,0,0,1,0
549,3019,06,007,01675842,0500000US06007,06007,Butte,06,4238438196.000000000000000,105310997.000000000000000,4365,0,0,63,1
550,3021,27,053,00659472,0500000US27053,27053,Hennepin,06,1433839320.000000000000000,137173629.000000000000000,1581,0,0,0,0
551,3028,08,099,00198165,0500000US08099,08099,Prowers,06,4243428647.000000000000000,15345957.000000000000000,4253,0,0,3,0
552,3031,53,057,01531402,0500000US53057,53057,Skagit,06,4481040001.000000000000000,484058876.000000000000000,4773,0,0,1,0
553,3033,06,019,00277274,0500000US06019,06019,Fresno,06,15431410219.000000000000000,137339029.000000000000000,15501,0,0,631,4
554,3038,29,186,00765806,0500000US29186,29186,Ste. Genevieve,06,1292800497.000000000000000,19739775.000000000000000,1318,0,0,0,0
555,3039,31,069,00835856,0500000US31069,31069,Garden,06,4414069977.000000000000000,68874632.000000000000000,4426,0,0,0,0
556,3042,49,039,01448033,0500000US49039,49039,Sanpete,06,4117901449.000000000000000,32049371.000000000000000,4152,0,0,548,13
557,3049,30,077,01720021,0500000US30077,30077,Powell,06,6024448193.000000000000000,16220811.000000000000000,6052,0,0,381,6
558,3050,27,101,00659496,0500000US27101,27101,Murray,06,1825163785.000000000000000,38338284.000000000000000,1862,0,0,0,0
559,3052,08,101,00198166,0500000US08101,08101,Pueblo,06,6180089507.000000000000000,30094812.000000000000000,6221,0,0,63,1
560,3053,55,059,01581089,0500000US55059,55059,Kenosha,06,704208614.000000000000000,1248708387.000000000000000,728,0,0,0,0
561,3054,55,131,01581125,0500000US55131,55131,Washington,06,1115370272.000000000000000,12999403.000000000000000,1158,0,0,0,0
562,3056,06,005,01675841,0500000US06005,06005,Amador,06,1539933576.000000000000000,29470568.000000000000000,1559,0,0,35,2
563,3065,27,157,00659523,0500000US27157,27157,Wabasha,06,1354359268.000000000000000,68954671.000000000000000,1417,0,0,0,0
564,3071,55,101,01581111,0500000US55101,55101,Racine,06,861408885.000000000000000,1190236349.000000000000000,885,0,0,0,0
565,3080,49,031,01448029,0500000US49031,49031,Piute,06,1964345915.000000000000000,20285697.000000000000000,1994,0,0,676,34
566,3081,04,012,00043540,0500000US04012,04012,La Paz,06,11653980557.000000000000000,36567994.000000000000000,11676,0,0,6615,57
567,3082,16,039,00400252,0500000US16039,16039,Elmore,06,7964192255.000000000000000,68555510.000000000000000,7984,0,0,2348,29
568,3085,06,091,00277310,0500000US06091,06091,Sierra,06,2468694586.000000000000000,23299110.000000000000000,2501,0,0,14,1
569,3091,49,021,01448025,0500000US49021,49021,Iron,06,8537474409.000000000000000,11390956.000000000000000,8562,0,0,3907,46
570,3092,30,095,01719572,0500000US30095,30095,Stillwater,06,4653551003.000000000000000,23732519.000000000000000,4686,0,0,23,0
571,3098,30,013,01719622,0500000US30013,30013,Cascade,06,6988237777.000000000000000,34396942.000000000000000,7019,0,0,100,1
572,3114,35,007,00929117,0500000US35007,35007,Colfax,06,9733110215.000000000000000,26299618.000000000000000,9761,0,0,4,0
573,3117,56,033,01605081,0500000US56033,56033,Sheridan,06,6535475121.000000000000000,7986323.000000000000000,6592,0,0,211,3
574,3119,04,013,00037026,0500000US04013,04013,Maricopa,06,23825875275.000000000000000,64310266.000000000000000,23863,0,0,7012,29
575,3134,55,117,01581118,0500000US55117,55117,Sheboygan,06,1324905935.000000000000000,1967592839.000000000000000,1344,0,0,0,0
576,3135,06,079,00277304,0500000US06079,06079,San Luis Obispo,06,8548552397.000000000000000,815578711.000000000000000,8615,0,0,991,12
577,3137,08,123,00198177,0500000US08123,08123,Weld,06,10323705895.000000000000000,79558079.000000000000000,10387,0,0,1,0
578,3147,46,093,01266991,0500000US46093,46093,Meade,06,8989706542.000000000000000,30712698.000000000000000,9038,0,0,161,2
579,3154,08,077,00198154,0500000US08077,08077,Mesa,06,8621911419.000000000000000,31428360.000000000000000,8619,0,0,3966,46
580,3157,55,073,01581096,0500000US55073,55073,Marathon,06,4001465174.000000000000000,81219897.000000000000000,4086,0,0,0,0
581,3161,06,055,00277292,0500000US06055,06055,Napa,06,1938165958.000000000000000,104249021.000000000000000,2063,0,0,147,7
582,3170,08,067,00198148,0500000US08067,08067,La Plata,06,4376522002.000000000000000,25375721.000000000000000,4393,0,0,92,2
583,3176,08,023,00198127,0500000US08023,08023,Costilla,06,3179452304.000000000000000,8828906.000000000000000,3180,0,0,15,0
584,3177,16,029,00395406,0500000US16029,16029,Caribou,06,4569240963.000000000000000,89216874.000000000000000,4637,0,0,303,7
585,3178,27,163,00659526,0500000US27163,27163,Washington,06,995558956.000000000000000,99517524.000000000000000,1096,0,0,0,0
586,3180,04,025,00042809,0500000US04025,04025,Yavapai,06,21039796372.000000000000000,11501575.000000000000000,21043,0,0,2448,12
587,3183,06,001,01675839,0500000US06001,06001,Alameda,06,1909616630.000000000000000,216916717.000000000000000,1964,0,0,0,0
588,3184,16,059,00399754,0500000US16059,16059,Lemhi,06,11820055094.000000000000000,14109855.000000000000000,11872,0,0,2323,20
589,3186,38,059,01034207,0500000US38059,38059,Morton,06,4988626570.000000000000000,50054878.000000000000000,5029,0,0,0,0
590,3190,48,109,01383840,0500000US48109,48109,Culberson,06,9873439554.000000000000000,556134.000000000000000,9915,0,0,1,0
591,3202,01,117,00161584,0500000US01117,01117,Shelby,06,2034107820.000000000000000,62542790.000000000000000,2081,0,0,0,0
592,3208,35,013,00929109,0500000US35013,35013,Doa Ana,06,9863129996.000000000000000,17627587.000000000000000,9884,0,0,4516,46
593,3214,32,005,00858643,0500000US32005,32005,Douglas,06,1838170316.000000000000000,72317570.000000000000000,1944,0,0,669,34