FID,FID_cb_201,STATEFP,COUNTYFP,COUNTYNS,AFFGEOID,GEOID,NAME,LSAD,ALAND,AWATER,CountyArea,FID_DOD_Di,Id,DOD_Area,Proportion
0,112,40,031,01101803,0500000US40031,40031,Comanche,06,2769447440.000000000000000,37331078.000000000000000,2832,0,0,381,13
1,369,35,041,01702369,0500000US35041,35041,Roosevelt,06,6335224660.000000000000000,18697914.000000000000000,6352,0,0,236,4
2,402,48,311,01383947,0500000US48311,48311,McMullen,06,2952065876.000000000000000,43985815.000000000000000,2988,0,0,32,1
3,444,48,363,01383967,0500000US48363,48363,Palo Pinto,06,2466313772.000000000000000,86141064.000000000000000,2552,0,0,1,0
4,460,48,029,01383800,0500000US48029,48029,Bexar,06,3211308851.000000000000000,41911545.000000000000000,3256,0,0,180,6
5,606,40,047,01101811,0500000US40047,40047,Garfield,06,2741479095.000000000000000,4075930.000000000000000,2747,0,0,9,0
6,713,06,031,00277280,0500000US06031,06031,Kings,06,3598593366.000000000000000,5453080.000000000000000,3593,0,0,62,2
7,768,35,009,00933053,0500000US35009,35009,Curry,06,3640098102.000000000000000,8190594.000000000000000,3648,0,0,23,1
8,921,35,051,01702370,0500000US35051,35051,Sierra,06,10828937018.000000000000000,147987561.000000000000000,10980,0,0,2119,19
9,923,35,001,01702363,0500000US35001,35001,Bernalillo,06,3007310205.000000000000000,16190430.000000000000000,3028,0,0,187,6
10,931,35,027,00929116,0500000US35027,35027,Lincoln,06,12512530204.000000000000000,554703.000000000000000,12512,0,0,730,6
11,1091,06,037,00277283,0500000US06037,06037,Los Angeles,06,10510588451.000000000000000,1794793532.000000000000000,10790,0,0,350,3
12,1093,06,065,00277297,0500000US06065,06065,Riverside,06,18664542308.000000000000000,250588224.000000000000000,18934,0,0,456,2
13,1128,04,021,00025447,0500000US04021,04021,Pinal,06,13897471114.000000000000000,22332471.000000000000000,13941,0,0,3,0
14,1175,06,073,00277301,0500000US06073,06073,San Diego,06,10898787530.000000000000000,822557348.000000000000000,11049,0,0,706,6
15,1183,04,009,00025444,0500000US04009,04009,Graham,06,11972778533.000000000000000,47436491.000000000000000,11991,0,0,2,0
16,1184,06,029,02054176,0500000US06029,06029,Kern,06,21062393794.000000000000000,78770534.000000000000000,21122,0,0,1172,6
17,1220,48,355,01383963,0500000US48355,48355,Nueces,06,2171223720.000000000000000,847262030.000000000000000,2859,0,0,18,1
18,1330,06,111,00277320,0500000US06111,06111,Ventura,06,4773302741.000000000000000,946030569.000000000000000,4910,0,0,76,2
19,1331,06,025,00277277,0500000US06025,06025,Imperial,06,10817291631.000000000000000,790230304.000000000000000,11589,0,0,1428,12
20,1358,06,059,00277294,0500000US06059,06059,Orange,06,2048392529.000000000000000,406915886.000000000000000,2055,0,0,20,1
21,1377,35,053,01702371,0500000US35053,35053,Socorro,06,17214061674.000000000000000,4843011.000000000000000,17222,0,0,1749,10
22,1400,48,485,01384028,0500000US48485,48485,Wichita,06,1625943418.000000000000000,13820243.000000000000000,1640,0,0,19,1
23,1461,48,027,01383799,0500000US48027,48027,Bell,06,2721755826.000000000000000,95727690.000000000000000,2822,0,0,250,9
24,1483,06,053,00277291,0500000US06053,06053,Monterey,06,8496680819.000000000000000,1270736099.000000000000000,8616,0,0,731,8
25,1505,04,027,00023901,0500000US04027,04027,Yuma,06,14281265651.000000000000000,13171316.000000000000000,14307,0,0,5745,40
26,1516,35,035,00929104,0500000US35035,35035,Otero,06,17126453574.000000000000000,36946480.000000000000000,17164,0,0,6094,36
27,1562,48,091,01383831,0500000US48091,48091,Comal,06,1449127320.000000000000000,39800429.000000000000000,1487,0,0,0,0
28,1563,48,099,01383835,0500000US48099,48099,Coryell,06,2725199226.000000000000000,11781488.000000000000000,2738,0,0,610,22
29,1585,32,017,00863992,0500000US32017,32017,Lincoln,06,27540342244.000000000000000,9802713.000000000000000,27569,0,0,3200,12
30,1716,40,065,01101820,0500000US40065,40065,Jackson,06,2078855934.000000000000000,4114419.000000000000000,2110,0,0,16,1
31,1814,40,109,01101842,0500000US40109,40109,Oklahoma,06,1835846202.000000000000000,24730011.000000000000000,1861,0,0,18,1
32,1820,04,003,00025442,0500000US04003,04003,Cochise,06,15966166113.000000000000000,137024922.000000000000000,16120,0,0,328,2
33,1929,06,027,01804637,0500000US06027,06027,Inyo,06,26368508430.000000000000000,119088140.000000000000000,26538,0,0,1864,7
34,2005,32,003,00863600,0500000US32003,32003,Clark,06,20439281450.000000000000000,438376844.000000000000000,20866,0,0,1500,7
35,2154,48,367,01383969,0500000US48367,48367,Parker,06,2340006395.000000000000000,17127713.000000000000000,2360,0,0,16,1
36,2249,48,451,01384011,0500000US48451,48451,Tom Green,06,3941965427.000000000000000,48077315.000000000000000,4002,0,0,4,0
37,2272,06,083,00277306,0500000US06083,06083,Santa Barbara,06,7084000622.000000000000000,2729814515.000000000000000,7377,0,0,628,9
38,2331,48,273,01383922,0500000US48273,48273,Kleberg,06,2282572442.000000000000000,541041664.000000000000000,2627,0,0,17,1
39,2394,48,439,01384005,0500000US48439,48439,Tarrant,06,2236924384.000000000000000,100013729.000000000000000,2334,0,0,7,0
40,2416,48,021,01383796,0500000US48021,48021,Bastrop,06,2300355868.000000000000000,19105699.000000000000000,2317,0,0,47,2
41,2473,04,019,00025446,0500000US04019,04019,Pima,06,23794788865.000000000000000,5259325.000000000000000,23795,0,0,264,1
42,2521,06,071,00277300,0500000US06071,06071,San Bernardino,06,51948123813.000000000000000,123845007.000000000000000,52077,0,0,8007,15
43,2551,48,249,01383910,0500000US48249,48249,Jim Wells,06,2240778091.000000000000000,8739522.000000000000000,2244,0,0,7,0
44,2595,48,141,01383855,0500000US48141,48141,El Paso,06,2624144579.000000000000000,5443740.000000000000000,2622,0,0,496,19
45,2600,32,023,00863599,0500000US32023,32023,Nye,06,47090938928.000000000000000,43207981.000000000000000,47101,0,0,7313,16
46,2769,48,441,01384006,0500000US48441,48441,Taylor,06,2371267408.000000000000000,9721167.000000000000000,2380,0,0,22,1
47,2995,48,465,01384018,0500000US48465,48465,Val Verde,06,8144863674.000000000000000,227711349.000000000000000,8421,0,0,17,0
48,3033,06,019,00277274,0500000US06019,06019,Fresno,06,15431410219.000000000000000,137339029.000000000000000,15501,0,0,12,0
49,3081,04,012,00043540,0500000US04012,04012,La Paz,06,11653980557.000000000000000,36567994.000000000000000,11676,0,0,1587,14
50,3119,04,013,00037026,0500000US04013,04013,Maricopa,06,23825875275.000000000000000,64310266.000000000000000,23863,0,0,2945,12
51,3135,06,079,00277304,0500000US06079,06079,San Luis Obispo,06,8548552397.000000000000000,815578711.000000000000000,8615,0,0,125,1
52,3208,35,013,00929109,0500000US35013,35013,Do√±a Ana,06,9863129996.000000000000000,17627587.000000000000000,9884,0,0,2424,25
53,59,12,091,00306915,0500000US12091,12091,Okaloosa,06,2409367483.000000000000000,393201898.000000000000000,2578,0,0,986,38
54,67,13,267,00347445,0500000US13267,13267,Tattnall,06,1241979177.000000000000000,22837730.000000000000000,1226,0,0,34,3
55,100,28,035,00695742,0500000US28035,28035,Forrest,06,1207042799.000000000000000,10872920.000000000000000,1212,0,0,72,6
56,123,12,095,00295750,0500000US12095,12095,Orange,06,2339138134.000000000000000,259141175.000000000000000,2630,0,0,0,0
57,167,01,053,00161552,0500000US01053,01053,Escambia,06,2447822304.000000000000000,20797758.000000000000000,2462,0,0,3,0
58,172,37,093,01008563,0500000US37093,37093,Hoke,06,1010380313.000000000000000,3981006.000000000000000,1035,0,0,365,35
59,204,12,009,00295749,0500000US12009,12009,Brevard,06,2629333877.000000000000000,1403340249.000000000000000,3364,0,0,81,2
60,283,05,045,00066852,0500000US05045,05045,Faulkner,06,1678176463.000000000000000,41765990.000000000000000,1771,0,0,36,2
61,295,37,085,01008560,0500000US37085,37085,Harnett,06,1541116844.000000000000000,16361414.000000000000000,1545,0,0,65,4
62,300,37,153,01008581,0500000US37153,37153,Richmond,06,1226882608.000000000000000,15537990.000000000000000,1249,0,0,10,1
63,314,45,015,01247985,0500000US45015,45015,Berkeley,06,2845745102.000000000000000,338007534.000000000000000,3163,0,0,68,2
64,333,45,079,01249299,0500000US45079,45079,Richland,06,1960994034.000000000000000,37854754.000000000000000,2013,0,0,220,11
65,420,13,153,01671693,0500000US13153,13153,Houston,06,972671487.000000000000000,11319233.000000000000000,986,0,0,27,3
66,447,13,189,00348794,0500000US13189,13189,McDuffie,06,666813913.000000000000000,23119020.000000000000000,704,0,0,19,3
67,452,12,031,00293656,0500000US12031,12031,Duval,06,1975764931.000000000000000,403035529.000000000000000,2212,0,0,44,2
68,459,37,103,01026338,0500000US37103,37103,Jones,06,1220837016.000000000000000,6031827.000000000000000,1252,0,0,4,0
69,487,21,221,00516957,0500000US21221,21221,Trigg,06,1143307587.000000000000000,103330127.000000000000000,1245,0,0,91,7
70,495,51,550,01498558,0500000US51550,51550,Chesapeake,25,876737781.000000000000000,32210024.000000000000000,891,0,0,24,3
71,544,01,103,00161578,0500000US01103,01103,Morgan,06,1500602270.000000000000000,50931876.000000000000000,1560,0,0,2,0
72,558,12,005,00295738,0500000US12005,12005,Bay,06,1964404472.000000000000000,711449254.000000000000000,2304,0,0,114,5
73,583,37,133,01026341,0500000US37133,37133,Onslow,06,1973376983.000000000000000,371063373.000000000000000,2086,0,0,498,24
74,622,13,191,00356886,0500000US13191,13191,McIntosh,06,1099290158.000000000000000,387088216.000000000000000,1253,0,0,40,3
75,634,13,245,00358024,0500000US13245,13245,Richmond,06,840026450.000000000000000,11024164.000000000000000,865,0,0,180,21
76,638,01,031,00161541,0500000US01031,01031,Coffee,06,1758565927.000000000000000,3907189.000000000000000,1786,0,0,65,4
77,664,13,197,00344107,0500000US13197,13197,Marion,06,947978209.000000000000000,3791374.000000000000000,954,0,0,6,1
78,670,37,165,01008585,0500000US37165,37165,Scotland,06,826556054.000000000000000,3841985.000000000000000,799,0,0,17,2
79,691,13,085,00351312,0500000US13085,13085,Dawson,06,546042216.000000000000000,9272655.000000000000000,546,0,0,51,9
80,726,13,095,00351259,0500000US13095,13095,Dougherty,06,851140307.000000000000000,15396055.000000000000000,866,0,0,14,2
81,757,29,145,00758527,0500000US29145,29145,Newton,06,1618104260.000000000000000,4717267.000000000000000,1619,0,0,17,1
82,772,13,047,00353230,0500000US13047,13047,Catoosa,06,419999268.000000000000000,771158.000000000000000,440,0,0,7,2
83,819,28,087,00695767,0500000US28087,28087,Lowndes,06,1309077220.000000000000000,28560499.000000000000000,1333,0,0,18,1
84,876,28,039,00695744,0500000US28039,28039,George,06,1239817244.000000000000000,12838126.000000000000000,1253,0,0,6,0
85,879,28,163,00695802,0500000US28163,28163,Yazoo,06,2387955940.000000000000000,31503956.000000000000000,2439,0,0,0,0
86,888,12,033,00295737,0500000US12033,12033,Escambia,06,1701448275.000000000000000,564025766.000000000000000,1863,0,0,33,2
87,889,21,047,00516870,0500000US21047,21047,Christian,06,1858332405.000000000000000,16928991.000000000000000,1877,0,0,57,3
88,893,48,203,01383887,0500000US48203,48203,Harrison,06,2330820903.000000000000000,40969486.000000000000000,2369,0,0,34,1
89,925,22,079,00559460,0500000US22079,22079,Rapides,15,3413632347.000000000000000,113043381.000000000000000,3494,0,0,42,1
90,935,47,017,01639729,0500000US47017,47017,Carroll,06,1547925975.000000000000000,6308712.000000000000000,1568,0,0,40,3
91,956,28,095,00695771,0500000US28095,28095,Monroe,06,1981580823.000000000000000,18138022.000000000000000,1994,0,0,0,0
92,981,01,045,00161548,0500000US01045,01045,Dale,06,1453311031.000000000000000,4016457.000000000000000,1470,0,0,181,12
93,989,13,187,00357196,0500000US13187,13187,Lumpkin,06,732786481.000000000000000,3280165.000000000000000,701,0,0,256,37
94,1028,28,041,00695745,0500000US28041,28041,Greene,06,1846034017.000000000000000,15380474.000000000000000,1862,0,0,0,0
95,1051,47,157,01639790,0500000US47157,47157,Shelby,06,1977720315.000000000000000,55485268.000000000000000,2069,0,0,6,0
96,1122,01,101,00161577,0500000US01101,01101,Montgomery,06,2033764493.000000000000000,37997545.000000000000000,2073,0,0,11,1
97,1125,40,143,01101859,0500000US40143,40143,Tulsa,06,1477021879.000000000000000,43361035.000000000000000,1536,0,0,0,0
98,1134,37,125,01008573,0500000US37125,37125,Moore,06,1806961891.000000000000000,20736340.000000000000000,1819,0,0,12,1
99,1170,22,043,00558567,0500000US22043,22043,Grant,15,1665429795.000000000000000,56013947.000000000000000,1758,0,0,9,1
100,1178,13,039,01671316,0500000US13039,13039,Camden,06,1587815888.000000000000000,437170621.000000000000000,1788,0,0,71,4
101,1186,12,069,00308551,0500000US12069,12069,Lake,06,2436872973.000000000000000,559601970.000000000000000,2963,0,0,0,0
102,1194,48,277,01383925,0500000US48277,48277,Lamar,06,2349588917.000000000000000,67136455.000000000000000,2435,0,0,27,1
103,1231,51,810,01498559,0500000US51810,51810,Virginia Beach,25,633823900.000000000000000,654692027.000000000000000,810,0,0,40,5
104,1236,12,131,00295727,0500000US12131,12131,Walton,06,2687686788.000000000000000,522848570.000000000000000,3005,0,0,626,21
105,1270,13,111,00351094,0500000US13111,13111,Fannin,06,1002610853.000000000000000,13459979.000000000000000,1041,0,0,436,42
106,1293,40,121,01101848,0500000US40121,40121,Pittsburg,06,3381112561.000000000000000,187439435.000000000000000,3518,0,0,182,5
107,1297,47,161,01639792,0500000US47161,47161,Stewart,06,1189687496.000000000000000,87209797.000000000000000,1276,0,0,102,8
108,1359,13,123,00351260,0500000US13123,13123,Gilmer,06,1103942496.000000000000000,12227724.000000000000000,1115,0,0,299,27
109,1385,28,111,00695778,0500000US28111,28111,Perry,06,1676259638.000000000000000,7754345.000000000000000,1689,0,0,482,29
110,1388,12,055,00295756,0500000US12055,12055,Highlands,06,2632952088.000000000000000,231653040.000000000000000,2858,0,0,217,8
111,1410,22,115,00559548,0500000US22115,22115,Vernon,15,3439275960.000000000000000,35153783.000000000000000,3469,0,0,669,19
112,1417,13,053,00351012,0500000US13053,13053,Chattahoochee,06,644222675.000000000000000,6292704.000000000000000,627,0,0,471,75
113,1439,13,063,01672399,0500000US13063,13063,Clayton,06,366881210.000000000000000,7038080.000000000000000,372,0,0,6,2
114,1474,22,085,00559489,0500000US22085,22085,Sabine,15,2244636627.000000000000000,375317817.000000000000000,2616,0,0,43,2
115,1475,22,069,00558108,0500000US22069,22069,Natchitoches,15,3243341073.000000000000000,121033890.000000000000000,3380,0,0,71,2
116,1499,37,191,01026128,0500000US37191,37191,Wayne,06,1434638257.000000000000000,9855192.000000000000000,1437,0,0,13,1
117,1525,22,015,00558453,0500000US22015,22015,Bossier,15,2176185432.000000000000000,70496339.000000000000000,2287,0,0,99,4
118,1587,51,710,01498557,0500000US51710,51710,Norfolk,25,137985835.000000000000000,111697132.000000000000000,176,0,0,19,11
119,1607,28,121,00695781,0500000US28121,28121,Rankin,06,2008322209.000000000000000,79429951.000000000000000,2091,0,0,0,0
120,1630,37,143,01025841,0500000US37143,37143,Perquimans,06,640099676.000000000000000,211829497.000000000000000,862,0,0,6,1
121,1633,37,055,01026133,0500000US37055,37055,Dare,06,992522471.000000000000000,3000549341.000000000000000,3152,0,0,186,6
122,1634,37,053,01026125,0500000US37053,37053,Currituck,06,678415822.000000000000000,685024028.000000000000000,1156,0,0,3,0
123,1664,13,163,00345714,0500000US13163,13163,Jefferson,06,1363593760.000000000000000,8237192.000000000000000,1356,0,0,17,1
124,1714,22,071,00558113,0500000US22071,22071,Orleans,15,438813602.000000000000000,467285512.000000000000000,910,0,0,1,0
125,1721,22,075,00558125,0500000US22075,22075,Plaquemines,15,2021056000.000000000000000,4628015820.000000000000000,3746,0,0,20,1
126,1725,01,003,00161527,0500000US01003,01003,Baldwin,06,4117605847.000000000000000,1133109409.000000000000000,4372,0,0,10,0
127,1777,05,131,00069181,0500000US05131,05131,Sebastian,06,1377601663.000000000000000,39693809.000000000000000,1417,0,0,229,16
128,1805,05,033,00069161,0500000US05033,05033,Crawford,06,1531188224.000000000000000,31076498.000000000000000,1581,0,0,0,0
129,1807,05,047,00066853,0500000US05047,05047,Franklin,06,1576930289.000000000000000,27936032.000000000000000,1592,0,0,34,2
130,1826,12,083,00306922,0500000US12083,12083,Marion,06,4114226894.000000000000000,192048864.000000000000000,4315,0,0,23,1
131,1865,01,073,00161562,0500000US01073,01073,Jefferson,06,2877921069.000000000000000,32756125.000000000000000,2951,0,0,1,0
132,1895,13,185,00326720,0500000US13185,13185,Lowndes,06,1285022595.000000000000000,37361466.000000000000000,1335,0,0,16,1
133,1940,12,019,00295726,0500000US12019,12019,Clay,06,1566439483.000000000000000,100339826.000000000000000,1682,0,0,298,18
134,1944,47,051,01639744,0500000US47051,47051,Franklin,06,1436108593.000000000000000,55079682.000000000000000,1506,0,0,66,4
135,1953,28,069,00695758,0500000US28069,28069,Kemper,06,1984403113.000000000000000,2182350.000000000000000,1984,0,0,9,0
136,1968,28,097,00711757,0500000US28097,28097,Montgomery,06,1054074717.000000000000000,2352280.000000000000000,1053,0,0,0,0
137,1992,40,101,01101838,0500000US40101,40101,Muskogee,06,2099053124.000000000000000,75966890.000000000000000,2208,0,0,128,6
138,1994,40,135,01101855,0500000US40135,40135,Sequoyah,06,1743779422.000000000000000,105832791.000000000000000,1869,0,0,0,0
139,2011,13,021,01672039,0500000US13021,13021,Bibb,06,645699773.000000000000000,14503560.000000000000000,618,0,0,0,0
140,2038,47,053,01639745,0500000US47053,47053,Gibson,06,1561106434.000000000000000,2341447.000000000000000,1560,0,0,50,3
141,2091,45,019,01252740,0500000US45019,45019,Charleston,06,2376245593.000000000000000,1141008039.000000000000000,2840,0,0,14,0
142,2099,13,029,00350496,0500000US13029,13029,Bryan,06,1130182689.000000000000000,46852821.000000000000000,1209,0,0,438,36
143,2143,47,163,01639793,0500000US47163,47163,Sullivan,06,1070732761.000000000000000,42201523.000000000000000,1123,0,0,0,0
144,2169,37,049,01026123,0500000US37049,37049,Craven,06,1830335129.000000000000000,172457083.000000000000000,2043,0,0,42,2
145,2179,12,087,00295759,0500000US12087,12087,Monroe,06,2545998106.000000000000000,7133386423.000000000000000,4670,0,0,23,0
146,2191,47,093,01639761,0500000US47093,47093,Knox,06,1316572195.000000000000000,45439419.000000000000000,1392,0,0,0,0
147,2209,12,105,00295747,0500000US12105,12105,Polk,06,4653579490.000000000000000,553462009.000000000000000,5248,0,0,220,4
148,2211,13,109,00345923,0500000US13109,13109,Evans,06,473612756.000000000000000,10377268.000000000000000,465,0,0,68,15
149,2214,13,173,00348102,0500000US13173,13173,Lanier,06,479903057.000000000000000,37546688.000000000000000,529,0,0,7,1
150,2220,01,089,00161570,0500000US01089,01089,Madison,06,2076145098.000000000000000,28777508.000000000000000,2111,0,0,153,7
151,2238,47,125,01639777,0500000US47125,47125,Montgomery,06,1396430651.000000000000000,12080001.000000000000000,1389,0,0,174,13
152,2257,13,179,00357095,0500000US13179,13179,Liberty,06,1336136727.000000000000000,224402177.000000000000000,1417,0,0,484,34
153,2259,12,057,00295757,0500000US12057,12057,Hillsborough,06,2642602901.000000000000000,635590801.000000000000000,2972,0,0,22,1
154,2278,05,119,00069177,0500000US05119,05119,Pulaski,06,1965575733.000000000000000,126242806.000000000000000,2101,0,0,123,6
155,2291,45,075,01248014,0500000US45075,45075,Orangeburg,06,2864691029.000000000000000,56516003.000000000000000,2884,0,0,9,0
156,2296,13,215,00357428,0500000US13215,13215,Muscogee,06,560544127.000000000000000,11859741.000000000000000,586,0,0,209,36
157,2299,12,086,00295755,0500000US12086,12086,Miami-Dade,06,4917514967.000000000000000,1379206478.000000000000000,5415,0,0,8,0
158,2326,47,031,01639735,0500000US47031,47031,Coffee,06,1111017222.000000000000000,14472637.000000000000000,1137,0,0,92,8
159,2334,45,085,01244717,0500000US45085,45085,Sumter,06,1722537126.000000000000000,44054520.000000000000000,1777,0,0,14,1
160,2377,13,263,00326757,0500000US13263,13263,Talbot,06,1013662791.000000000000000,8766849.000000000000000,1016,0,0,1,0
161,2388,37,051,01026124,0500000US37051,37051,Cumberland,06,1690029281.000000000000000,15379703.000000000000000,1701,0,0,188,11
162,2399,45,013,01247984,0500000US45013,45013,Beaufort,06,1492881338.000000000000000,899019054.000000000000000,1792,0,0,57,3
163,2442,45,051,01248005,0500000US45051,45051,Horry,06,2937082399.000000000000000,313208767.000000000000000,2975,0,0,16,1
164,2459,51,740,01498556,0500000US51740,51740,Portsmouth,25,86247836.000000000000000,34658655.000000000000000,119,0,0,6,5
165,2489,28,075,00695761,0500000US28075,28075,Lauderdale,06,1822451131.000000000000000,29787695.000000000000000,1849,0,0,30,2
166,2509,28,043,00695746,0500000US28043,28043,Grenada,06,1093252402.000000000000000,70698246.000000000000000,1168,0,0,53,5
167,2511,28,099,00695772,0500000US28099,28099,Neshoba,06,1476641123.000000000000000,3830971.000000000000000,1482,0,0,1,0
168,2530,28,055,00695751,0500000US28055,28055,Issaquena,06,1069782900.000000000000000,73507441.000000000000000,1082,0,0,3,0
169,2535,01,035,00161543,0500000US01035,01035,Conecuh,06,2201948618.000000000000000,6643480.000000000000000,2245,0,0,2,0
170,2545,13,051,01694477,0500000US13051,13051,Chatham,06,1112416679.000000000000000,525134462.000000000000000,1297,0,0,23,2
171,2549,13,183,00326719,0500000US13183,13183,Long,06,1037005778.000000000000000,8862741.000000000000000,1060,0,0,133,13
172,2583,22,119,00559567,0500000US22119,22119,Webster,15,1536282650.000000000000000,56145063.000000000000000,1599,0,0,51,3
173,2588,37,031,01026337,0500000US37031,37031,Carteret,06,1314749435.000000000000000,2131001182.000000000000000,2770,0,0,58,2
174,2619,01,113,00161583,0500000US01113,01113,Russell,06,1660557977.000000000000000,15661281.000000000000000,1677,0,0,51,3
175,2633,47,073,01639752,0500000US47073,47073,Hawkins,06,1261465560.000000000000000,32543978.000000000000000,1290,0,0,25,2
176,2755,12,113,00306914,0500000US12113,12113,Santa Rosa,06,2621316069.000000000000000,418753385.000000000000000,3058,0,0,293,10
177,2760,12,093,00295760,0500000US12093,12093,Okeechobee,06,1991433070.000000000000000,318578493.000000000000000,2316,0,0,1,0
178,2847,05,069,00066862,0500000US05069,05069,Jefferson,06,2253166949.000000000000000,113500176.000000000000000,2382,0,0,55,2
179,2868,28,059,00695753,0500000US28059,28059,Jackson,06,1872033050.000000000000000,830368430.000000000000000,1988,0,0,0,0
180,2913,12,007,00303634,0500000US12007,12007,Bradford,06,761362376.000000000000000,16904945.000000000000000,790,0,0,1,0
181,2921,40,021,01101798,0500000US40021,40021,Cherokee,06,1940958254.000000000000000,69624105.000000000000000,2014,0,0,0,0
182,2930,13,291,00353193,0500000US13291,13291,Union,06,834083256.000000000000000,18082753.000000000000000,861,0,0,353,41
183,2933,37,095,01008564,0500000US37095,37095,Hyde,06,1585933592.000000000000000,2192961833.000000000000000,3658,0,0,3,0
184,2952,01,069,00161560,0500000US01069,01069,Houston,06,1501807104.000000000000000,4730565.000000000000000,1493,0,0,1,0
185,2955,37,119,01008570,0500000US37119,37119,Mecklenburg,06,1356030322.000000000000000,56685361.000000000000000,1400,0,0,0,0
186,2970,01,061,00161556,0500000US01061,01061,Geneva,06,1487870866.000000000000000,11604964.000000000000000,1472,0,0,0,0
187,2994,28,047,00695747,0500000US28047,28047,Harrison,06,1486713863.000000000000000,1063618187.000000000000000,1534,0,0,12,1
188,3018,01,015,00161533,0500000US01015,01015,Calhoun,06,1569244078.000000000000000,16573120.000000000000000,1584,0,0,143,9
189,3077,13,067,01686112,0500000US13067,13067,Cobb,06,879926969.000000000000000,12497709.000000000000000,905,0,0,7,1
190,3094,48,037,01383804,0500000US48037,48037,Bowie,06,2292153750.000000000000000,98319961.000000000000000,2449,0,0,77,3
191,3152,37,019,01026340,0500000US37019,37019,Brunswick,06,2199384961.000000000000000,518918118.000000000000000,2427,0,0,47,2
192,3189,37,167,01025844,0500000US37167,37167,Stanly,06,1023370455.000000000000000,25242751.000000000000000,1050,0,0,0,0
193,3219,13,073,00348865,0500000US13073,13073,Columbia,06,751323672.000000000000000,45373097.000000000000000,812,0,0,9,1
194,73,31,035,00835839,0500000US31035,31035,Clay,06,1482222903.000000000000000,3234878.000000000000000,1485,0,0,8,1
195,126,20,061,00484999,0500000US20061,20061,Geary,06,996280339.000000000000000,51594747.000000000000000,999,0,0,76,8
196,234,31,001,00835823,0500000US31001,31001,Adams,06,1458869099.000000000000000,2481410.000000000000000,1461,0,0,5,0
197,290,38,067,01034212,0500000US38067,38067,Pembina,06,2897408189.000000000000000,7010908.000000000000000,2936,0,0,1,0
198,312,46,103,01266995,0500000US46103,46103,Pennington,06,7191808178.000000000000000,19906989.000000000000000,7219,0,0,6,0
199,321,46,099,01265772,0500000US46099,46099,Minnehaha,06,2089691696.000000000000000,18198505.000000000000000,2112,0,0,1,0
200,361,38,017,01034226,0500000US38017,38017,Cass,06,4571107601.000000000000000,7732062.000000000000000,4563,0,0,1,0
201,382,38,101,01034231,0500000US38101,38101,Ward,06,5214059942.000000000000000,110820843.000000000000000,5308,0,0,20,0
202,463,53,031,01531936,0500000US53031,53031,Jefferson,06,4671790710.000000000000000,994835543.000000000000000,4949,0,0,11,0
203,525,08,043,00198137,0500000US08043,08043,Fremont,06,3970664546.000000000000000,2235374.000000000000000,3966,0,0,25,1
204,719,20,169,00485047,0500000US20169,20169,Saline,06,1865381414.000000000000000,2809967.000000000000000,1851,0,0,135,7
205,778,20,161,00485044,0500000US20161,20161,Riley,06,1579167161.000000000000000,31952420.000000000000000,1642,0,0,335,20
206,842,56,021,01605075,0500000US56021,56021,Laramie,06,6956482527.000000000000000,4273816.000000000000000,6959,0,0,24,0
207,871,08,041,00198135,0500000US08041,08041,El Paso,06,5508502469.000000000000000,7099036.000000000000000,5498,0,0,437,8
208,899,06,085,00277307,0500000US06085,06085,Santa Clara,06,3344209919.000000000000000,33276429.000000000000000,3405,0,0,0,0
209,937,49,035,01448031,0500000US49035,49035,Salt Lake,06,1921906751.000000000000000,164903351.000000000000000,2104,0,0,43,2
210,939,53,061,01529222,0500000US53061,53061,Snohomish,06,5404083801.000000000000000,282887163.000000000000000,5740,0,0,20,0
211,1007,31,079,00835861,0500000US31079,31079,Hall,06,1414817966.000000000000000,15229160.000000000000000,1430,0,0,18,1
212,1158,41,059,01156673,0500000US41059,41059,Umatilla,06,8327941915.000000000000000,41647897.000000000000000,8409,0,0,29,0
213,1223,53,053,01529159,0500000US53053,53053,Pierce,06,4320445281.000000000000000,355666719.000000000000000,4687,0,0,290,6
214,1230,49,057,01448042,0500000US49057,49057,Weber,06,1492520445.000000000000000,216460044.000000000000000,1722,0,0,7,0
215,1245,06,081,00277305,0500000US06081,06081,San Mateo,06,1161757245.000000000000000,757313941.000000000000000,1205,0,0,0,0
216,1265,53,029,01513272,0500000US53029,53029,Island,06,539709170.000000000000000,800155316.000000000000000,1017,0,0,32,3
217,1287,38,005,01034216,0500000US38005,38005,Benson,06,3596568808.000000000000000,131708144.000000000000000,3674,0,0,0,0
218,1351,49,023,01455158,0500000US49023,49023,Juab,06,8784407434.000000000000000,36542088.000000000000000,8860,0,0,0,0
219,1429,41,051,01135861,0500000US41051,41051,Multnomah,06,1116597726.000000000000000,88213123.000000000000000,1201,0,0,1,0
220,1431,38,071,01034215,0500000US38071,38071,Ramsey,06,3074174337.000000000000000,295182394.000000000000000,3351,0,0,10,0
221,1462,49,049,01448038,0500000US49049,49049,Utah,06,5189271229.000000000000000,364277381.000000000000000,5506,0,0,57,1
222,1466,53,063,01529225,0500000US53063,53063,Spokane,06,4568458718.000000000000000,43434957.000000000000000,4620,0,0,17,0
223,1526,06,013,01675903,0500000US06013,06013,Contra Costa,06,1857310903.000000000000000,225193562.000000000000000,1960,0,0,25,1
224,1614,30,049,00793926,0500000US30049,30049,Lewis and Clark,06,8957160027.000000000000000,101500820.000000000000000,9076,0,0,27,0
225,1631,32,001,00858638,0500000US32001,32001,Churchill,06,12770128151.000000000000000,242405502.000000000000000,13009,0,0,923,7
226,1654,06,023,01681908,0500000US06023,06023,Humboldt,06,9241251740.000000000000000,1254039383.000000000000000,9367,0,0,0,0
227,1718,08,005,00198118,0500000US08005,08005,Arapahoe,06,2066634438.000000000000000,19499590.000000000000000,2062,0,0,13,1
228,1754,08,071,00198151,0500000US08071,08071,Las Animas,06,12361852569.000000000000000,6929970.000000000000000,12354,0,0,952,8
229,1771,53,037,01531926,0500000US53037,53037,Kittitas,06,5949976954.000000000000000,92436005.000000000000000,6076,0,0,667,11
230,1850,49,003,01455966,0500000US49003,49003,Box Elder,06,14880984762.000000000000000,2547651528.000000000000000,17405,0,0,869,5
231,1852,49,015,01448022,0500000US49015,49015,Emery,06,11557242845.000000000000000,24843848.000000000000000,11548,0,0,1,0
232,1899,49,045,01448036,0500000US49045,49045,Tooele,06,17979586953.000000000000000,891043654.000000000000000,18906,0,0,6275,33
233,2000,16,001,00395066,0500000US16001,16001,Ada,06,2724902770.000000000000000,21961614.000000000000000,2753,0,0,2,0
234,2003,32,021,00858644,0500000US32021,32021,Mineral,06,9719815219.000000000000000,155746682.000000000000000,9882,0,0,591,6
235,2051,06,115,00277322,0500000US06115,06115,Yuba,06,1636913850.000000000000000,31057914.000000000000000,1618,0,0,94,6
236,2074,53,033,01531933,0500000US53033,53033,King,06,5478366437.000000000000000,497909625.000000000000000,5932,0,0,0,0
237,2080,41,007,01135846,0500000US41007,41007,Clatsop,06,2145196270.000000000000000,661305228.000000000000000,2253,0,0,7,0
238,2109,32,007,00857664,0500000US32007,32007,Elko,06,44468067633.000000000000000,85736268.000000000000000,44564,0,0,0,0
239,2197,53,077,01531929,0500000US53077,53077,Yakima,06,11122757370.000000000000000,41168172.000000000000000,11199,0,0,656,6
240,2262,06,051,00277290,0500000US06051,06051,Mono,06,7896838493.000000000000000,214695673.000000000000000,8110,0,0,0,0
241,2304,16,073,00399760,0500000US16073,16073,Owyhee,06,19860561623.000000000000000,74125616.000000000000000,19899,0,0,443,2
242,2429,53,067,01529226,0500000US53067,53067,Thurston,06,1871173425.000000000000000,133711607.000000000000000,1988,0,0,79,4
243,2502,41,035,01155134,0500000US41035,41035,Klamath,06,15391613763.000000000000000,503712593.000000000000000,15946,0,0,1,0
244,2507,06,067,00277298,0500000US06067,06067,Sacramento,06,2499039655.000000000000000,76217822.000000000000000,2566,0,0,0,0
245,2522,08,031,00198131,0500000US08031,08031,Denver,06,397057845.000000000000000,4236701.000000000000000,435,0,0,0,0
246,2541,16,055,00395661,0500000US16055,16055,Kootenai,06,3205258021.000000000000000,185023431.000000000000000,3390,0,0,0,0
247,2584,20,113,00485021,0500000US20113,20113,McPherson,06,2326519566.000000000000000,6031186.000000000000000,2332,0,0,2,0
248,2596,49,019,01448024,0500000US49019,49019,Grand,06,9512361722.000000000000000,31552277.000000000000000,9551,0,0,15,0
249,2650,06,045,00277287,0500000US06045,06045,Mendocino,06,9081426673.000000000000000,962946204.000000000000000,9178,0,0,0,0
250,2660,31,109,00835876,0500000US31109,31109,Lancaster,06,2169252486.000000000000000,22867561.000000000000000,2193,0,0,1,0
251,2691,06,095,00277312,0500000US06095,06095,Solano,06,2128347201.000000000000000,218679972.000000000000000,2313,0,0,26,1
252,2708,49,011,01448020,0500000US49011,49011,Davis,06,774500764.000000000000000,870693260.000000000000000,1633,0,0,23,1
253,2709,38,035,01034218,0500000US38035,38035,Grand Forks,06,3720138079.000000000000000,8156569.000000000000000,3717,0,0,20,1
254,2720,56,031,01605080,0500000US56031,56031,Platte,06,5398019715.000000000000000,69035953.000000000000000,5466,0,0,263,5
255,2733,08,089,00198160,0500000US08089,08089,Otero,06,3268891492.000000000000000,19625371.000000000000000,3267,0,0,1,0
256,2797,41,049,01135860,0500000US41049,41049,Morrow,06,5259049905.000000000000000,44372295.000000000000000,5333,0,0,227,4
257,2854,06,035,01693324,0500000US06035,06035,Lassen,06,11761615611.000000000000000,463426050.000000000000000,12214,0,0,121,1
258,2903,30,007,01719625,0500000US30007,30007,Broadwater,06,3088195835.000000000000000,118487318.000000000000000,3189,0,0,86,3
259,2929,06,061,00277295,0500000US06061,06061,Placer,06,3644244131.000000000000000,246575767.000000000000000,3910,0,0,1,0
260,2983,20,173,00485049,0500000US20173,20173,Sedgwick,06,2583496854.000000000000000,30113787.000000000000000,2615,0,0,11,0
261,3008,53,035,01529223,0500000US53035,53035,Kitsap,06,1023306116.000000000000000,442189824.000000000000000,1458,0,0,34,2
262,3036,06,077,00277303,0500000US06077,06077,San Joaquin,06,3606190671.000000000000000,89046837.000000000000000,3701,0,0,5,0
263,3052,08,101,00198166,0500000US08101,08101,Pueblo,06,6180089507.000000000000000,30094812.000000000000000,6221,0,0,286,5
264,3082,16,039,00400252,0500000US16039,16039,Elmore,06,7964192255.000000000000000,68555510.000000000000000,7984,0,0,24,0
265,3098,30,013,01719622,0500000US30013,30013,Cascade,06,6988237777.000000000000000,34396942.000000000000000,7019,0,0,14,0
266,3130,20,027,00484983,0500000US20027,20027,Clay,06,1671314205.000000000000000,26701337.000000000000000,1702,0,0,0,0
267,3147,46,093,01266991,0500000US46093,46093,Meade,06,8989706542.000000000000000,30712698.000000000000000,9038,0,0,16,0
268,3148,38,027,01034222,0500000US38027,38027,Eddy,06,1632134148.000000000000000,36114199.000000000000000,1679,0,0,37,2
269,3183,06,001,01675839,0500000US06001,06001,Alameda,06,1909616630.000000000000000,216916717.000000000000000,1964,0,0,6,0
270,22,51,670,01498428,0500000US51670,51670,Hopewell,25,26668801.000000000000000,1324529.000000000000000,28,0,0,0,0
271,46,42,075,01214034,0500000US42075,42075,Lebanon,06,937138344.000000000000000,1727921.000000000000000,946,0,0,50,5
272,50,55,141,01581130,0500000US55141,55141,Wood,06,2053928984.000000000000000,42054151.000000000000000,2096,0,0,0,0
273,70,26,077,01622981,0500000US26077,26077,Kalamazoo,06,1456083085.000000000000000,46882315.000000000000000,1502,0,0,23,2
274,77,50,015,01461764,0500000US50015,50015,Lamoille,06,1188473310.000000000000000,12658077.000000000000000,1190,0,0,0,0
275,86,11,001,01702382,0500000US11001,11001,District of Columbia,00,158351639.000000000000000,18675956.000000000000000,179,0,0,6,3
276,111,18,005,00451683,0500000US18005,18005,Bartholomew,06,1053869826.000000000000000,6814131.000000000000000,1051,0,0,105,10
277,121,51,099,01480137,0500000US51099,51099,King George,06,465080763.000000000000000,21140635.000000000000000,427,0,0,13,3
278,133,55,025,01581072,0500000US55025,55025,Dane,06,3098774789.000000000000000,106341440.000000000000000,3192,0,0,1,0
279,147,39,003,01074015,0500000US39003,39003,Allen,06,1042470095.000000000000000,11266164.000000000000000,1059,0,0,1,0
280,229,27,035,00659463,0500000US27035,27035,Crow Wing,06,2585785629.000000000000000,409661410.000000000000000,3057,0,0,3,0
281,249,36,067,00974132,0500000US36067,36067,Onondaga,06,2016012328.000000000000000,70528316.000000000000000,2108,0,0,1,0
282,250,19,193,00465285,0500000US19193,19193,Woodbury,06,2260790978.000000000000000,12793719.000000000000000,2276,0,0,0,0
283,287,36,083,00974140,0500000US36083,36083,Rensselaer,06,1689815931.000000000000000,33569457.000000000000000,1762,0,0,0,0
284,332,51,013,01480097,0500000US51013,51013,Arlington,06,67362395.000000000000000,244142.000000000000000,69,0,0,2,3
285,353,42,069,01213675,0500000US42069,42069,Lackawanna,06,1188217624.000000000000000,15896171.000000000000000,1161,0,0,0,0
286,370,27,097,00659494,0500000US27097,27097,Morrison,06,2913973124.000000000000000,73283119.000000000000000,2972,0,0,208,7
287,418,39,155,01074089,0500000US39155,39155,Trumbull,06,1600938408.000000000000000,47766218.000000000000000,1652,0,0,7,0
288,457,39,049,01074037,0500000US39049,39049,Franklin,06,1378853105.000000000000000,29125601.000000000000000,1427,0,0,3,0
289,578,10,001,00217271,0500000US10001,10001,Kent,06,1518568163.000000000000000,549099845.000000000000000,1545,0,0,13,1
290,591,21,093,00516893,0500000US21093,21093,Hardin,06,1614331601.000000000000000,17701432.000000000000000,1629,0,0,236,14
291,614,26,079,01622982,0500000US26079,26079,Kalkaska,06,1449687582.000000000000000,28061738.000000000000000,1478,0,0,169,11
292,627,18,055,00451676,0500000US18055,18055,Greene,06,1404983930.000000000000000,8919620.000000000000000,1413,0,0,12,1
293,663,39,173,01074098,0500000US39173,39173,Wood,06,1598508447.000000000000000,8545541.000000000000000,1608,0,0,0,0
294,751,51,033,01480107,0500000US51033,51033,Caroline,06,1366471980.000000000000000,24948487.000000000000000,1413,0,0,300,21
295,796,24,005,01695314,0500000US24005,24005,Baltimore,06,1549830329.000000000000000,215909963.000000000000000,1670,0,0,22,1
296,803,36,079,00974138,0500000US36079,36079,Putnam,06,596504204.000000000000000,41282800.000000000000000,640,0,0,0,0
297,815,29,510,00767557,0500000US29510,29510,St. Louis,25,160462911.000000000000000,10663382.000000000000000,163,0,0,0,0
298,860,39,057,01074041,0500000US39057,39057,Greene,06,1071555583.000000000000000,6535068.000000000000000,1073,0,0,26,2
299,892,42,101,01209187,0500000US42101,42101,Philadelphia,06,347520038.000000000000000,22086063.000000000000000,365,0,0,2,1
300,954,27,021,00659456,0500000US27021,27021,Cass,06,5235576788.000000000000000,1016652167.000000000000000,6254,0,0,3,0
301,1011,55,081,01581101,0500000US55081,55081,Monroe,06,2333327981.000000000000000,18589237.000000000000000,2339,0,0,241,10
302,1023,18,003,00450402,0500000US18003,18003,Allen,06,1702454342.000000000000000,6999605.000000000000000,1721,0,0,0,0
303,1055,51,121,01674630,0500000US51121,51121,Montgomery,06,1001920374.000000000000000,6291775.000000000000000,1010,0,0,5,0
304,1070,29,095,00758502,0500000US29095,29095,Jackson,06,1565601892.000000000000000,30717815.000000000000000,1600,0,0,16,1
305,1072,36,065,00974131,0500000US36065,36065,Oneida,06,3139921985.000000000000000,117340432.000000000000000,3259,0,0,2,0
306,1080,55,057,01581088,0500000US55057,55057,Juneau,06,1986622513.000000000000000,98737513.000000000000000,2117,0,0,38,2
307,1109,34,015,00882277,0500000US34015,34015,Gloucester,06,833862843.000000000000000,38373885.000000000000000,843,0,0,0,0
308,1137,19,049,00465213,0500000US19049,19049,Dallas,06,1523691141.000000000000000,8561943.000000000000000,1521,0,0,14,1
309,1151,51,135,01493928,0500000US51135,51135,Nottoway,06,814265581.000000000000000,4297829.000000000000000,797,0,0,88,11
310,1203,18,081,00450365,0500000US18081,18081,Johnson,06,829909465.000000000000000,3525572.000000000000000,833,0,0,16,2
311,1208,23,019,00581295,0500000US23019,23019,Penobscot,06,8798662789.000000000000000,414019982.000000000000000,9239,0,0,1,0
312,1253,25,013,00606933,0500000US25013,25013,Hampden,06,1598126407.000000000000000,44423491.000000000000000,1669,0,0,10,1
313,1305,51,061,01480120,0500000US51061,51061,Fauquier,06,1678273823.000000000000000,9687703.000000000000000,1679,0,0,14,1
314,1338,25,017,00606935,0500000US25017,25017,Middlesex,06,2117830644.000000000000000,75814940.000000000000000,2222,0,0,3,0
315,1343,36,063,00974130,0500000US36063,36063,Niagara,06,1352887116.000000000000000,1598842827.000000000000000,1387,0,0,3,0
316,1480,51,730,01498435,0500000US51730,51730,Petersburg,25,58813627.000000000000000,609780.000000000000000,53,0,0,0,0
317,1485,09,003,00212338,0500000US09003,09003,Hartford,06,1903983151.000000000000000,40128067.000000000000000,1958,0,0,1,0
318,1495,31,153,00835898,0500000US31153,31153,Sarpy,06,618872493.000000000000000,22209229.000000000000000,660,0,0,13,2
319,1496,51,179,01480173,0500000US51179,51179,Stafford,06,697237227.000000000000000,28088013.000000000000000,748,0,0,132,18
320,1520,34,005,00882272,0500000US34005,34005,Burlington,06,2069239325.000000000000000,55032009.000000000000000,2149,0,0,115,5
321,1535,24,017,01676992,0500000US24017,24017,Charles,06,1185656912.000000000000000,479539652.000000000000000,1202,0,0,16,1
322,1544,24,025,01698178,0500000US24025,24025,Harford,06,1132095114.000000000000000,231904976.000000000000000,1260,0,0,212,17
323,1549,24,037,01697853,0500000US24037,24037,St. Mary's,06,928885370.000000000000000,1050517131.000000000000000,1106,0,0,30,3
324,1583,19,057,00465217,0500000US19057,19057,Des Moines,06,1077784093.000000000000000,35342793.000000000000000,1130,0,0,78,7
325,1598,51,111,01492239,0500000US51111,51111,Lunenburg,06,1118051114.000000000000000,1795027.000000000000000,1135,0,0,0,0
326,1616,31,155,00835899,0500000US31155,31155,Saunders,06,1943097562.000000000000000,24827641.000000000000000,1973,0,0,7,0
327,1619,36,045,00974121,0500000US36045,36045,Jefferson,06,3285895343.000000000000000,1524639909.000000000000000,3795,0,0,365,10
328,1635,18,061,00451677,0500000US18061,18061,Harrison,06,1254889443.000000000000000,5193189.000000000000000,1246,0,0,3,0
329,1640,25,001,00606927,0500000US25001,25001,Barnstable,06,1020989901.000000000000000,2360346063.000000000000000,1418,0,0,83,6
330,1652,24,003,01710958,0500000US24003,24003,Anne Arundel,06,1074289193.000000000000000,448097535.000000000000000,1213,0,0,30,2
331,1667,51,700,01498555,0500000US51700,51700,Newport News,25,178939602.000000000000000,131011289.000000000000000,302,0,0,33,11
332,1669,36,089,00977309,0500000US36089,36089,St. Lawrence,06,6939259769.000000000000000,367915773.000000000000000,7337,0,0,0,0
333,1675,34,027,00882231,0500000US34027,34027,Morris,06,1192765238.000000000000000,54376835.000000000000000,1230,0,0,24,2
334,1685,51,053,01690739,0500000US51053,51053,Dinwiddie,06,1305041272.000000000000000,9004891.000000000000000,1322,0,0,52,4
335,1698,17,097,01784796,0500000US17097,17097,Lake,06,1149926934.000000000000000,2394188156.000000000000000,1215,0,0,5,0
336,1710,55,079,01581100,0500000US55079,55079,Milwaukee,06,625439443.000000000000000,2455436199.000000000000000,624,0,0,0,0
337,1730,50,007,01461760,0500000US50007,50007,Chittenden,06,1389740233.000000000000000,214237435.000000000000000,1599,0,0,45,3
338,1732,19,153,00465265,0500000US19153,19153,Polk,06,1482734960.000000000000000,49332276.000000000000000,1523,0,0,86,6
339,1740,51,149,01480160,0500000US51149,51149,Prince George,06,686941559.000000000000000,43184612.000000000000000,718,0,0,23,3
340,1741,26,137,01623011,0500000US26137,26137,Otsego,06,1333913235.000000000000000,28997739.000000000000000,1368,0,0,25,2
341,1743,51,153,01480161,0500000US51153,51153,Prince William,06,869614721.000000000000000,30829977.000000000000000,878,0,0,87,10
342,1745,24,033,01714670,0500000US24033,24033,Prince George's,06,1250087042.000000000000000,41892810.000000000000000,1286,0,0,26,2
343,1782,42,043,01213667,0500000US42043,42043,Dauphin,06,1359893289.000000000000000,85780786.000000000000000,1449,0,0,25,2
344,1803,44,009,01219782,0500000US44009,44009,Washington,06,852825659.000000000000000,604771644.000000000000000,979,0,0,0,0
345,1813,36,091,00974143,0500000US36091,36091,Saratoga,06,2097880370.000000000000000,87571838.000000000000000,2182,0,0,0,0
346,1817,36,071,00974134,0500000US36071,36071,Orange,06,2103900470.000000000000000,68092052.000000000000000,2184,0,0,66,3
347,1840,33,013,00873180,0500000US33013,33013,Merrimack,06,2415829018.000000000000000,57547411.000000000000000,2456,0,0,4,0
348,1842,34,025,00882910,0500000US34025,34025,Monmouth,06,1213128209.000000000000000,510444544.000000000000000,1251,0,0,49,4
349,1848,29,165,00758537,0500000US29165,29165,Platte,06,1088302651.000000000000000,17119867.000000000000000,1082,0,0,2,0
350,1897,36,103,00974149,0500000US36103,36103,Suffolk,06,2360846288.000000000000000,3785546967.000000000000000,3216,0,0,0,0
351,1923,42,133,01209193,0500000US42133,42133,York,06,2341882815.000000000000000,16941833.000000000000000,2312,0,0,3,0
352,1924,29,215,00758560,0500000US29215,29215,Texas,06,3049104547.000000000000000,5071080.000000000000000,3054,0,0,0,0
353,2029,54,039,01550026,0500000US54039,54039,Kanawha,06,2335215662.000000000000000,24056487.000000000000000,2326,0,0,0,0
354,2033,23,031,00581301,0500000US23031,23031,York,06,2566235154.000000000000000,722302593.000000000000000,2695,0,0,1,0
355,2054,17,099,00422247,0500000US17099,17099,LaSalle,06,2939990781.000000000000000,33693285.000000000000000,2971,0,0,12,0
356,2077,39,095,01074060,0500000US39095,39095,Lucas,06,883129493.000000000000000,660199684.000000000000000,916,0,0,1,0
357,2096,18,167,00450398,0500000US18167,18167,Vigo,06,1044993095.000000000000000,18068475.000000000000000,1040,0,0,1,0
358,2108,19,163,00465270,0500000US19163,19163,Scott,06,1186437866.000000000000000,26222175.000000000000000,1237,0,0,3,0
359,2115,24,021,01711211,0500000US24021,24021,Frederick,06,1710553993.000000000000000,18042333.000000000000000,1751,0,0,5,0
360,2157,17,161,00424282,0500000US17161,17161,Rock Island,06,1107115477.000000000000000,61715041.000000000000000,1140,0,0,4,0
361,2164,51,095,01480135,0500000US51095,51095,James City,06,368881354.000000000000000,95089229.000000000000000,494,0,0,6,1
362,2212,39,123,01074074,0500000US39123,39123,Ottawa,06,660091271.000000000000000,855217016.000000000000000,847,0,0,2,0
363,2230,54,071,01550042,0500000US54071,54071,Pendleton,06,1802751454.000000000000000,5437237.000000000000000,1839,0,0,0,0
364,2261,18,103,00450373,0500000US18103,18103,Miami,06,968246952.000000000000000,9184624.000000000000000,977,0,0,5,1
365,2264,19,015,00465197,0500000US19015,19015,Boone,06,1480381942.000000000000000,5358723.000000000000000,1485,0,0,33,2
366,2293,51,059,01480119,0500000US51059,51059,Fairfax,06,1012584627.000000000000000,40233137.000000000000000,1040,0,0,34,3
367,2307,20,043,00484991,0500000US20043,20043,Doniphan,06,1019094906.000000000000000,12434954.000000000000000,1079,0,0,0,0
368,2325,24,029,00593907,0500000US24029,24029,Kent,06,717515665.000000000000000,353303064.000000000000000,817,0,0,0,0
369,2336,44,005,01219779,0500000US44005,44005,Newport,06,265310311.000000000000000,546985247.000000000000000,484,0,0,6,1
370,2342,42,041,01209176,0500000US42041,42041,Cumberland,06,1412834149.000000000000000,12521844.000000000000000,1419,0,0,5,0
371,2367,51,155,01501465,0500000US51155,51155,Pulaski,06,828377752.000000000000000,24877168.000000000000000,888,0,0,12,1
372,2390,33,015,00873181,0500000US33015,33015,Rockingham,06,1800358797.000000000000000,259322531.000000000000000,1895,0,0,1,0
373,2393,42,003,01213657,0500000US42003,42003,Allegheny,06,1890889701.000000000000000,37411492.000000000000000,1923,0,0,1,0
374,2400,55,053,01581086,0500000US55053,55053,Jackson,06,2558240018.000000000000000,32985363.000000000000000,2604,0,0,0,0
375,2402,27,137,00662850,0500000US27137,27137,St. Louis,06,16181092598.000000000000000,1584976832.000000000000000,17560,0,0,1,0
376,2463,36,043,00974120,0500000US36043,36043,Herkimer,06,3655805548.000000000000000,120422420.000000000000000,3771,0,0,0,0
377,2493,39,023,01074024,0500000US39023,39023,Clark,06,1029475869.000000000000000,13070242.000000000000000,1044,0,0,1,0
378,2494,36,047,00974122,0500000US36047,36047,Kings,06,179672197.000000000000000,71097153.000000000000000,285,0,0,1,0
379,2520,42,055,01213670,0500000US42055,42055,Franklin,06,2000052118.000000000000000,1544300.000000000000000,2020,0,0,72,4
380,2525,23,029,00581300,0500000US23029,23029,Washington,06,6637326498.000000000000000,1800003936.000000000000000,7701,0,0,12,0
381,2537,34,029,00882279,0500000US34029,34029,Ocean,06,1628663096.000000000000000,740751569.000000000000000,1988,0,0,66,3
382,2576,18,093,00451703,0500000US18093,18093,Lawrence,06,1163367128.000000000000000,7122898.000000000000000,1169,0,0,1,0
383,2589,33,005,00873176,0500000US33005,33005,Cheshire,06,1830338973.000000000000000,57617298.000000000000000,1865,0,0,1,0
384,2603,39,133,01074079,0500000US39133,39133,Portage,06,1262374971.000000000000000,43121843.000000000000000,1307,0,0,82,6
385,2624,39,113,01074069,0500000US39113,39113,Montgomery,06,1195936288.000000000000000,6693457.000000000000000,1208,0,0,5,0
386,2625,09,011,00212799,0500000US09011,09011,New London,06,1722708285.000000000000000,276666169.000000000000000,1819,0,0,13,1
387,2636,21,151,00516919,0500000US21151,21151,Madison,06,1132603918.000000000000000,15425953.000000000000000,1130,0,0,59,5
388,2656,21,029,00516861,0500000US21029,21029,Bullitt,06,769200000.000000000000000,8481647.000000000000000,813,0,0,146,18
389,2663,39,139,01074082,0500000US39139,39139,Richland,06,1282720846.000000000000000,12470881.000000000000000,1296,0,0,1,0
390,2671,31,055,00835849,0500000US31055,31055,Douglas,06,850764861.000000000000000,28139501.000000000000000,887,0,0,1,0
391,2675,18,017,00450339,0500000US18017,18017,Cass,06,1067475985.000000000000000,6974423.000000000000000,1088,0,0,0,0
392,2699,42,089,01209184,0500000US42089,42089,Monroe,06,1575385119.000000000000000,22867226.000000000000000,1586,0,0,5,0
393,2738,54,077,01558642,0500000US54077,54077,Preston,06,1680406633.000000000000000,6681831.000000000000000,1694,0,0,15,1
394,2740,20,177,00485051,0500000US20177,20177,Shawnee,06,1408930616.000000000000000,30396059.000000000000000,1427,0,0,1,0
395,2764,20,103,00485016,0500000US20103,20103,Leavenworth,06,1200335284.000000000000000,14221659.000000000000000,1218,0,0,21,2
396,2770,36,001,00974099,0500000US36001,36001,Albany,06,1354083642.000000000000000,27161700.000000000000000,1392,0,0,0,0
397,2773,21,163,00516928,0500000US21163,21163,Meade,06,791044349.000000000000000,49413697.000000000000000,805,0,0,55,7
398,2792,33,011,00873179,0500000US33011,33011,Hillsborough,06,2269883907.000000000000000,41627731.000000000000000,2320,0,0,16,1
399,2826,26,039,01622962,0500000US26039,26039,Crawford,06,1440969294.000000000000000,18026370.000000000000000,1463,0,0,404,28
400,2857,44,003,01219778,0500000US44003,44003,Kent,06,436556188.000000000000000,50710341.000000000000000,504,0,0,2,0
401,2871,51,650,01498554,0500000US51650,51650,Hampton,25,133308912.000000000000000,219591270.000000000000000,216,0,0,13,6
402,2907,29,169,00758539,0500000US29169,29169,Pulaski,06,1416985288.000000000000000,11341981.000000000000000,1429,0,0,250,17
403,2920,36,049,00974123,0500000US36049,36049,Lewis,06,3301307137.000000000000000,39612943.000000000000000,3344,0,0,79,2
404,2923,51,041,01480111,0500000US51041,51041,Chesterfield,06,1096572169.000000000000000,35123317.000000000000000,1152,0,0,2,0
405,2949,26,113,01622999,0500000US26113,26113,Missaukee,06,1462807689.000000000000000,23574739.000000000000000,1490,0,0,1,0
406,2950,26,025,01622955,0500000US26025,26025,Calhoun,06,1829198151.000000000000000,31268858.000000000000000,1864,0,0,7,0
407,2981,51,057,01480118,0500000US51057,51057,Essex,06,665909923.000000000000000,74784989.000000000000000,780,0,0,7,1
408,3011,18,101,00451679,0500000US18101,18101,Martin,06,869615710.000000000000000,12033246.000000000000000,887,0,0,238,27
409,3017,29,105,00758507,0500000US29105,29105,Laclede,06,1980565357.000000000000000,8515352.000000000000000,1983,0,0,0,0
410,3020,18,013,00451684,0500000US18013,18013,Brown,06,808043862.000000000000000,12025993.000000000000000,824,0,0,16,2
411,3021,27,053,00659472,0500000US27053,27053,Hennepin,06,1433839320.000000000000000,137173629.000000000000000,1581,0,0,1,0
412,3044,23,005,00581288,0500000US23005,23005,Cumberland,06,2164393695.000000000000000,988818232.000000000000000,2658,0,0,0,0
413,3075,51,199,01480182,0500000US51199,51199,York,06,271042751.000000000000000,285421540.000000000000000,356,0,0,46,13
414,3086,17,031,01784766,0500000US17031,17031,Cook,06,2447469694.000000000000000,1786452809.000000000000000,2473,0,0,0,0
415,3100,29,101,00758505,0500000US29101,29101,Johnson,06,2147833558.000000000000000,10122996.000000000000000,2193,0,0,17,1
416,3107,17,163,01784987,0500000US17163,17163,St. Clair,06,1703659884.000000000000000,42054455.000000000000000,1762,0,0,12,1
417,3109,51,025,01493961,0500000US51025,51025,Brunswick,06,1466529494.000000000000000,8387116.000000000000000,1466,0,0,27,2
418,3188,24,031,01712500,0500000US24031,24031,Montgomery,06,1276943098.000000000000000,35936935.000000000000000,1305,0,0,2,0
419,3210,26,099,01622992,0500000US26099,26099,Macomb,06,1241120517.000000000000000,237557908.000000000000000,1304,0,0,11,1