"GeoFIPS","GeoName","Region","Table","LineCode","IndustryClassification","Description","1969","1970","1971","1972","1973","1974","1975","1976","1977","1978","1979","1980","1981","1982","1983","1984","1985","1986","1987","1988","1989","1990","1991","1992","1993","1994","1995","1996","1997","1998","1999","2000","2001","2002","2003","2004","2005","2006","2007","2008","2009","2010","2011","2012","2013","2014"
"06000","California state total","8","CA1","1","...","Personal income (thousands of dollars)",92173937,99440680,106005497,116355563,127636686,142322040,157355533,174492789,193587811,220523113,250027116,283852405,318833657,340836724,368675480,409989187,443346410,476271961,513636748,558066083,601183746,643954932,665001713,701387002,718212128,740997699,779582479,828822422,881903762,961026185,1027198949,1134894388,1175422938,1196317599,1247297158,1324947651,1398952578,1501831207,1565343003,1602748801,1537136355,1583446730,1691002503,1812314643,1849505496,1939527656
"06000","California state total","8","CA1","2","...","Population (persons) 1/",19711000,20023181,20345575,20584794,20867737,21172548,21536715,21934505,22350247,22838960,23255069,23800800,24285933,24820007,25360023,25844397,26441107,27102238,27777160,28464250,29218165,29959515,30470736,30974659,31274928,31484435,31696582,32018834,32486010,32987675,33499204,33987977,34479458,34871843,35253159,35574576,35827943,36021202,36250311,36604337,36961229,37336011,37701901,38062780,38431393,38802500
"06000","California state total","8","CA1","3","...","Per capita personal income (dollars) 2/",4676,4966,5210,5653,6116,6722,7306,7955,8662,9656,10752,11926,13128,13732,14538,15864,16767,17573,18491,19606,20576,21494,21824,22644,22964,23535,24595,25885,27147,29133,30663,33391,34091,34306,35381,37244,39046,41693,43182,43786,41588,42411,44852,47614,48125,49985
"06001","Alameda, CA","8","CA1","1","...","Personal income (thousands of dollars)",4995157,5413583,5747963,6255125,6636101,7302344,8029003,8824282,9596949,10723770,11877800,13355796,15014228,15983673,17398382,19394076,20966180,22214867,23553276,25539604,27645978,29547275,30442464,32020603,33001847,34048728,36162153,38781735,41371454,45318192,49254182,56678088,57296123,57927722,59949618,62368396,64502308,68442050,70067569,71401307,68214624,70374092,75973983,80530232,85173987,90631392
"06001","Alameda, CA","8","CA1","2","...","Population (persons) 1/",1060099,1073505,1084483,1099590,1089330,1092233,1090869,1098146,1099851,1103717,1099272,1109931,1125950,1140269,1160694,1179132,1197401,1215506,1229319,1251100,1271443,1306166,1318543,1332208,1339189,1341707,1346548,1359099,1380383,1405903,1427114,1449840,1469484,1462106,1454163,1445721,1441545,1444484,1455715,1477208,1498539,1513625,1532518,1556249,1583226,1610921
"06001","Alameda, CA","8","CA1","3","...","Per capita personal income (dollars) 2/",4712,5043,5300,5689,6092,6686,7360,8036,8726,9716,10805,12033,13335,14017,14990,16448,17510,18276,19160,20414,21744,22621,23088,24036,24643,25377,26855,28535,29971,32234,34513,39093,38991,39619,41226,43140,44745,47382,48133,48335,45521,46494,49575,51746,53798,56261
"06003","Alpine, CA","8","CA1","1","...","Personal income (thousands of dollars)",1989,2245,2614,3354,3679,3884,4351,5662,5999,7824,9261,10200,11490,12234,13534,13966,14548,15013,15816,18879,20691,20181,18009,18119,20877,22357,23892,25940,27590,28978,30913,34053,33025,33453,35439,38474,38145,37653,38245,40688,41481,42845,61922,67077,67518,69650
"06003","Alpine, CA","8","CA1","2","...","Population (persons) 1/",398,508,584,702,671,730,785,817,890,983,1160,1104,1131,1145,1119,1092,1156,1197,1141,1162,1161,1106,1162,1154,1196,1199,1246,1262,1239,1223,1205,1209,1196,1237,1233,1263,1219,1276,1274,1202,1197,1158,1111,1127,1150,1116
"06003","Alpine, CA","8","CA1","3","...","Per capita personal income (dollars) 2/",4997,4419,4476,4778,5483,5321,5543,6930,6740,7959,7984,9239,10159,10685,12095,12789,12585,12542,13862,16247,17822,18247,15498,15701,17456,18646,19175,20555,22268,23694,25654,28166,27613,27044,28742,30462,31292,29509,30020,33850,34654,36999,55735,59518,58711,62410
"06005","Amador, CA","8","CA1","1","...","Personal income (thousands of dollars)",47400,52048,57217,63697,73302,83792,94815,108669,125083,146730,170727,190521,207309,220928,245731,280421,307344,335075,375937,417592,454576,489687,533351,564226,592014,605937,641977,678775,686877,739123,780018,863904,918469,984209,1030395,1119835,1134218,1203551,1269819,1291563,1243323,1245215,1306247,1360692,1399594,1451465
"06005","Amador, CA","8","CA1","2","...","Population (persons) 1/",11240,11969,12542,12741,13521,14571,15091,15270,16239,17300,18591,19499,20205,20605,21103,21821,22659,23375,24531,27077,28939,30302,31741,32289,32803,33210,33549,33841,34107,34116,34903,35153,35697,36561,36994,37400,38040,38353,38756,38248,38238,37860,37520,37072,36602,36742
"06005","Amador, CA","8","CA1","3","...","Per capita personal income (dollars) 2/",4217,4349,4562,4999,5421,5751,6283,7117,7703,8482,9183,9771,10260,10722,11644,12851,13564,14335,15325,15422,15708,16160,16803,17474,18048,18246,19136,20058,20139,21665,22348,24576,25730,26920,27853,29942,29816,31381,32764,33768,32515,32890,34815,36704,38238,39504
"06007","Butte, CA","8","CA1","1","...","Personal income (thousands of dollars)",351701,381020,415039,460815,535262,628228,697407,763106,857595,973056,1129607,1317930,1461437,1521337,1637385,1795369,1938708,2072311,2253058,2462872,2661253,2867576,3040933,3227217,3325103,3464786,3576281,3785585,4020514,4216734,4391860,4723076,4966841,5139878,5401198,5813951,6060980,6444113,6748928,6936284,6846855,7000427,7345144,7662810,8057223,8298110
"06007","Butte, CA","8","CA1","2","...","Population (persons) 1/",101057,102682,105916,112775,113223,117295,121626,125377,129470,131797,138531,144828,148451,151913,154263,156791,160680,163233,166970,171909,176583,183652,187678,190409,192831,194648,196083,196327,197994,199993,201282,203807,206193,209120,211481,213065,214752,216824,217469,219034,219777,219924,220025,221279,222420,224241
"06007","Butte, CA","8","CA1","3","...","Per capita personal income (dollars) 2/",3480,3711,3919,4086,4728,5356,5734,6086,6624,7383,8154,9100,9845,10015,10614,11451,12066,12695,13494,14327,15071,15614,16203,16949,17244,17800,18239,19282,20306,21084,21819,23174,24088,24579,25540,27287,28223,29720,31034,31668,31154,31831,33383,34630,36225,37005
"06009","Calaveras, CA","8","CA1","1","...","Personal income (thousands of dollars)",48246,53862,57135,65350,73110,79745,90122,102447,115514,137495,154916,186156,210046,222329,252660,294617,325990,353497,395764,438079,513492,556486,589464,623361,660939,681908,711142,772432,823700,902759,961332,1068705,1129285,1200232,1295394,1388900,1470609,1569471,1644177,1669824,1624920,1630883,1734587,1774204,1838325,1923243
"06009","Calaveras, CA","8","CA1","2","...","Population (persons) 1/",13328,13658,13918,14241,14798,15185,15205,15694,16709,18301,19777,20916,21700,22778,23530,24196,24870,25854,27194,28248,30071,32542,34023,35233,35943,37073,37700,38441,39098,39581,40000,40645,41304,42380,43755,44530,45295,46045,46268,46265,45900,45475,45117,44774,44614,44624
"06009","Calaveras, CA","8","CA1","3","...","Per capita personal income (dollars) 2/",3620,3944,4105,4589,4941,5252,5927,6528,6913,7513,7833,8900,9680,9761,10738,12176,13108,13673,14553,15508,17076,17101,17325,17693,18389,18394,18863,20094,21068,22808,24033,26294,27341,28321,29606,31190,32467,34086,35536,36093,35401,35863,38446,39626,41205,43099
"06011","Colusa, CA","8","CA1","1","...","Personal income (thousands of dollars)",71975,70629,73257,81979,108355,152098,140789,92570,122170,125400,154175,181972,192068,172837,166548,197921,231592,214580,248893,272005,300579,304319,306551,332707,367592,363933,393861,421600,427933,415891,489000,493204,486470,480458,559152,562770,567561,584757,679477,835898,881223,848199,875143,874520,998525,939008
"06011","Colusa, CA","8","CA1","2","...","Population (persons) 1/",12334,12416,12350,12161,12241,12426,12620,12833,12764,12707,12939,12875,13184,13872,14109,14159,14701,14930,14972,15494,16004,16335,16572,16834,16997,17252,17584,17909,18262,18419,18620,18817,19022,19232,19568,20207,20540,20890,21075,21134,21250,21459,21415,21397,21432,21419
"06011","Colusa, CA","8","CA1","3","...","Per capita personal income (dollars) 2/",5835,5689,5932,6741,8852,12240,11156,7213,9571,9869,11916,14134,14568,12459,11804,13978,15753,14372,16624,17556,18781,18630,18498,19764,21627,21095,22399,23541,23433,22579,26262,26211,25574,24982,28575,27850,27632,27992,32241,39552,41469,39526,40866,40871,46590,43840
"06013","Contra Costa, CA","8","CA1","1","...","Personal income (thousands of dollars)",2780302,2972669,3202375,3516308,3811308,4281271,4818198,5384254,6001373,6845764,7811971,9030242,10152638,10890404,11954447,13285491,14430100,15606493,16880183,18461300,19963634,21225857,22093586,23870249,24998054,26036925,27626596,29714100,32416688,35310319,37935395,43172888,44627016,45513166,46369362,49915811,52539295,55937786,57669221,58744241,55297574,56111631,60709126,66153748,66728681,70849779
"06013","Contra Costa, CA","8","CA1","2","...","Population (persons) 1/",546362,556814,563371,567619,573982,581729,589053,601223,614961,626070,642832,658783,667293,678903,690150,698814,711446,725367,739987,759242,784395,809317,823183,839768,852532,861979,872075,884227,903049,921663,936983,952810,970952,979862,987531,992424,999013,1000834,1009152,1023344,1037890,1052894,1066587,1079358,1095980,1111339
"06013","Contra Costa, CA","8","CA1","3","...","Per capita personal income (dollars) 2/",5089,5339,5684,6195,6640,7360,8180,8956,9759,10935,12152,13707,15215,16041,17322,19011,20283,21515,22811,24315,25451,26227,26839,28425,29322,30206,31679,33605,35897,38312,40487,45311,45962,46449,46955,50297,52591,55891,57146,57404,53279,53293,56919,61290,60885,63752
"06015","Del Norte, CA","8","CA1","1","...","Personal income (thousands of dollars)",54540,58789,64940,71670,78395,86162,94299,105879,117573,136317,151593,173667,180777,170229,182446,197233,204216,215959,229652,256705,280467,331701,357918,380500,398797,411830,425419,431361,455216,485577,498965,519569,513546,517555,561055,615840,630560,667117,703360,730901,732365,750623,782627,791371,811317,828255
"06015","Del Norte, CA","8","CA1","2","...","Population (persons) 1/",14224,14634,14985,15021,15419,15579,16059,16295,16828,17728,17915,18338,18789,18571,18704,18505,18701,19087,19526,20308,21270,23986,27012,27306,27942,28105,27802,27981,28340,28187,27624,27440,27292,27397,27601,27950,28281,28211,28415,28496,28599,28580,28485,28226,27827,27212
"06015","Del Norte, CA","8","CA1","3","...","Per capita personal income (dollars) 2/",3834,4017,4334,4771,5084,5531,5872,6498,6987,7689,8462,9470,9621,9166,9754,10658,10920,11314,11761,12641,13186,13829,13250,13935,14272,14653,15302,15416,16063,17227,18063,18935,18817,18891,20327,22034,22296,23647,24753,25649,25608,26264,27475,28037,29156,30437
"06017","El Dorado, CA","8","CA1","1","...","Personal income (thousands of dollars)",184838,206606,236563,274937,321575,365752,432034,497514,575402,693587,796461,925895,1035622,1102974,1217072,1377231,1533731,1705697,1878132,2094242,2363159,2601667,2800973,3072207,3234375,3506316,3787507,4104820,4472028,4874861,5358881,5872603,6085698,6403827,6723149,7178330,7635666,8139671,8464621,8719867,8438089,8639942,9149601,9745663,10021891,10429619
"06017","El Dorado, CA","8","CA1","2","...","Population (persons) 1/",43168,44389,46046,48509,52713,55614,58416,62534,67014,73670,80658,86557,89367,92428,93434,95371,99093,102450,106852,112687,118828,127952,132724,136014,139646,142088,144574,146863,149589,152308,154381,157162,161101,165195,168331,171653,175003,176773,177694,179150,180455,181163,180926,180605,181542,183087
"06017","El Dorado, CA","8","CA1","3","...","Per capita personal income (dollars) 2/",4282,4654,5138,5668,6100,6577,7396,7956,8586,9415,9875,10697,11588,11933,13026,14441,15478,16649,17577,18585,19887,20333,21104,22587,23161,24677,26198,27950,29895,32007,34712,37367,37776,38765,39940,41819,43632,46046,47636,48674,46760,47692,50571,53961,55204,56965
"06019","Fresno, CA","8","CA1","1","...","Personal income (thousands of dollars)",1500506,1652657,1799513,2035429,2336200,2736168,2957347,3387959,3618410,4035414,4787737,5529740,5789241,6087889,6410514,7089714,7614794,8132396,8891993,9548499,10360717,11277596,11804630,12566945,13303020,13619111,14173048,14812681,15214370,16168866,17068093,18456944,19695559,21053632,22288243,23580860,24448492,25816612,27098519,28087217,28138041,29112907,30921664,32374913,33354677,34567706
"06019","Fresno, CA","8","CA1","2","...","Population (persons) 1/",408304,414886,424697,431918,439865,449886,464183,477162,489016,497564,506332,517679,528891,541500,555873,572091,584070,593621,608831,627658,650755,672302,691569,710263,726859,739835,749534,761409,771391,778615,789405,801288,813021,829762,847193,861035,872470,883862,895933,909630,921478,932642,941260,948240,956102,965974
"06019","Fresno, CA","8","CA1","3","...","Per capita personal income (dollars) 2/",3675,3983,4237,4713,5311,6082,6371,7100,7399,8110,9456,10682,10946,11243,11532,12393,13037,13700,14605,15213,15921,16775,17069,17693,18302,18408,18909,19454,19723,20766,21621,23034,24225,25373,26308,27387,28022,29209,30246,30878,30536,31216,32851,34142,34886,35785
"06021","Glenn, CA","8","CA1","1","...","Personal income (thousands of dollars)",71142,73829,78210,92438,120784,144194,142604,130460,147287,170333,209324,256491,254476,248650,235836,266281,285769,283413,320453,341954,350241,369429,368385,409038,432002,434441,424404,474284,494809,481040,509489,527689,556680,563827,598203,665722,680562,684564,805948,850734,858663,867006,940814,974632,1089182,1070048
"06021","Glenn, CA","8","CA1","2","...","Population (persons) 1/",17207,17486,17396,17518,18260,18522,19150,19687,20109,20038,20991,21498,22050,22346,22873,22835,23171,23214,23318,23844,24428,24919,25181,25510,25663,25796,26040,26170,26270,26185,26332,26416,26450,26651,27016,27122,27393,27652,27775,28019,28100,28101,28185,27938,27914,27955
"06021","Glenn, CA","8","CA1","3","...","Per capita personal income (dollars) 2/",4134,4222,4496,5277,6615,7785,7447,6627,7324,8500,9972,11931,11541,11127,10311,11661,12333,12209,13743,14341,14338,14825,14629,16034,16834,16841,16298,18123,18836,18371,19349,19976,21047,21156,22143,24545,24844,24756,29017,30363,30557,30853,33380,34886,39019,38278
"06023","Humboldt, CA","8","CA1","1","...","Personal income (thousands of dollars)",390158,410660,449305,484217,537071,591483,648728,732825,799487,880187,967650,1068235,1131730,1158669,1248375,1340453,1413411,1512012,1608469,1721600,1868455,1952586,2025406,2132552,2221375,2295828,2376278,2525533,2657787,2829113,2882319,3035498,3156299,3238530,3423477,3692587,3791050,3975105,4096394,4292513,4212197,4360870,4591885,4750504,4901622,5093455
"06023","Humboldt, CA","8","CA1","2","...","Population (persons) 1/",98868,99708,100115,103038,104378,105501,104239,105158,106256,107430,107777,108931,110338,109889,109638,110275,111050,111702,112818,114774,117161,119746,121375,123032,124147,123990,125927,126162,127086,127087,126676,126462,127520,128780,129754,130702,131497,132093,132001,132657,133744,135022,135250,134680,134620,134809
"06023","Humboldt, CA","8","CA1","3","...","Per capita personal income (dollars) 2/",3946,4119,4488,4699,5145,5606,6223,6969,7524,8193,8978,9807,10257,10544,11386,12156,12728,13536,14257,15000,15948,16306,16687,17333,17893,18516,18870,20018,20913,22261,22753,24003,24751,25148,26384,28252,28830,30093,31033,32358,31494,32297,33951,35273,36411,37783
"06025","Imperial, CA","8","CA1","1","...","Personal income (thousands of dollars)",281330,296353,298824,381823,422949,484973,518339,574912,596124,649034,922004,883073,929643,1027874,1090257,1115779,1110792,1148458,1350425,1554791,1677297,1772151,1853242,1991194,2237288,2258093,2333699,2317299,2412828,2601221,2690311,2697945,2944662,3307874,3427432,3542513,3719161,4002565,4220056,4624400,4667494,4858656,5314670,5425321,5591488,5802217
"06025","Imperial, CA","8","CA1","2","...","Population (persons) 1/",73604,74795,74931,75869,79648,81526,82989,85264,86981,88474,90086,92584,94301,95688,96890,97475,99199,98885,100077,101881,105166,110839,117143,123823,132758,134315,136986,137987,138624,139615,141056,142410,143707,145640,148984,152259,156113,160505,164596,167917,172008,174779,176300,177443,177517,179091
"06025","Imperial, CA","8","CA1","3","...","Per capita personal income (dollars) 2/",3822,3962,3988,5033,5310,5949,6246,6743,6853,7336,10235,9538,9858,10742,11253,11447,11198,11614,13494,15261,15949,15989,15820,16081,16852,16812,17036,16794,17406,18631,19073,18945,20491,22713,23005,23266,23824,24937,25639,27540,27135,27799,30146,30575,31498,32398
"06027","Inyo, CA","8","CA1","1","...","Personal income (thousands of dollars)",58452,64765,71164,79689,85485,93905,105397,114376,123531,142071,162544,184285,207451,214870,228284,238496,245190,252061,258513,288965,319231,332185,342015,351399,364106,369289,382589,397335,416382,439165,452293,462018,495574,497634,523261,572525,592615,615244,639461,657322,662557,690382,738817,772029,799445,821115
"06027","Inyo, CA","8","CA1","2","...","Population (persons) 1/",15417,15626,15799,15491,16344,16653,16879,17032,17226,16509,17748,17914,17954,18410,18420,18203,18083,17862,17794,17946,18317,18272,18312,18372,18337,18431,18395,18311,18241,18036,17968,17955,18117,18394,18593,18578,18478,18370,18426,18318,18544,18532,18413,18416,18423,18410
"06027","Inyo, CA","8","CA1","3","...","Per capita personal income (dollars) 2/",3791,4145,4504,5144,5230,5639,6244,6715,7171,8606,9158,10287,11555,11671,12393,13102,13559,14112,14528,16102,17428,18180,18677,19127,19856,20036,20799,21699,22827,24349,25172,25732,27354,27054,28143,30817,32071,33492,34704,35884,35729,37254,40125,41922,43394,44602
"06029","Kern, CA","8","CA1","1","...","Personal income (thousands of dollars)",1273119,1356435,1464105,1592117,1815118,2152111,2337539,2755229,2911878,3210154,3823827,4488004,4804726,5225068,5442616,6004689,6441974,6878521,7139426,7825063,8344297,9059529,9658432,10142185,10626091,10868451,11267528,11882401,12218841,12997099,13363023,14184531,15297565,16388965,17449701,18949790,20208590,21610247,23261884,24345002,23932706,25446517,27234090,29451811,30477931,31629281
"06029","Kern, CA","8","CA1","2","...","Population (persons) 1/",325549,330868,336227,336833,343007,344840,356866,366932,372217,377990,393198,406407,418877,433698,446961,459411,474243,486217,497910,510980,527922,549535,569346,589897,599843,614707,620201,626719,634695,643016,655428,663803,676574,694059,714272,736296,760726,784511,803281,818327,830137,841762,849872,856502,865923,874589
"06029","Kern, CA","8","CA1","3","...","Per capita personal income (dollars) 2/",3911,4100,4355,4727,5292,6241,6550,7509,7823,8493,9725,11043,11470,12048,12177,13070,13584,14147,14339,15314,15806,16486,16964,17193,17715,17681,18168,18960,19252,20213,20388,21369,22610,23613,24430,25737,26565,27546,28959,29750,28830,30230,32045,34386,35197,36165
"06031","Kings, CA","8","CA1","1","...","Personal income (thousands of dollars)",240895,265330,279028,314414,345154,436901,445361,532215,530622,524828,684161,846296,827354,889508,856945,997493,1004173,1005463,1155535,1238551,1376610,1385793,1484202,1618658,1707490,1771129,1790686,1918990,1963345,2002827,2134260,2252223,2530460,2714250,3088489,3383803,3478661,3489648,3968492,3978531,3792920,4051300,4516364,4491688,4533297,4864335
"06031","Kings, CA","8","CA1","2","...","Population (persons) 1/",65647,66570,66450,68161,68308,69067,70590,71708,72467,73556,73562,74265,76229,78213,81138,83004,85205,86372,88032,94510,99850,101885,104334,107414,109161,111565,113840,115411,116769,121457,126402,129835,132881,135369,139393,143601,145147,147712,150420,152027,152278,152418,152063,151340,150862,150269
"06031","Kings, CA","8","CA1","3","...","Per capita personal income (dollars) 2/",3670,3986,4199,4613,5053,6326,6309,7422,7322,7135,9300,11396,10854,11373,10562,12017,11785,11641,13126,13105,13787,13602,14225,15069,15642,15875,15730,16627,16814,16490,16885,17347,19043,20051,22157,23564,23966,23625,26383,26170,24908,26580,29701,29679,30049,32371
"06033","Lake, CA","8","CA1","1","...","Personal income (thousands of dollars)",72379,79801,88249,100201,117916,134000,156125,177860,206263,248505,290523,350571,400766,445515,493382,549004,589338,639418,670872,713174,804485,857560,926570,969318,1000940,1032243,1055814,1129418,1180777,1261494,1321745,1407918,1514167,1630213,1685690,1730107,1746540,1827030,1858830,1893030,1859117,1913106,2000192,2101407,2179236,2263052
"06033","Lake, CA","8","CA1","2","...","Population (persons) 1/",18799,19805,20929,21839,23471,24131,25629,27425,29580,32228,34740,36831,38623,39991,41805,43812,45494,46135,47139,47911,48942,51149,53036,54358,55492,56097,56265,56331,56275,56695,57214,58538,60219,61513,62496,63116,63811,64202,64077,64392,64413,64757,64279,63984,63843,64184
"06033","Lake, CA","8","CA1","3","...","Per capita personal income (dollars) 2/",3850,4029,4217,4588,5024,5553,6092,6485,6973,7711,8363,9518,10376,11140,11802,12531,12954,13860,14232,14885,16438,16766,17471,17832,18038,18401,18765,20050,20982,22251,23102,24051,25144,26502,26973,27412,27371,28458,29009,29399,28862,29543,31117,32843,34134,35259
"06035","Lassen, CA","8","CA1","1","...","Personal income (thousands of dollars)",67368,71696,79109,83024,92779,95682,113128,128363,138163,161495,183389,200405,211580,230422,242903,262806,280097,299138,311596,332112,356117,374530,407500,445622,456473,487849,507250,536172,551744,577900,603266,621972,662610,692449,738117,773520,796095,846922,898374,943322,928834,966653,1020757,1044664,1040919,1061423
"06035","Lassen, CA","8","CA1","2","...","Population (persons) 1/",16611,16866,17231,17652,17644,18168,18596,18643,19352,19963,21137,21851,22570,23370,23558,23830,24128,24639,26051,26681,27334,27666,28001,28603,28774,28544,28825,31874,34123,34030,33838,33719,33548,33430,33930,34458,34488,34605,35615,35221,35160,34841,34297,33679,32212,31749
"06035","Lassen, CA","8","CA1","3","...","Per capita personal income (dollars) 2/",4056,4251,4591,4703,5258,5267,6083,6885,7139,8090,8676,9171,9374,9860,10311,11028,11609,12141,11961,12448,13028,13538,14553,15580,15864,17091,17598,16822,16169,16982,17828,18446,19751,20713,21754,22448,23083,24474,25225,26783,26417,27745,29762,31018,32315,33432
"06037","Los Angeles, CA","8","CA1","1","...","Personal income (thousands of dollars)",33713354,35659097,37147138,40130263,43141400,47396270,51759930,56893701,62615488,70962765,79720092,89360782,100354523,106665050,114499039,126219865,135919100,145303271,156817359,167818381,177340846,191293498,193266531,201779240,203004360,207748074,215939150,227216342,237708637,259036922,270782969,286834601,306503041,314736154,326888428,343445522,363023600,392696751,409232169,424773112,408269611,418046367,441724254,475931985,478371346,499767889
"06037","Los Angeles, CA","8","CA1","2","...","Population (persons) 1/",6989910,7042756,7103651,7056632,7040446,7085800,7116806,7211683,7251637,7351757,7401021,7506544,7608796,7767422,7920955,8041685,8182906,8393640,8553844,8667680,8793710,8878157,8948125,9055424,9100159,9096608,9089015,9127042,9206538,9313589,9437290,9538191,9626034,9705913,9767145,9793263,9786373,9737955,9700359,9735147,9787400,9827231,9898214,9974868,10053995,10116705
"06037","Los Angeles, CA","8","CA1","3","...","Per capita personal income (dollars) 2/",4823,5063,5229,5687,6128,6689,7273,7889,8635,9652,10771,11904,13189,13732,14455,15696,16610,17311,18333,19361,20167,21547,21599,22283,22308,22838,23758,24895,25820,27813,28693,30072,31841,32427,33468,35070,37095,40326,42187,43633,41714,42540,44627,47713,47580,49400
"06039","Madera, CA","8","CA1","1","...","Personal income (thousands of dollars)",142376,157432,172855,203290,252325,288209,303524,350803,403985,443986,600041,679045,664807,684433,697139,777912,827656,919604,1047561,1132165,1221069,1328247,1412447,1596637,1657616,1692503,1722809,1880309,2023176,2121892,2242426,2345725,2511091,2702417,2913210,3260174,3400751,3602477,3912309,3945625,3741308,4100878,4393948,4686820,4971069,5106586
"06039","Madera, CA","8","CA1","2","...","Population (persons) 1/",41079,41707,42754,43223,44458,46071,47917,49699,52777,55741,60169,63961,67214,69240,71504,72996,75118,76960,79003,81762,84797,89125,94973,99536,104039,107396,109300,113143,116442,119143,121883,123587,125581,128369,132738,137106,140313,143622,146067,148359,149234,151154,152148,152244,152165,154548
"06039","Madera, CA","8","CA1","3","...","Per capita personal income (dollars) 2/",3466,3775,4043,4703,5676,6256,6334,7059,7655,7965,9973,10617,9891,9885,9750,10657,11018,11949,13260,13847,14400,14903,14872,16041,15933,15759,15762,16619,17375,17810,18398,18980,19996,21052,21947,23778,24237,25083,26784,26595,25070,27130,28879,30785,32669,33042
"06041","Marin, CA","8","CA1","1","...","Personal income (thousands of dollars)",1232795,1319348,1421178,1580256,1725867,1885722,2104453,2342699,2582201,2958054,3370623,3936509,4456938,4796295,5221099,5679472,6025773,6342056,6621811,7237292,7649008,8010116,8430667,9077122,9575366,10148021,10885300,11707871,12800626,14438770,15531407,17345543,17522838,17390165,17764089,18917603,20018877,21396797,21566520,21693293,19671154,20092753,22161655,23910814,24409302,25716754
"06041","Marin, CA","8","CA1","2","...","Population (persons) 1/",203506,208245,207014,207699,215802,211584,216965,220963,223289,223558,222870,222944,223911,223426,223972,223232,222459,224013,224938,226013,229176,230522,233443,235820,238040,239032,239195,238705,241797,244706,246269,247520,247866,246225,245054,243769,244206,244580,246248,248398,250862,252884,255413,256143,258821,260750
"06041","Marin, CA","8","CA1","3","...","Per capita personal income (dollars) 2/",6058,6336,6865,7608,7997,8912,9700,10602,11564,13232,15124,17657,19905,21467,23311,25442,27087,28311,29438,32022,33376,34748,36114,38492,40226,42455,45508,49047,52940,59005,63067,70077,70695,70627,72491,77605,81975,87484,87580,87333,78414,79454,86768,93349,94310,98626
"06043","Mariposa, CA","8","CA1","1","...","Personal income (thousands of dollars)",25682,29003,31855,35516,39288,46373,55027,59686,65832,79418,88038,105369,113768,120607,142235,152179,166605,178886,183410,202094,222868,247705,256233,273941,282206,288944,301301,318008,330708,357551,372570,388762,413077,432902,451319,501158,525846,572073,601173,628713,622297,645581,674078,694149,706040,740746
"06043","Mariposa, CA","8","CA1","2","...","Population (persons) 1/",5868,6139,6623,6832,7418,7877,8296,8683,9195,9685,10626,11201,11555,11798,11980,12310,12654,12873,13130,13514,13907,14446,15061,15565,15901,16171,16427,16784,16640,17053,16966,17101,17099,17243,17707,17844,17972,18219,18366,18412,18212,18261,18184,17845,17758,17682
"06043","Mariposa, CA","8","CA1","3","...","Per capita personal income (dollars) 2/",4377,4724,4810,5198,5296,5887,6633,6874,7160,8200,8285,9407,9846,10223,11873,12362,13166,13896,13969,14954,16026,17147,17013,17600,17748,17868,18342,18947,19874,20967,21960,22733,24158,25106,25488,28086,29259,31400,32733,34147,34170,35353,37070,38899,39759,41893
"06045","Mendocino, CA","8","CA1","1","...","Personal income (thousands of dollars)",185480,201044,211194,245143,279182,310143,341971,396606,448289,523395,591700,654068,707628,733468,797979,875044,932946,1000465,1068634,1142015,1277162,1334783,1366419,1436063,1500417,1575194,1634301,1772645,1897748,1996252,2088454,2213807,2285278,2318393,2397002,2544600,2596102,2741170,2837573,2940108,2841101,2927101,3070700,3219079,3350788,3474746
"06045","Mendocino, CA","8","CA1","2","...","Population (persons) 1/",49733,51267,52008,52517,55063,56524,57243,58926,61122,62985,65018,67093,68385,69726,70700,71811,73390,74293,75320,76493,78444,80859,81729,81978,82126,82427,83277,83887,84370,85062,85665,86407,86841,87364,88140,88030,87981,87345,87071,87468,87722,87761,87460,87497,87471,87869
"06045","Mendocino, CA","8","CA1","3","...","Per capita personal income (dollars) 2/",3730,3922,4061,4668,5070,5487,5974,6731,7334,8310,9101,9749,10348,10519,11287,12185,12712,13466,14188,14930,16281,16508,16719,17518,18270,19110,19625,21131,22493,23468,24379,25621,26316,26537,27195,28906,29508,31383,32589,33614,32388,33353,35110,36791,38307,39545
"06047","Merced, CA","8","CA1","1","...","Personal income (thousands of dollars)",389909,434855,460215,517508,612189,685053,782144,876639,962447,1016259,1169300,1329573,1358459,1453746,1520857,1766068,1904185,2052932,2278776,2387707,2604439,2777602,2897170,3093288,3190092,3268282,3156077,3469219,3582106,3809341,4001087,4225124,4601710,4923549,5368289,5882047,5983236,6204942,6958047,6869132,6747116,7104887,7858717,8060966,8635380,9020129
"06047","Merced, CA","8","CA1","2","...","Population (persons) 1/",101255,105275,108032,110548,114436,117949,121456,126358,126591,128435,131775,135625,139632,142766,147657,151357,155939,158988,162956,167749,172988,179953,186091,189489,193137,197798,195291,194819,198312,202264,206734,212258,218816,225351,231735,237180,242554,245338,248540,250538,252302,256731,259698,261783,263481,266353
"06047","Merced, CA","8","CA1","3","...","Per capita personal income (dollars) 2/",3851,4131,4260,4681,5350,5808,6440,6938,7603,7913,8873,9803,9729,10183,10300,11668,12211,12912,13984,14234,15056,15435,15569,16324,16517,16523,16161,17807,18063,18834,19354,19906,21030,21848,23166,24800,24668,25291,27996,27418,26742,27674,30261,30793,32774,33865
"06049","Modoc, CA","8","CA1","1","...","Personal income (thousands of dollars)",31875,33755,37696,37543,50494,52853,54813,60521,56600,69906,82152,109814,98272,105375,112813,122965,112537,113198,123178,133893,143767,150196,156125,164331,177981,180494,181151,183969,191265,198025,209556,196076,207561,229310,236557,247455,263011,267959,282185,310599,325683,324654,345704,348030,345123,365803
"06049","Modoc, CA","8","CA1","2","...","Population (persons) 1/",7261,7531,7728,7778,7700,7907,7853,7970,8231,8291,8443,8689,8988,9268,9467,9630,9499,9368,9350,9361,9662,9677,9779,9859,9700,9835,9761,9864,9861,9611,9509,9406,9350,9362,9501,9605,9565,9617,9525,9551,9646,9708,9499,9332,9112,9023
"06049","Modoc, CA","8","CA1","3","...","Per capita personal income (dollars) 2/",4390,4482,4878,4827,6558,6684,6980,7594,6876,8432,9730,12638,10934,11370,11916,12769,11847,12083,13174,14303,14880,15521,15965,16668,18349,18352,18559,18651,19396,20604,22038,20846,22199,24494,24898,25763,27497,27863,29626,32520,33764,33442,36394,37294,37876,40541
"06051","Mono, CA","8","CA1","1","...","Personal income (thousands of dollars)",15535,18244,21678,27321,33625,38230,45686,49428,49790,65806,78325,97018,108731,121306,122404,126707,133823,140889,146866,165291,181893,183411,181880,199683,214269,222950,230187,242850,263153,288435,315379,346555,388290,406141,456506,488635,531053,515328,508899,530353,518197,531864,570536,562983,585313,607438
"06051","Mono, CA","8","CA1","2","...","Population (persons) 1/",3780,4130,4529,5003,6447,6769,7141,7104,7335,7077,8192,8648,8916,9278,9225,8790,8806,8795,8916,9071,9514,10126,10044,10372,10917,11447,11649,11766,11998,12110,12589,12921,13224,13404,13352,13360,13474,13743,13678,13862,14008,14249,14398,14306,14016,13997
"06051","Mono, CA","8","CA1","3","...","Per capita personal income (dollars) 2/",4110,4417,4786,5461,5216,5648,6398,6958,6788,9299,9561,11219,12195,13075,13269,14415,15197,16019,16472,18222,19118,18113,18108,19252,19627,19477,19760,20640,21933,23818,25052,26821,29363,30300,34190,36574,39413,37497,37206,38259,36993,37326,39626,39353,41760,43398
"06053","Monterey, CA","8","CA1","1","...","Personal income (thousands of dollars)",1261267,1366000,1539385,1645379,1840584,2050368,2187900,2288158,2519001,2901439,3123667,3499574,4028170,4259115,4748927,5110473,5403505,5845629,6261949,6604413,6984564,7407486,7562859,8217698,8356598,8378446,8929380,9264157,10006401,10929231,11638405,12840106,13049874,13315978,14041691,14653817,15227369,16339249,16748707,16738324,16596190,16922093,17522589,18524806,19184636,19889054
"06053","Monterey, CA","8","CA1","2","...","Population (persons) 1/",255128,248235,252730,254140,255261,263534,270976,275942,281545,284129,286882,292406,299677,306241,313698,321458,328102,335849,341268,345947,349872,357535,364805,371860,371002,352363,355486,362215,376794,387889,396267,402990,407082,408977,409725,408731,405139,401831,402376,406022,410263,416364,421393,426411,429123,431344
"06053","Monterey, CA","8","CA1","3","...","Per capita personal income (dollars) 2/",4944,5503,6091,6474,7211,7780,8074,8292,8947,10212,10888,11968,13442,13908,15139,15898,16469,17406,18349,19091,19963,20718,20731,22099,22524,23778,25119,25576,26557,28176,29370,31862,32057,32559,34271,35852,37586,40662,41625,41225,40453,40643,41583,43444,44707,46109
"06055","Napa, CA","8","CA1","1","...","Personal income (thousands of dollars)",356855,381122,416513,447853,507165,577179,672761,742054,823991,941351,1054048,1163733,1321371,1417820,1511583,1651720,1782964,1916647,2007894,2184240,2419363,2571082,2712956,2839602,2956121,3087247,3224773,3462028,3719134,4017388,4368691,4818829,4912255,5026307,5237331,5543407,5806212,6072045,6300933,6411722,6118444,6138781,6590991,7227213,7400483,7734502
"06055","Napa, CA","8","CA1","2","...","Population (persons) 1/",76688,79562,81771,83208,87718,90759,93627,94964,96521,96437,98789,99331,99662,101178,101549,101902,103014,104237,105010,106130,108662,111284,112233,114322,114972,116077,116697,117996,119808,121583,123026,124565,126818,128744,130138,130387,130381,131440,132583,134093,135280,136829,138056,139135,140580,141667
"06055","Napa, CA","8","CA1","3","...","Per capita personal income (dollars) 2/",4653,4790,5094,5382,5782,6359,7186,7814,8537,9761,10670,11716,13259,14013,14885,16209,17308,18387,19121,20581,22265,23104,24173,24839,25712,26597,27634,29340,31042,33042,35510,38685,38735,39041,40244,42515,44533,46196,47524,47815,45228,44865,47741,51944,52643,54596
"06057","Nevada, CA","8","CA1","1","...","Personal income (thousands of dollars)",96793,108380,122762,140045,162048,188178,222539,264978,310309,371320,429763,508993,577145,616015,687588,803039,877481,971614,1056919,1190053,1338711,1449320,1523319,1619877,1682726,1778594,1874614,1992238,2198122,2431196,2582578,2941036,3053975,3111165,3288986,3589046,3767389,4089483,4269160,4304597,4100659,4189804,4424557,4686620,4784502,4975533
"06057","Nevada, CA","8","CA1","2","...","Population (persons) 1/",25264,26593,27421,28669,31307,32975,34629,37383,40537,44623,48351,52568,56160,59087,60782,62829,65287,67718,70556,73369,76133,79172,81288,82920,83887,85185,86523,87861,89137,90170,90899,92520,93715,94647,95606,96512,97250,97549,97794,98200,98591,98752,98788,98333,98262,98893
"06057","Nevada, CA","8","CA1","3","...","Per capita personal income (dollars) 2/",3831,4076,4477,4885,5176,5707,6426,7088,7655,8321,8888,9683,10277,10426,11312,12781,13440,14348,14980,16220,17584,18306,18740,19535,20059,20879,21666,22675,24660,26962,28412,31788,32588,32871,34401,37188,38739,41922,43655,43835,41593,42428,44788,47661,48691,50312
"06059","Orange, CA","8","CA1","1","...","Personal income (thousands of dollars)",6637314,7268560,7839798,8874211,10009345,11316248,12744166,14505063,16660800,19440670,22382771,25785285,29461628,31204062,33689027,37882123,41254560,44530167,48371534,52909332,57024096,60406562,62336739,65989063,67364040,69573882,73479867,78951629,85643594,93141926,99150641,109061474,113040936,115758447,121914811,128862422,137307527,146410403,147503532,148866191,140171320,144888672,154486157,164970595,165857885,173305650
"06059","Orange, CA","8","CA1","2","...","Population (persons) 1/",1376796,1432621,1484217,1536789,1607146,1669064,1725693,1772685,1812147,1853136,1891962,1948067,2004806,2045925,2088886,2123362,2171930,2228895,2281486,2333101,2383920,2418986,2452691,2497014,2532639,2566599,2603678,2643996,2709277,2773187,2815933,2854513,2885457,2908245,2929376,2941711,2940055,2932261,2931629,2957593,2987177,3018080,3056311,3089893,3121854,3145515
"06059","Orange, CA","8","CA1","3","...","Per capita personal income (dollars) 2/",4821,5074,5282,5775,6228,6780,7385,8183,9194,10491,11830,13236,14696,15252,16128,17841,18994,19979,21202,22678,23920,24972,25416,26427,26598,27107,28222,29861,31611,33587,35211,38207,39176,39804,41618,43805,46702,49931,50315,50334,46924,48007,50547,53390,53128,55096
"06061","Placer, CA","8","CA1","1","...","Personal income (thousands of dollars)",321622,357943,397096,444130,503425,579450,662881,765332,869225,1030688,1196966,1381609,1549895,1670919,1855286,2103683,2330342,2562075,2815805,3145706,3538331,3880487,4195130,4510298,4762292,5209450,5753812,6333475,6989140,7755153,8618207,9470664,10242155,10794168,11879529,13332608,14253548,15500815,16252666,16751898,16101330,16562270,17619978,18858330,19407381,20228856
"06061","Placer, CA","8","CA1","2","...","Population (persons) 1/",75693,78215,80905,83119,85493,88238,90854,95382,99562,107673,112758,118332,122444,126216,128535,132575,136789,141432,147363,153610,162658,175477,181611,187268,192655,199290,207071,214726,222168,231179,240928,251012,263615,276907,290726,302841,312762,321934,329023,337568,343810,350214,356897,361446,367339,371694
"06061","Placer, CA","8","CA1","3","...","Per capita personal income (dollars) 2/",4249,4576,4908,5343,5888,6567,7296,8024,8730,9572,10615,11676,12658,13239,14434,15868,17036,18115,19108,20479,21753,22114,23100,24085,24719,26140,27787,29496,31459,33546,35771,37730,38853,38981,40862,44025,45573,48149,49397,49625,46832,47292,49370,52175,52832,54423
"06063","Plumas, CA","8","CA1","1","...","Personal income (thousands of dollars)",50147,52425,55924,61272,69456,78243,90016,100036,112437,131846,149509,167654,184630,189512,209781,226882,241526,256151,271344,287350,318154,334473,356454,379606,399639,408389,416595,450111,484425,497690,516256,541183,579636,583340,626701,683185,691504,720810,730064,750132,716991,732089,759055,788011,806092,847586
"06063","Plumas, CA","8","CA1","2","...","Population (persons) 1/",11637,11778,12125,12509,13139,13577,13991,14185,15077,15760,16701,17440,17808,18176,18024,18154,18606,18693,19014,19316,19410,19826,20167,20736,20931,20786,20823,20780,20853,20831,20921,20754,20820,20866,20957,21000,21010,20762,20667,20410,20169,19918,19690,19341,18877,18606
"06063","Plumas, CA","8","CA1","3","...","Per capita personal income (dollars) 2/",4309,4451,4612,4898,5286,5763,6434,7052,7458,8366,8952,9613,10368,10426,11639,12498,12981,13703,14271,14876,16391,16870,17675,18307,19093,19647,20006,21661,23230,23892,24676,26076,27840,27956,29904,32533,32913,34718,35325,36753,35549,36755,38550,40743,42702,45554
"06065","Riverside, CA","8","CA1","1","...","Personal income (thousands of dollars)",1862314,2083879,2279743,2547763,2867624,3213864,3649027,4141457,4693532,5479097,6200746,7158363,8236348,8927851,9866164,11263933,12589028,14101048,15658451,17706276,20114953,22303470,22987704,24125370,24933810,25698131,26755598,28217586,29978991,32940271,35037244,38048246,41197057,43957445,48030537,52733755,57179601,62791072,65545866,66450042,64119679,65532154,69531143,72303147,74657667,78239388
"06065","Riverside, CA","8","CA1","2","...","Population (persons) 1/",450477,460682,477557,493221,497917,515875,528632,548029,577957,611852,640044,669473,693249,719842,746898,783202,825685,871209,930059,995977,1084568,1193156,1246326,1286364,1315090,1346651,1373034,1393732,1423934,1461916,1507912,1558985,1616634,1687147,1771656,1856542,1931785,2012370,2075183,2109712,2146725,2202553,2237696,2268019,2296956,2329271
"06065","Riverside, CA","8","CA1","3","...","Per capita personal income (dollars) 2/",4134,4523,4774,5166,5759,6230,6903,7557,8121,8955,9688,10693,11881,12403,13210,14382,15247,16186,16836,17778,18547,18693,18444,18755,18960,19083,19486,20246,21054,22532,23236,24406,25483,26054,27111,28404,29599,31203,31586,31497,29869,29753,31073,31879,32503,33590
"06067","Sacramento, CA","8","CA1","1","...","Personal income (thousands of dollars)",2730041,3048557,3334553,3651849,3979330,4439182,4965389,5491955,6095724,6967537,7868771,8734229,9642787,10363016,11212558,12543219,13934974,15197594,16424231,17847832,19683317,21485849,22610292,23902544,24265472,25330476,26808911,27711732,29215862,31391106,33388641,36518147,39276988,40962722,43423556,45869878,47878798,50550671,52398021,54201689,53647258,54673384,57564251,60721694,62440643,65126187
"06067","Sacramento, CA","8","CA1","2","...","Population (persons) 1/",618673,637288,653795,669351,669930,683553,697353,711755,727571,748281,768490,788275,806297,832148,852626,869581,891113,916044,948523,979279,1008753,1075819,1107559,1121523,1127608,1130094,1140825,1155635,1169855,1186617,1206659,1229940,1266257,1301079,1328531,1348932,1360816,1369563,1381161,1394438,1408601,1421838,1435601,1448771,1463149,1482026
"06067","Sacramento, CA","8","CA1","3","...","Per capita personal income (dollars) 2/",4413,4784,5100,5456,5940,6494,7120,7716,8378,9311,10239,11080,11959,12453,13151,14424,15638,16590,17316,18225,19513,19972,20415,21313,21519,22414,23500,23980,24974,26454,27670,29691,31018,31484,32685,34005,35184,36910,37938,38870,38085,38453,40098,41913,42676,43944
"06069","San Benito, CA","8","CA1","1","...","Personal income (thousands of dollars)",76800,76468,82822,93231,110593,119669,129415,139035,163276,182986,204739,247571,271533,297587,329676,373864,404730,448500,490249,538836,597588,649575,669428,714833,777028,833375,922667,1010564,1143350,1277040,1391324,1578611,1589294,1629208,1731645,1819030,1856026,1948212,2003581,1971288,1909403,1918978,2039927,2138209,2279346,2417263
"06069","San Benito, CA","8","CA1","2","...","Population (persons) 1/",18103,18249,18673,19087,19658,20202,20916,21870,22757,23638,24319,25194,25905,26916,27758,28959,30392,31649,32952,34374,36137,36835,37329,38321,39495,40786,42334,44169,46707,49071,51467,53781,54644,55056,55198,54849,54647,54124,54072,54267,54436,55532,56174,56871,57594,58267
"06069","San Benito, CA","8","CA1","3","...","Per capita personal income (dollars) 2/",4242,4190,4435,4885,5626,5924,6187,6357,7175,7741,8419,9827,10482,11056,11877,12910,13317,14171,14878,15676,16537,17635,17933,18654,19674,20433,21795,22879,24479,26024,27033,29353,29085,29592,31372,33164,33964,35995,37054,36326,35076,34556,36314,37598,39576,41486
"06071","San Bernardino, CA","8","CA1","1","...","Personal income (thousands of dollars)",2539003,2823258,3042336,3394211,3730905,4192726,4740373,5329854,5967006,6869497,7800765,8974792,10257530,11006246,12069531,13476001,15056962,16646842,18445051,20264908,22462483,24742419,25680748,26897114,27416761,28117466,29074793,30294273,32053965,34549616,36425723,38901906,42345934,44243209,47205115,50717010,53610694,56242067,58473029,60145538,58693991,59850108,62952683,64633723,66321591,69487877
"06071","San Bernardino, CA","8","CA1","2","...","Population (persons) 1/",671688,682857,693604,696255,704268,713868,719939,734488,769670,823881,856803,902956,932934,966760,996565,1027817,1072242,1124169,1192197,1271189,1352911,1437315,1492824,1534977,1549427,1558854,1576773,1596584,1618438,1646304,1681601,1718037,1760731,1799791,1846115,1899065,1943924,1974140,1992161,2003735,2013960,2041689,2064663,2080651,2093306,2112619
"06071","San Bernardino, CA","8","CA1","3","...","Per capita personal income (dollars) 2/",3780,4134,4386,4875,5298,5873,6584,7257,7753,8338,9105,9939,10995,11385,12111,13111,14043,14808,15471,15942,16603,17214,17203,17523,17695,18037,18439,18974,19805,20986,21661,22643,24050,24582,25570,26706,27579,28489,29352,30017,29144,29314,30491,31064,31683,32892
"06073","San Diego, CA","8","CA1","1","...","Personal income (thousands of dollars)",6347248,7027210,7547152,8393784,9255088,10339947,11558686,12897277,14411369,16567665,18782466,21656539,24671169,26673187,28836446,32383520,35547583,38778452,41940187,46065579,50096085,52831363,54998942,57790057,59097869,60822501,63655348,67886459,72619451,80550095,87189995,95753005,100173186,104400001,109323606,116727654,121544485,128079224,132954811,138673021,134139980,138346589,147960807,155954440,160828662,167931419
"06073","San Diego, CA","8","CA1","2","...","Population (persons) 1/",1340989,1365976,1391925,1433126,1499594,1540667,1616907,1642781,1715527,1775410,1827602,1875620,1927018,1972354,2018133,2066419,2126090,2196834,2275309,2364284,2444380,2512365,2553122,2593126,2599776,2614685,2623697,2651549,2692600,2736720,2789593,2827366,2869672,2900355,2914702,2930007,2938375,2947289,2975742,3022116,3061203,3104543,3141768,3183413,3222558,3263431
"06073","San Diego, CA","8","CA1","3","...","Per capita personal income (dollars) 2/",4733,5144,5422,5857,6172,6711,7149,7851,8401,9332,10277,11546,12803,13524,14289,15671,16720,17652,18433,19484,20494,21029,21542,22286,22732,23262,24262,25603,26970,29433,31255,33867,34908,35996,37508,39839,41365,43457,44680,45886,43819,44563,47095,48990,49907,51459
"06075","San Francisco, CA","8","CA1","1","...","Personal income (thousands of dollars)",4300162,4658459,4940592,5296078,5625591,6124465,6685668,7187662,7813308,8588474,9432370,10374316,11688052,12443482,13561263,14920616,15803802,16873326,17573860,19523107,20315743,21295636,22681898,23602667,24213468,24889370,27119816,29124632,30819324,35033462,38276893,44507163,45049787,43139469,42503105,44939954,48879412,54346061,57275417,59290581,55559545,57619120,63102121,70573974,72858445,77233279
"06075","San Francisco, CA","8","CA1","2","...","Population (persons) 1/",726294,712874,708077,700199,699954,698372,686069,686114,679424,677663,675835,680830,686915,695546,704809,713196,727977,737396,736499,730471,725889,723496,729708,734861,740277,742316,746386,753934,762953,770262,774716,777885,780865,772723,766160,761325,763016,768650,778673,791152,801922,805825,816239,829691,841138,852469
"06075","San Francisco, CA","8","CA1","3","...","Per capita personal income (dollars) 2/",5921,6535,6977,7564,8037,8770,9745,10476,11500,12674,13957,15238,17015,17890,19241,20921,21709,22882,23861,26727,27987,29434,31084,32119,32709,33529,36335,38630,40395,45483,49408,57216,57692,55828,55475,59029,64061,70703,73555,74942,69283,71503,77308,85061,86619,90600
"06077","San Joaquin, CA","8","CA1","1","...","Personal income (thousands of dollars)",1185498,1277481,1389625,1526878,1700645,1932221,2124107,2311342,2546964,2863084,3239418,3682201,4061172,4321514,4556058,5129731,5560046,6005195,6541486,7061406,7654819,8125990,8504783,9111820,9500647,9860805,10192241,10773600,11500953,12257582,13066296,14244298,14951527,15856840,17004045,18144620,18893369,19981861,21147791,21541612,21106628,21347380,22376580,23518295,24470917,25859136
"06077","San Joaquin, CA","8","CA1","2","...","Population (persons) 1/",284769,291488,296167,300221,303896,306658,309750,317671,320840,332685,338384,350304,361462,373479,385721,398731,416042,430786,445726,457138,466863,484131,492694,500278,506385,512212,517923,524657,531908,540257,552424,567885,591207,609041,626778,642898,656985,662812,668080,671692,677736,687513,695479,701635,705027,715597
"06077","San Joaquin, CA","8","CA1","3","...","Per capita personal income (dollars) 2/",4163,4383,4692,5086,5596,6301,6857,7276,7938,8606,9573,10511,11235,11571,11812,12865,13364,13940,14676,15447,16396,16785,17262,18214,18762,19251,19679,20535,21622,22688,23653,25083,25290,26036,27129,28223,28758,30147,31655,32071,31143,31050,32174,33519,34709,36136
"06079","San Luis Obispo, CA","8","CA1","1","...","Personal income (thousands of dollars)",369738,410207,455185,512853,578886,671161,764092,870098,970882,1150446,1309989,1482034,1664100,1781982,2155938,2373876,2543293,2770921,3016373,3309458,3667941,3828138,3992542,4232319,4379996,4552480,4817977,5195413,5655546,6122952,6484638,7041288,7487822,7800239,8152391,8746789,9187325,9926022,10456752,10441864,10229839,10473063,11232403,11908742,12337936,12823005
"06079","San Luis Obispo, CA","8","CA1","2","...","Population (persons) 1/",102648,106280,109301,115484,119843,125535,126456,134260,138635,145914,150850,156786,161886,166563,171365,177566,185248,192497,199345,204261,213314,218276,219895,221848,223370,226228,229370,232976,236601,240020,243480,247839,251462,253083,254674,256842,258615,260498,262770,266358,268145,269860,271165,274528,276284,279083
"06079","San Luis Obispo, CA","8","CA1","3","...","Per capita personal income (dollars) 2/",3602,3860,4165,4441,4830,5346,6042,6481,7003,7884,8684,9453,10279,10699,12581,13369,13729,14395,15131,16202,17195,17538,18157,19078,19609,20123,21005,22300,23903,25510,26633,28411,29777,30821,32011,34055,35525,38104,39794,39202,38150,38809,41423,43379,44657,45947
"06081","San Mateo, CA","8","CA1","1","...","Personal income (thousands of dollars)",3126043,3399902,3617420,3906467,4242180,4686168,5200606,5652481,6168158,6921493,7746573,8794059,10011159,10754314,11631388,13017719,13827761,14652293,15481300,16856469,18256658,19149596,19903434,21051911,22029076,22968994,24719667,27658763,28916352,32404665,36897623,43339686,41014544,38304155,38619186,41448567,45412501,50331069,53643534,53434258,50174954,51263749,56090723,63553559,64281690,68013899
"06081","San Mateo, CA","8","CA1","2","...","Population (persons) 1/",552230,557022,556302,559525,567149,568431,575390,580571,581775,582630,585612,588442,591734,595851,606455,613706,620182,621584,628256,636614,646078,650174,655493,662931,669581,674871,679690,687243,697512,702651,704538,707820,705621,697628,693057,690161,690078,690176,693849,703830,713617,719951,729425,740738,750489,758581
"06081","San Mateo, CA","8","CA1","3","...","Per capita personal income (dollars) 2/",5661,6104,6503,6982,7480,8244,9038,9736,10602,11880,13228,14945,16918,18049,19179,21212,22296,23573,24642,26478,28258,29453,30364,31756,32900,34035,36369,40246,41456,46118,52371,61230,58125,54906,55723,60056,65808,72925,77313,75919,70311,71204,76897,85798,85653,89659
"06083","Santa Barbara, CA","8","CA1","1","...","Personal income (thousands of dollars)",1242631,1339453,1430987,1571280,1743168,1919940,2117353,2344045,2579954,2954821,3318640,3774305,4300536,4638392,5030596,5670480,6106961,6508720,6892885,7446137,8063009,8334826,8787077,9151357,9340249,9668554,9880073,10339668,10738571,11725435,12354432,13480888,13565995,13536828,14282590,15859153,16871037,18308614,18723624,18808064,18000151,18374133,19878720,21237984,21404955,22263835
"06083","Santa Barbara, CA","8","CA1","2","...","Population (persons) 1/",261991,265291,269930,276957,277414,278431,282626,286075,290381,295397,295423,300191,305588,313073,322294,329133,338569,345651,352021,355810,365695,370565,374910,378003,380064,384226,384582,386108,391290,394738,396906,399990,403164,405178,406810,407284,408079,408085,411243,415859,420356,424331,425974,430728,436076,440668
"06083","Santa Barbara, CA","8","CA1","3","...","Per capita personal income (dollars) 2/",4743,5049,5301,5673,6284,6896,7492,8194,8885,10003,11234,12573,14073,14816,15609,17229,18038,18830,19581,20927,22048,22492,23438,24210,24575,25164,25690,26779,27444,29704,31127,33703,33649,33410,35109,38939,41343,44865,45529,45227,42821,43301,46667,49307,49085,50523
"06085","Santa Clara, CA","8","CA1","1","...","Personal income (thousands of dollars)",5049390,5459564,5876203,6520014,7268923,8152688,9050282,10095490,11304192,13001238,15056191,17347475,19695363,21546176,23803960,26634480,28289312,29380918,31231708,34185697,36709009,38496639,40033392,43068394,43847003,45653948,50330934,54781330,60756444,65872356,73905106,92331234,83980668,77180678,77806515,82267270,87191703,96398685,104825586,105194136,98222161,106402111,117086408,131951355,133654835,141873705
"06085","Santa Clara, CA","8","CA1","2","...","Population (persons) 1/",1033442,1071425,1100482,1138754,1163918,1164621,1192772,1206702,1231639,1260365,1271379,1301515,1324722,1345039,1374018,1396226,1419520,1429933,1447591,1472234,1498121,1498307,1513118,1531886,1549185,1561366,1580245,1608695,1637414,1658960,1671498,1684947,1688082,1669348,1663592,1663167,1675312,1691159,1712026,1740964,1765137,1786930,1814105,1841098,1871107,1894605
"06085","Santa Clara, CA","8","CA1","3","...","Per capita personal income (dollars) 2/",4886,5096,5340,5726,6245,7000,7588,8366,9178,10315,11842,13329,14868,16019,17324,19076,19929,20547,21575,23220,24503,25693,26458,28115,28303,29240,31850,34053,37105,39707,44215,54798,49749,46234,46770,49464,52045,57002,61229,60423,55646,59545,64542,71670,71431,74883
"06087","Santa Cruz, CA","8","CA1","1","...","Personal income (thousands of dollars)",508509,557769,622630,706925,818075,934983,1059658,1212624,1393020,1610006,1836287,2131864,2416460,2578528,2905151,3228588,3425599,3677604,3950509,4322999,4591637,4982189,5167907,5525426,5737055,5962931,6368398,6859912,7406407,8039359,8850149,10259913,10026075,9960710,10043393,10518330,10669019,11460367,11910387,11940819,11080626,11267634,12125514,13116916,13456565,14209814
"06087","Santa Cruz, CA","8","CA1","2","...","Population (persons) 1/",122243,124788,129886,141878,145347,149828,158622,168026,175132,174865,184041,189305,193590,197353,201921,205964,212143,216661,221202,225700,231463,229616,229935,232912,235386,237714,239324,241168,245344,250889,253667,255835,256045,254531,253021,252356,251377,251616,253304,256520,260009,263213,264923,266632,269444,271804
"06087","Santa Cruz, CA","8","CA1","3","...","Per capita personal income (dollars) 2/",4160,4470,4794,4983,5628,6240,6680,7217,7954,9207,9978,11262,12482,13066,14388,15675,16148,16974,17859,19154,19837,21698,22476,23723,24373,25084,26610,28445,30188,32043,34889,40104,39157,39134,39694,41681,42442,45547,47020,46549,42616,42808,45770,49195,49942,52280
"06089","Shasta, CA","8","CA1","1","...","Personal income (thousands of dollars)",289353,314924,347868,381723,433330,496661,561099,643701,726005,850265,973332,1080871,1173965,1251216,1362772,1506622,1609293,1738678,1893855,2088799,2321293,2538679,2704641,2887132,2999842,3124985,3241128,3371196,3555404,3763913,3934600,4188884,4510840,4706431,4887539,5169241,5350904,5685630,5890625,5900117,5804772,5938481,6188095,6379918,6514113,6815459
"06089","Shasta, CA","8","CA1","2","...","Population (persons) 1/",76290,77980,79434,80656,84249,86651,92082,94909,100157,103572,112199,116590,120270,121513,122807,125322,128461,130119,132958,136627,140997,148606,153746,156800,157735,158621,159198,159737,160761,162034,161987,163615,166408,170198,173202,174867,175615,176166,176548,177247,177279,177286,177950,178421,179137,179804
"06089","Shasta, CA","8","CA1","3","...","Per capita personal income (dollars) 2/",3793,4039,4379,4733,5143,5732,6093,6782,7249,8209,8675,9271,9761,10297,11097,12022,12527,13362,14244,15288,16463,17083,17592,18413,19018,19701,20359,21105,22116,23229,24290,25602,27107,27653,28219,29561,30470,32274,33366,33288,32744,33497,34774,35758,36364,37905
"06091","Sierra, CA","8","CA1","1","...","Personal income (thousands of dollars)",9130,9654,12806,12237,14900,15441,16390,20093,21147,22948,26231,29267,30189,32706,35769,38941,43309,46105,48077,50338,53618,50587,52288,56335,60546,61102,63757,68780,73151,76417,80301,83961,87972,84113,86116,88055,89244,89596,92774,93149,93919,96594,99480,103822,104088,111830
"06091","Sierra, CA","8","CA1","2","...","Population (persons) 1/",2387,2391,2444,2381,2469,2470,2699,2862,2898,2887,3037,3076,3083,3276,3292,3273,3270,3237,3251,3328,3310,3323,3336,3322,3395,3396,3466,3498,3488,3515,3480,3574,3518,3482,3511,3430,3378,3424,3373,3320,3248,3221,3104,3076,3040,3003
"06091","Sierra, CA","8","CA1","3","...","Per capita personal income (dollars) 2/",3825,4038,5240,5139,6035,6251,6073,7021,7297,7949,8637,9515,9792,9984,10865,11898,13244,14243,14788,15126,16199,15223,15674,16958,17834,17992,18395,19663,20972,21740,23075,23492,25006,24157,24527,25672,26419,26167,27505,28057,28916,29989,32049,33752,34239,37239
"06093","Siskiyou, CA","8","CA1","1","...","Personal income (thousands of dollars)",130855,137598,149058,161258,191631,205458,225325,254269,266840,308486,344471,399507,413329,428929,452421,485923,502704,530444,560479,599330,651212,684286,718157,741145,768193,797285,821426,864287,891296,944555,969171,1024453,1077102,1118186,1143941,1219635,1236162,1306584,1357834,1425093,1363519,1399029,1477815,1516064,1555662,1614315
"06093","Siskiyou, CA","8","CA1","2","...","Population (persons) 1/",33022,33258,33382,33514,34318,34568,34947,35639,36581,37647,38781,39952,40757,41279,41212,41267,41586,41178,41403,42026,42851,43743,44035,44298,44150,44405,44760,44707,45030,44848,44424,44218,43908,43965,44287,44394,44641,44487,44465,44780,44788,44971,44719,44214,43773,43628
"06093","Siskiyou, CA","8","CA1","3","...","Per capita personal income (dollars) 2/",3963,4137,4465,4812,5584,5944,6448,7135,7294,8194,8882,10000,10141,10391,10978,11775,12088,12882,13537,14261,15197,15643,16309,16731,17400,17955,18352,19332,19793,21061,21816,23168,24531,25434,25830,27473,27691,29370,30537,31824,30444,31110,33047,34289,35539,37002
"06095","Solano, CA","8","CA1","1","...","Personal income (thousands of dollars)",705025,784824,872400,957984,1058262,1211150,1377083,1516225,1702639,1959214,2202848,2519886,2833024,3107445,3431845,3812882,4237501,4632338,5016060,5481315,6083261,6795512,7053274,7448412,7722611,7748340,7960286,8285262,8819284,9443482,10112033,11214013,12106001,12530034,13137899,13621985,14020230,14553747,15036560,15513943,15100467,15088748,15774619,16271664,17080201,18138958
"06095","Solano, CA","8","CA1","2","...","Population (persons) 1/",168394,173238,178481,181259,183223,187439,191535,197971,204713,213619,224455,237456,246003,254348,260386,264416,271634,283617,296835,310048,326074,343463,354104,359919,364251,366072,365395,367608,371881,378657,387657,396974,404209,408226,408409,409301,408181,408402,408243,408972,410290,414101,416945,420724,425219,431131
"06095","Solano, CA","8","CA1","3","...","Per capita personal income (dollars) 2/",4187,4530,4888,5285,5776,6462,7190,7659,8317,9172,9814,10612,11516,12217,13180,14420,15600,16333,16898,17679,18656,19785,19919,20695,21201,21166,21785,22538,23715,24939,26085,28249,29950,30694,32168,33281,34348,35636,36832,37934,36804,36437,37834,38675,40168,42073
"06097","Sonoma, CA","8","CA1","1","...","Personal income (thousands of dollars)",862802,956208,1062453,1204730,1367687,1548697,1768677,2016288,2282361,2662480,3042177,3472888,3954335,4210872,4628915,5204458,5655749,6120959,6579248,7214272,8070693,8685211,9057992,9578469,10045302,10535135,11012702,11875927,12984861,14112723,14948280,17043725,17305730,17292440,17550632,18144859,18839106,20033058,20511416,20408986,19472412,19781404,21026736,22194538,23269688,24606709
"06097","Sonoma, CA","8","CA1","2","...","Population (persons) 1/",200920,206003,212402,224091,237957,243028,253255,262654,273175,281442,291859,301586,308609,314636,321580,326863,335355,345270,356111,367893,380633,390495,397937,405151,410687,416152,422286,428399,437141,445901,453421,460421,465293,465298,466489,466809,465938,465188,467356,473091,479479,484666,487722,490838,495432,500292
"06097","Sonoma, CA","8","CA1","3","...","Per capita personal income (dollars) 2/",4294,4642,5002,5376,5748,6373,6984,7677,8355,9460,10423,11515,12813,13383,14394,15922,16865,17728,18475,19610,21203,22242,22762,23642,24460,25316,26079,27722,29704,31650,32968,37018,37193,37164,37623,38870,40433,43064,43888,43140,40612,40815,43112,45218,46968,49185
"06099","Stanislaus, CA","8","CA1","1","...","Personal income (thousands of dollars)",716092,790022,854092,963328,1100761,1253219,1386612,1553422,1802205,2020520,2298411,2589026,2868888,3085248,3278954,3662983,4011275,4333669,4766783,5197707,5745063,6268942,6599522,6960495,7249533,7432037,7662562,8193247,8763841,9534739,10000540,10912444,11516890,12244552,12845823,13792927,14451614,14975003,15650586,15740550,15461589,16035859,16814528,17767475,18399577,19341120
"06099","Stanislaus, CA","8","CA1","2","...","Population (persons) 1/",191271,195578,199698,201644,215178,222484,229518,236293,246995,247280,260933,267852,275137,280737,288504,293879,301285,311154,323380,336063,353017,375312,386163,394725,401805,406274,410337,415159,421264,428754,438609,449471,463761,477469,487357,492613,500020,504651,507834,509032,511536,515283,518270,522134,526286,531997
"06099","Stanislaus, CA","8","CA1","3","...","Per capita personal income (dollars) 2/",3744,4039,4277,4777,5116,5633,6041,6574,7297,8171,8808,9666,10427,10990,11365,12464,13314,13928,14741,15466,16274,16703,17090,17634,18042,18293,18674,19735,20804,22238,22801,24278,24834,25645,26358,28000,28902,29674,30818,30923,30226,31120,32444,34029,34961,36356
"06101","Sutter, CA","8","CA1","1","...","Personal income (thousands of dollars)",192053,204315,224516,250507,291391,342427,372112,371350,416066,453754,501449,583104,636150,632960,650402,752107,818833,848222,913778,973108,1072208,1122822,1241339,1342480,1405410,1500252,1570252,1632666,1701919,1829815,1981748,2060483,2108673,2215289,2398310,2614371,2712319,2965473,3135923,3281191,3283906,3254792,3410376,3446844,3638867,3725675
"06101","Sutter, CA","8","CA1","2","...","Population (persons) 1/",41775,42140,43040,43177,45051,46202,47419,48687,49473,50050,51681,52580,53818,55230,56762,56648,57599,58478,59780,61075,62704,64854,67153,69118,70675,72641,74253,75255,76314,76923,78216,79192,80138,82162,84671,86484,88764,91112,92959,93855,94366,94814,94750,94637,95287,95847
"06101","Sutter, CA","8","CA1","3","...","Per capita personal income (dollars) 2/",4597,4848,5216,5802,6468,7412,7847,7627,8410,9066,9703,11090,11820,11460,11458,13277,14216,14505,15286,15933,17100,17313,18485,19423,19886,20653,21147,21695,22302,23788,25337,26019,26313,26962,28325,30230,30557,32548,33734,34960,34800,34328,35993,36422,38188,38871
"06103","Tehama, CA","8","CA1","1","...","Personal income (thousands of dollars)",107515,114835,120148,131721,152846,160973,172142,195418,226044,264823,297921,336993,365171,397299,421505,456118,486611,517605,545531,587579,636087,667409,699456,755966,775459,807735,851010,907017,950315,981667,1031137,1102550,1157660,1238791,1322693,1412474,1516264,1587924,1675132,1689766,1706414,1742708,1854414,1958026,1981161,2060118
"06103","Tehama, CA","8","CA1","2","...","Population (persons) 1/",29044,29614,30115,29971,30922,31880,32307,33357,34500,35936,37321,39165,40196,41329,42260,43203,44325,44845,45982,47173,48558,49913,51205,52189,52690,53670,54689,54943,55049,55394,55517,56170,56685,57380,58528,59571,60602,61587,62147,62648,62891,63638,63321,63263,63130,63067
"06103","Tehama, CA","8","CA1","3","...","Per capita personal income (dollars) 2/",3702,3878,3990,4395,4943,5049,5328,5858,6552,7369,7983,8604,9085,9613,9974,10558,10978,11542,11864,12456,13100,13371,13660,14485,14717,15050,15561,16508,17263,17722,18573,19629,20423,21589,22599,23711,25020,25783,26954,26972,27133,27385,29286,30951,31382,32666
"06105","Trinity, CA","8","CA1","1","...","Personal income (thousands of dollars)",24780,25999,31299,35054,42233,48409,54763,62019,69425,79209,88203,99363,108818,111368,123095,132500,141229,150870,156748,170075,181925,187517,194092,207182,212855,218144,225943,236156,242290,247671,259380,268530,292164,307754,319766,331791,328533,337396,349851,358988,360420,369262,386924,396622,410356,424875
"06105","Trinity, CA","8","CA1","2","...","Population (persons) 1/",7261,7687,7939,8273,8763,9096,9594,9855,10511,11178,11600,11955,12323,12316,12467,12750,12881,12811,12715,13051,13145,13052,13097,13216,13268,13552,13525,13485,13278,13171,13050,12980,12859,13064,13210,13159,13440,13634,13648,13656,13762,13755,13712,13495,13444,13170
"06105","Trinity, CA","8","CA1","3","...","Per capita personal income (dollars) 2/",3413,3382,3942,4237,4819,5322,5708,6293,6605,7086,7604,8311,8830,9043,9874,10392,10964,11777,12328,13032,13840,14367,14820,15677,16043,16097,16706,17512,18247,18804,19876,20688,22721,23557,24206,25214,24444,24747,25634,26288,26190,26846,28218,29390,30523,32261
"06107","Tulare, CA","8","CA1","1","...","Personal income (thousands of dollars)",638951,698524,758854,860505,1018778,1182497,1258847,1408289,1549760,1771427,2097482,2318884,2436598,2620065,2695805,2966944,3134160,3352252,3705452,3959973,4225805,4665215,4777175,5326856,5474896,5741444,5864582,6320365,6441068,6919804,7168375,7376234,8085292,8318291,9027645,10112534,10650163,10894381,12170508,12297505,12028629,12819638,13903753,14400560,15194558,16147060
"06107","Tulare, CA","8","CA1","2","...","Population (persons) 1/",185701,189191,194103,197643,201805,206589,213115,219123,225906,233220,240074,247426,253694,259759,267034,273255,280000,285767,291752,298075,304451,314062,323705,331956,339253,345668,348127,350732,354946,359854,364708,368627,373171,379568,388743,398226,407970,414921,422140,429283,436987,443292,447824,451499,454725,458198
"06107","Tulare, CA","8","CA1","3","...","Per capita personal income (dollars) 2/",3441,3692,3910,4354,5048,5724,5907,6427,6860,7596,8737,9372,9604,10087,10095,10858,11193,11731,12701,13285,13880,14854,14758,16047,16138,16610,16846,18020,18147,19229,19655,20010,21666,21915,23223,25394,26105,26257,28831,28647,27526,28919,31047,31895,33415,35240
"06109","Tuolumne, CA","8","CA1","1","...","Personal income (thousands of dollars)",78444,84084,89857,94984,105888,127076,152760,181570,209534,244124,276861,316120,350850,369061,402339,449285,494254,551510,595622,647858,724263,790299,802346,871525,897621,929819,956409,1005691,1071092,1158499,1203729,1315126,1391422,1436265,1514544,1616865,1681649,1751591,1805845,1824832,1751980,1803117,1896235,1978444,1973392,2079983
"06109","Tuolumne, CA","8","CA1","2","...","Population (persons) 1/",21286,22360,23057,23264,24173,24871,25964,26520,28441,30775,32850,34205,35246,36259,37255,38058,39741,41583,43335,45029,46877,48845,50037,50806,51774,52068,51812,52474,52678,53098,53857,54658,55253,55850,56513,56602,56788,56680,56339,56320,55845,55168,54724,54100,53911,53831
"06109","Tuolumne, CA","8","CA1","3","...","Per capita personal income (dollars) 2/",3685,3760,3897,4083,4380,5109,5884,6847,7367,7933,8428,9242,9954,10178,10800,11805,12437,13263,13745,14388,15450,16180,16035,17154,17337,17858,18459,19166,20333,21818,22350,24061,25183,25716,26800,28566,29613,30903,32053,32401,31372,32684,34651,36570,36605,38639
"06111","Ventura, CA","8","CA1","1","...","Personal income (thousands of dollars)",1566064,1673166,1844484,2083420,2362312,2690182,3058264,3402490,3911617,4624040,5225016,6062617,6866663,7459596,8098933,9046382,9851856,10794280,11783983,12926679,13961374,14954713,15581903,16163309,16933627,17620145,18806068,19571880,20992887,21997407,23565276,25788869,26641359,27299010,29284479,31493474,33357516,35584729,37081090,36669201,35123778,36032516,38195055,40391098,40940858,42651306
"06111","Ventura, CA","8","CA1","2","...","Population (persons) 1/",369811,381174,395691,408523,419461,433885,448918,460485,478695,494086,512189,532827,546389,562142,575586,588790,602819,615422,632062,650851,664692,670117,675706,684143,689943,698509,703486,710215,721107,730779,743357,756506,766689,779489,788070,793994,794197,798183,800027,806353,815130,825353,830973,835476,840972,846178
"06111","Ventura, CA","8","CA1","3","...","Per capita personal income (dollars) 2/",4235,4390,4661,5100,5632,6200,6813,7389,8171,9359,10201,11378,12567,13270,14071,15364,16343,17540,18644,19861,21004,22317,23060,23626,24544,25225,26733,27558,29112,30101,31701,34089,34749,35022,37160,39665,42002,44582,46350,45475,43090,43657,45964,48345,48683,50405
"06113","Yolo, CA","8","CA1","1","...","Personal income (thousands of dollars)",403911,436474,486526,547378,615199,721199,787136,805934,915619,1011264,1139549,1300563,1409768,1455696,1506937,1709962,1830672,1976716,2148354,2268110,2549711,2807458,2931703,3052779,3142130,3363375,3567360,3701906,3939640,4117999,4377105,4659154,4948123,5113494,5486029,6038081,6365453,6799510,7378564,7735146,7590388,7666231,8270263,8676602,9066266,9369048
"06113","Yolo, CA","8","CA1","2","...","Population (persons) 1/",89817,92144,95307,101668,97694,99899,102227,101389,105909,111100,109575,113791,115238,117748,119398,120861,123769,125166,128526,133311,138252,142214,145100,146568,148165,149972,152628,155359,158876,161743,165269,169835,175337,180327,182954,185237,186269,189615,194339,197154,199791,201167,202303,204265,205485,207590
"06113","Yolo, CA","8","CA1","3","...","Per capita personal income (dollars) 2/",4497,4737,5105,5384,6297,7219,7700,7949,8645,9102,10400,11429,12234,12363,12621,14148,14791,15793,16715,17014,18442,19741,20205,20828,21207,22427,23373,23828,24797,25460,26485,27433,28221,28357,29986,32597,34173,35860,37967,39234,37992,38109,40881,42477,44121,45132
"06115","Yuba, CA","8","CA1","1","...","Personal income (thousands of dollars)",159084,177661,191991,203084,219524,246425,266270,274115,311346,345348,391545,427063,461153,478855,493985,548881,587963,618944,665455,706317,768441,809516,861118,908556,913563,919246,943130,978798,1020380,1062624,1155239,1209264,1313067,1425135,1554234,1653936,1742318,1878252,2010584,2160979,2195563,2230900,2342378,2403241,2503259,2587968
"06115","Yuba, CA","8","CA1","2","...","Population (persons) 1/",44660,44964,45305,44328,44929,45161,45411,47292,47489,48275,48930,49808,50013,51175,51721,52404,53330,53778,54774,55841,57010,58645,59524,60768,61275,61877,61070,60905,60111,60093,59881,60372,61249,62100,62733,63742,66285,69272,70761,71773,71607,72390,72600,72977,73361,73966
"06115","Yuba, CA","8","CA1","3","...","Per capita personal income (dollars) 2/",3562,3951,4238,4581,4886,5457,5864,5796,6556,7154,8002,8574,9221,9357,9551,10474,11025,11509,12149,12649,13479,13804,14467,14951,14909,14856,15443,16071,16975,17683,19292,20030,21438,22949,24775,25947,26285,27114,28414,30109,30661,30818,32264,32931,34122,34989
"Note: See the included footnote file."
"CA1: Personal Income Summary: Personal Income, Population, Per Capita Personal Income"
"Last updated: November 19, 2015-- new estimates for 2014; revised estimates for 1969-2013."
"Source: U.S. Department of Commerce / Bureau of Economic Analysis / Regional Income Division"
