FIPS,AREA,Mean Annual Precipitation (in.)
06075,0.013888889,621.8137589
25025,0.017361111,1230.093005
31007,0.206597222,425.5606733
37181,0.072916667,1122.091657
48421,0.232638889,456.791567
50011,0.210069444,1133.658594
51680,0.012152778,1077.152884
05099,0.161458333,1340.037203
08014,0.008680556,399.7399963
16065,0.140625,476.7627145
17027,0.121527778,1058.513423
19025,0.152777778,851.0442075
21129,0.053819444,1211.134195
22063,0.168402778,1615.398244
31097,0.104166667,814.738505
31101,0.296875,484.4284777
51775,0.003472222,1052.244995
48493,0.192708333,755.1254938
48115,0.230902778,476.0945868
46051,0.208333333,617.7427516
05067,0.175347222,1237.857226
51670,0.001736111,1174.47998
46003,0.229166667,593.123789
18031,0.095486111,1121.651094
18169,0.119791667,1014.209422
19161,0.15625,836.678224
37107,0.097222222,1246.84661
29055,0.196180556,1157.316903
31105,0.25,419.98993
08045,0.822916667,605.2490505
17067,0.239583333,993.1958715
27173,0.210069444,666.7879366
31145,0.194444444,549.3633025
13089,0.074652778,1301.958601
45077,0.128472222,1394.988242
20131,0.210069444,865.4222331
05111,0.1875,1240.678983
17175,0.072916667,928.8399963
37147,0.168402778,1234.201139
19147,0.171875,810.2797944
19081,0.1875,838.4820376
29229,0.173611111,1148.026902
31073,0.121527778,589.1368556
38043,0.413194444,474.8777727
40015,0.319444444,822.9053275
42075,0.098958333,1143.453502
48069,0.225694444,506.2223072
48279,0.25,478.4625005
48385,0.159722222,746.292718
55141,0.246527778,824.6673236
55099,0.364583333,800.594095
35057,0.84375,394.3228396
26107,0.152777778,875.3870433
29003,0.131944444,934.0789506
42097,0.125,1104.473195
17141,0.206597222,918.2399154
12091,0.232638889,1651.562535
17075,0.321180556,969.1283243
19059,0.125,756.8849979
20129,0.208333333,442.3259995
28153,0.196180556,1470.824338
36073,0.105902778,887.5362309
36003,0.310763889,1021.542237
51009,0.131944444,1149.492101
13267,0.121527778,1164.59014
16053,0.175347222,262.6281194
36039,0.1875,1195.822597
26077,0.171875,973.9563666
26123,0.229166667,893.1958336
20073,0.302083333,976.3122997
31035,0.152777778,712.4282934
31011,0.1875,689.7632407
37081,0.177083333,1124.369806
46061,0.140625,636.3867888
50015,0.128472222,1235.241629
55069,0.286458333,805.5869104
47091,0.079861111,1182.00979
19145,0.145833333,895.8120226
08119,0.154513889,525.6166265
29139,0.145833333,1066.320953
22127,0.229166667,1487.488101
11001,0.019097222,1086.322732
16041,0.204861111,589.8919497
19007,0.133680556,969.3063616
20157,0.21875,747.9553964
26101,0.166666667,872.4054159
27047,0.21875,856.2354746
39093,0.140625,962.7401244
47139,0.116319444,1414.61
48359,0.395833333,464.7992535
21191,0.081597222,1078.503621
17137,0.154513889,991.5725866
19169,0.171875,907.9293934
26065,0.152777778,846.4218181
28127,0.152777778,1476.817838
28035,0.119791667,1540.455945
33001,0.137152778,1148.166198
39055,0.109375,1106.353498
45059,0.184027778,1157.346698
46097,0.166666667,633.7069791
48127,0.324652778,528.8703228
48305,0.208333333,510.380501
48171,0.236111111,782.7826475
51097,0.083333333,1128.499583
17003,0.071180556,1233.063408
47173,0.067708333,1248.786925
18005,0.104166667,1129.302838
40031,0.263888889,838.0716444
29195,0.199652778,1054.602609
01023,0.230902778,1395.693307
13061,0.053819444,1321.686764
18091,0.178819444,1002.923981
18171,0.09375,990.0479612
31181,0.152777778,668.6693192
39087,0.119791667,1084.275946
51099,0.045138889,1057.836548
05037,0.149305556,1254.011398
12095,0.227430556,1274.801075
17143,0.171875,938.0203025
18105,0.121527778,1176.755711
20061,0.112847222,866.5369206
28141,0.100694444,1462.703106
31059,0.152777778,736.2245449
42025,0.104166667,1286.039665
48461,0.305555556,390.943295
48145,0.194444444,936.0112495
48307,0.255208333,685.562111
55025,0.345486111,900.4629645
55049,0.213541667,914.769432
47043,0.125,1329.385839
26037,0.166666667,848.7698936
19047,0.21875,815.091032
20011,0.15625,1113.988
20051,0.263888889,605.4716431
12049,0.145833333,1289.100834
40059,0.274305556,609.0780396
44001,0.012152778,1232.439994
08081,1.342013889,396.6039456
26103,0.585069444,810.1218981
39003,0.104166667,949.1146667
21019,0.043402778,1089.107212
51093,0.088541667,1208.703922
21037,0.036458333,1045.411423
12107,0.203125,1313.869148
13133,0.095486111,1182.110536
35019,0.765625,374.2664624
18181,0.140625,994.1612338
19123,0.171875,931.6841418
19035,0.152777778,784.8720453
21157,0.092013889,1292.16491
18085,0.149305556,987.5256972
39059,0.149305556,996.3249959
47049,0.126736111,1378.727392
47007,0.102430556,1440.648642
48247,0.263888889,546.5905244
55027,0.277777778,856.7810024
55011,0.215277778,868.8944363
48353,0.222222222,582.4017177
01053,0.255208333,1630.606395
55015,0.100694444,783.786036
27105,0.210069444,734.1716536
27153,0.291666667,688.3770247
29039,0.137152778,1141.054939
37093,0.097222222,1169.777148
17009,0.074652778,975.1248836
17187,0.138888889,952.7308739
17071,0.109375,949.9442836
26139,0.164930556,917.2018921
29129,0.121527778,969.8411447
48147,0.237847222,1132.617369
51139,0.083333333,1066.564588
55105,0.21875,893.0801585
05101,0.204861111,1277.868381
08087,0.333333333,369.1542187
13243,0.102430556,1291.011537
37195,0.092013889,1187.890567
19021,0.166666667,827.208334
21119,0.097222222,1159.062683
22093,0.0625,1610.353611
18179,0.116319444,985.5002961
20165,0.194444444,605.9317867
34013,0.038194444,1253.210449
51036,0.053819444,1162.594845
45063,0.192708333,1153.613425
47145,0.098958333,1362.772294
45011,0.137152778,1161.609111
55047,0.102430556,833.4671227
49013,0.880208333,476.257515
45023,0.142361111,1126.809024
28009,0.098958333,1441.944561
21065,0.067708333,1183.590755
13129,0.09375,1307.157776
31127,0.104166667,829.7436707
05009,0.15625,1147.791896
12009,0.302083333,1287.324598
12015,0.184027778,1336.406411
20119,0.248263889,531.9921704
20125,0.190972222,1090.868176
26149,0.133680556,981.0754545
41027,0.151041667,1818.88793
54073,0.034722222,1138.828998
12067,0.133680556,1368.962341
17081,0.163194444,1104.528618
18137,0.123263889,1126.756193
20205,0.152777778,1066.399662
20171,0.190972222,492.4553636
21215,0.050347222,1155.870344
26135,0.152777778,746.4759085
29007,0.192708333,1064.890088
41003,0.208333333,1567.385839
48459,0.145833333,1176.987742
48413,0.34375,566.1712119
47099,0.144097222,1484.23723
51181,0.079861111,1192.90413
48151,0.229166667,594.5868928
45003,0.270833333,1159.96154
48257,0.211805556,1033.449509
18051,0.131944444,1171.678036
27035,0.376736111,706.6224874
20083,0.25,564.4320132
39135,0.125,1028.65666
13057,0.109375,1349.746987
13211,0.09375,1211.442218
31001,0.152777778,688.2324989
29205,0.135416667,1032.207692
05109,0.163194444,1420.59287
48221,0.116319444,870.4300027
17087,0.088541667,1216.698051
29219,0.114583333,1070.134242
17011,0.262152778,923.1522516
31075,0.230902778,495.9569181
21187,0.097222222,1135.404465
40003,0.213541667,779.5475593
17005,0.102430556,1043.082027
16025,0.321180556,609.5094609
47169,0.03125,1326.432773
17177,0.180555556,898.7386516
38057,0.347222222,425.2728998
36067,0.236111111,1056.304556
19193,0.236111111,753.0973506
38065,0.220486111,437.6822834
21075,0.055555556,1294.426243
19159,0.152777778,922.4611386
21083,0.138888889,1306.156502
16083,0.534722222,317.4651634
19175,0.114583333,899.5171241
47065,0.147569444,1402.741418
55087,0.203125,793.7120544
24023,0.180555556,1194.366923
17159,0.104166667,1109.275663
26005,0.225694444,969.2570777
37129,0.046875,1449.956683
20155,0.355902778,775.0918061
19041,0.1875,782.3736098
37159,0.125,1096.862913
20199,0.267361111,463.0853248
48085,0.222222222,1038.494842
48075,0.177083333,634.1394109
48143,0.274305556,841.3676557
20031,0.182291667,999.4025716
19073,0.1875,877.6420367
20207,0.133680556,1051.872728
19189,0.104166667,838.7511648
26057,0.1875,839.8975028
20111,0.223958333,950.179071
19195,0.095486111,863.9794545
20133,0.138888889,1106.932126
48123,0.222222222,890.9099202
21143,0.069444444,1249.509
37037,0.185763889,1175.887107
21165,0.057291667,1229.058179
26085,0.157986111,875.7074706
05045,0.171875,1260.83697
37027,0.125,1252.188059
05051,0.180555556,1382.741054
05053,0.152777778,1347.027833
36083,0.192708333,1103.759735
42121,0.175347222,1141.623171
48193,0.208333333,826.8659175
38067,0.366319444,525.570283
51520,0.005208333,1085.206665
31053,0.142361111,770.0952439
31027,0.204861111,707.8141531
29177,0.15625,1034.741109
37085,0.147569444,1160.313057
37105,0.071180556,1178.222192
55055,0.166666667,895.6832282
21181,0.048611111,1142.166783
27043,0.215277778,817.6548403
37153,0.123263889,1171.228586
21219,0.095486111,1286.799636
17051,0.211805556,1037.791476
17053,0.130208333,958.4666699
21233,0.086805556,1175.448401
48129,0.267361111,602.7407135
37057,0.144097222,1110.918676
46013,0.53125,550.4980058
45001,0.128472222,1143.699728
46125,0.152777778,666.8248846
46005,0.381944444,588.3095473
21033,0.086805556,1242.505198
46103,0.810763889,476.9178167
46039,0.190972222,659.2589089
45015,0.298611111,1231.185695
48019,0.185763889,831.4716808
42023,0.116319444,1118.121642
47063,0.050347222,1120.808619
45027,0.177083333,1195.136672
46087,0.171875,654.6532322
46073,0.15625,586.3687764
46099,0.244791667,675.9971647
17063,0.133680556,930.793117
49005,0.317708333,717.0271056
27079,0.151041667,786.2263205
51003,0.192708333,1139.841628
47135,0.105902778,1384.861316
47147,0.128472222,1262.771489
29009,0.222222222,1164.606882
51037,0.125,1123.817225
47179,0.090277778,1110.938085
55107,0.256944444,825.4378378
51013,0.006944444,1086.689972
45079,0.196180556,1139.583104
51065,0.079861111,1085.642172
51043,0.045138889,991.3826928
41067,0.220486111,1368.690001
27103,0.116319444,758.0180582
27107,0.260416667,602.9731999
27117,0.125,688.4745831
48055,0.128472222,882.8866206
51103,0.052083333,1146.457336
41031,0.508680556,537.8285328
29043,0.157986111,1161.371539
29057,0.133680556,1158.529874
42053,0.112847222,1156.606158
17017,0.107638889,980.1090354
20055,0.352430556,496.297585
20093,0.244791667,475.3024833
16051,0.303819444,249.0704565
13321,0.137152778,1238.097465
31091,0.21875,540.6206345
48111,0.40625,419.0362824
42069,0.125,1167.247919
42083,0.263888889,1161.758291
29125,0.126736111,1139.728624
47107,0.112847222,1365.580001
42093,0.032986111,1075.824206
39007,0.194444444,1069.368836
31087,0.180555556,533.1058664
29011,0.157986111,1156.020001
38017,0.522569444,570.0623256
34019,0.118055556,1251.823969
37171,0.145833333,1202.202621
51167,0.130208333,1159.097599
35021,0.560763889,417.528359
27151,0.208333333,673.4500829
55067,0.284722222,782.7248766
31157,0.236111111,390.0025749
35041,0.626736111,421.5239336
27097,0.34375,711.2143419
51630,0.003472222,1060.320007
38003,0.440972222,529.9199226
51660,0.003472222,922.8199768
20013,0.15625,877.3555542
56045,0.677083333,375.6522302
12115,0.145833333,1408.339408
17135,0.184027778,1014.782266
27017,0.25,767.3251398
27057,0.298611111,670.4090697
38101,0.651041667,437.9575998
27007,0.934027778,631.1455204
27001,0.600694444,722.3265596
26031,0.246527778,784.3672537
26035,0.166666667,824.37677
18001,0.09375,963.7488855
01021,0.190972222,1385.205366
05127,0.230902778,1365.668496
19029,0.171875,889.4516188
51840,0.001736111,974.6500244
20003,0.171875,1038.534137
39099,0.126736111,976.1431509
19039,0.114583333,932.0400002
18111,0.111111111,972.3174982
19055,0.152777778,935.2944322
05149,0.248263889,1309.652447
39109,0.105902778,1018.500982
48283,0.350694444,592.2330691
19069,0.152777778,883.494545
17113,0.335069444,961.2645087
48311,0.267361111,607.4150648
39119,0.173611111,1006.1651
39121,0.107638889,1023.843227
20193,0.277777778,508.5695623
19101,0.114583333,959.131516
08105,0.244791667,532.2299307
19125,0.171875,921.5257575
48381,0.255208333,509.0959174
19149,0.234375,726.4802956
13081,0.065972222,1181.490254
19129,0.111111111,864.9381237
48399,0.25,629.7361802
21227,0.151041667,1277.214144
13103,0.121527778,1212.079858
19185,0.152777778,970.6201151
48445,0.225694444,482.1494617
39155,0.1875,1009.531847
17035,0.09375,1056.995556
13153,0.102430556,1185.282541
48463,0.373263889,674.9634425
39025,0.126736111,1072.190142
48483,0.208333333,620.1588359
13231,0.059027778,1227.742345
39027,0.107638889,1051.558226
13117,0.072916667,1382.375474
13113,0.046875,1261.42518
13177,0.085069444,1243.382461
48303,0.211805556,506.6950003
48285,0.236111111,1020.751766
48321,0.329861111,1148.569206
05025,0.15625,1359.976775
27093,0.182291667,734.8787615
39071,0.151041667,1068.642182
08091,0.135416667,669.045774
48397,0.034722222,1034.262006
39005,0.112847222,996.0030752
16027,0.177083333,250.7952936
48429,0.225694444,737.8729215
31005,0.194444444,490.6027677
28147,0.097222222,1593.099991
29159,0.184027778,1090.375941
27121,0.230902778,669.4253407
48363,0.239583333,813.6271747
13307,0.048611111,1260.82928
40115,0.111111111,1131.45203
13189,0.067708333,1160.56358
13175,0.206597222,1172.272019
55083,0.305555556,785.3028401
55125,0.307291667,793.6149716
55129,0.234375,804.0914067
12031,0.208333333,1291.47575
39129,0.138888889,988.4027496
39131,0.125,1044.620691
46095,0.373263889,501.6733951
46119,0.289930556,477.5055091
39049,0.151041667,979.5248266
29199,0.121527778,975.6839992
37103,0.125,1334.139301
48029,0.303819444,805.1039997
48281,0.182291667,791.1023798
12121,0.159722222,1315.160652
53031,0.581597222,2718.10206
13019,0.109375,1227.35555
56041,0.583333333,338.8434826
13065,0.203125,1263.029061
01093,0.180555556,1496.620771
54093,0.105902778,1352.712943
51580,0.001736111,933.5800171
47035,0.178819444,1449.008252
17171,0.071180556,997.190251
26011,0.104166667,780.5705017
26119,0.152777778,756.735113
48113,0.208333333,985.7068354
47047,0.190972222,1370.865541
20163,0.225694444,611.6791556
26115,0.164930556,868.652841
38019,0.477430556,506.7013065
18069,0.109375,999.0568237
20053,0.180555556,724.0215401
20045,0.137152778,985.9939251
46101,0.152777778,673.1497726
54109,0.125,1203.676948
01007,0.151041667,1404.120918
21221,0.121527778,1299.684567
38083,0.342013889,441.969644
19001,0.171875,894.6165642
28105,0.121527778,1404.952713
48051,0.163194444,996.2118128
40001,0.149305556,1248.075357
28109,0.1875,1587.020738
51550,0.086805556,1239.255796
19183,0.170138889,935.0555109
28065,0.097222222,1499.337856
19087,0.125,948.8068076
22091,0.098958333,1626.673682
18097,0.109375,1076.76397
18107,0.15625,1059.062894
39091,0.126736111,993.183424
51770,0.010416667,1094.014994
19115,0.126736111,932.9041088
55077,0.133680556,854.8929879
20065,0.225694444,569.2506916
16061,0.140625,581.2256752
20101,0.190972222,523.0770902
20123,0.180555556,695.8324045
22021,0.126736111,1464.578357
22027,0.184027778,1417.544155
55043,0.328125,897.9259789
51131,0.095486111,1094.851638
37029,0.081597222,1236.892337
29017,0.168402778,1202.881859
51830,0.001736111,1208.319946
29091,0.251736111,1173.614416
29093,0.135416667,1179.769353
22067,0.208333333,1432.766995
51800,0.107638889,1242.43016
29223,0.194444444,1195.340176
48383,0.291666667,452.4403581
48411,0.274305556,729.5674052
08043,0.395833333,429.8375429
48475,0.194444444,323.5150013
48253,0.241319444,651.5248914
48319,0.229166667,707.1195475
48335,0.225694444,532.6977699
08035,0.223958333,522.2884521
48433,0.225694444,617.3881554
40051,0.277777778,887.9406246
40017,0.225694444,865.9377709
40027,0.149305556,967.1876746
36041,0.527777778,1260.278786
36023,0.147569444,1094.920114
31071,0.171875,647.3553528
36057,0.119791667,1023.239569
36053,0.189236111,1095.762845
48313,0.119791667,1115.314351
36017,0.258680556,1088.920875
48477,0.154513889,1053.142473
48291,0.279513889,1431.934529
01103,0.151041667,1428.851718
54009,0.026041667,1008.478011
39053,0.126736111,1048.977667
01133,0.173611111,1500.806003
01131,0.241319444,1387.249639
01107,0.213541667,1385.240568
54059,0.111111111,1160.866251
54065,0.060763889,969.9840018
05043,0.217013889,1357.211203
28119,0.105902778,1392.489014
29063,0.121527778,970.8844256
29171,0.135416667,1000.165897
30091,0.505208333,339.2169412
54091,0.048611111,1194.214634
12005,0.206597222,1558.345708
54005,0.138888889,1196.227873
28091,0.133680556,1557.855843
31063,0.253472222,548.8860302
01083,0.15625,1433.250997
12013,0.151041667,1531.101029
12117,0.083333333,1294.73395
13205,0.130208333,1314.201598
28023,0.164930556,1440.458102
46045,0.368055556,520.5466513
28085,0.147569444,1543.776001
13131,0.119791667,1338.582613
18135,0.121527778,1004.757569
27111,0.696180556,651.0880536
51073,0.065972222,1169.234211
10001,0.168402778,1115.03464
51127,0.057291667,1147.024233
20195,0.248263889,564.08888
05137,0.15625,1249.823775
37043,0.0625,1636.571391
37133,0.206597222,1394.649163
13143,0.071180556,1329.459994
28005,0.1875,1603.114441
20041,0.229166667,824.5778785
31151,0.152777778,761.1561376
47037,0.133680556,1273.964546
01017,0.15625,1325.47278
41023,1.289930556,536.9069175
21093,0.166666667,1211.180939
13181,0.064236111,1140.982165
40151,0.326388889,707.8954757
13235,0.065972222,1178.423677
21113,0.045138889,1162.4873
48235,0.258680556,525.0406711
26095,0.295138889,828.3208823
19003,0.114583333,889.5884853
04011,0.430555556,486.9413306
28157,0.180555556,1587.457308
01055,0.133680556,1391.06753
13207,0.098958333,1192.979302
20151,0.180555556,703.3825959
31185,0.171875,724.0739401
40047,0.286458333,861.2719397
54051,0.083333333,1098.642082
18177,0.112847222,1050.535999
31123,0.409722222,436.2184333
28003,0.092013889,1437.924526
39171,0.111111111,925.8559418
48195,0.208333333,504.9284996
26049,0.196180556,815.4449571
26079,0.159722222,836.167714
47067,0.060763889,1168.867997
38069,0.357638889,466.1509225
42125,0.230902778,1008.057144
05141,0.189236111,1309.406511
18045,0.111111111,1029.633283
28019,0.100694444,1404.608969
51690,0.003472222,1140.755005
13191,0.116319444,1262.553738
48255,0.178819444,759.4110676
39097,0.125,993.0316662
29013,0.225694444,1103.525691
48301,0.189236111,300.1095416
18055,0.152777778,1160.759316
20141,0.243055556,667.6499289
29075,0.140625,940.4217311
29051,0.100694444,1102.33897
48131,0.4375,587.4321437
46019,0.680555556,408.5050512
27099,0.223958333,867.7562015
13245,0.085069444,1151.701635
17033,0.119791667,1111.945801
33017,0.109375,1202.977936
40105,0.140625,1068.37827
01031,0.170138889,1430.567758
13221,0.114583333,1202.213185
18133,0.128472222,1105.803915
27013,0.211805556,792.5843446
32029,0.072916667,328.4133352
47133,0.111111111,1370.774843
01075,0.164930556,1444.977899
26019,0.100694444,860.6891385
48045,0.225694444,567.6446176
19017,0.125,910.4986115
37025,0.102430556,1137.537627
42113,0.128472222,1151.237983
54095,0.072916667,1155.778812
13023,0.052083333,1179.550338
17145,0.133680556,1119.709875
17049,0.147569444,1066.839406
01059,0.157986111,1484.747029
20105,0.203125,712.1651293
18151,0.09375,965.4288907
37059,0.065972222,1110.638939
19033,0.171875,880.1176764
46111,0.152777778,610.1017047
39173,0.164930556,875.1913716
13197,0.085069444,1255.837146
54015,0.090277778,1193.043642
51185,0.135416667,1167.286671
19135,0.114583333,953.8346946
19191,0.210069444,889.6171078
38103,0.402777778,467.9776294
37165,0.078125,1155.242893
48047,0.239583333,596.3057229
48139,0.248263889,977.1241972
37111,0.114583333,1281.823631
20189,0.208333333,468.1687503
29151,0.170138889,1118.771735
48219,0.222222222,494.4393735
55121,0.225694444,861.8909997
29153,0.222222222,1135.42984
31067,0.208333333,800.0495855
39141,0.190972222,1014.781637
19141,0.171875,764.8106042
46007,0.362847222,498.069617
54087,0.131944444,1154.731322
40011,0.236111111,789.8155886
20025,0.253472222,589.7287
01121,0.192708333,1365.773785
21115,0.071180556,1123.891703
46121,0.420138889,520.5667776
48007,0.111111111,897.3031244
13085,0.046875,1523.232223
19157,0.152777778,921.0348858
48159,0.069444444,1177.441254
18047,0.105902778,1094.139184
21027,0.15625,1213.611447
13159,0.097222222,1187.055902
48165,0.399305556,438.7182603
48211,0.229166667,605.6888654
19037,0.166666667,915.154583
45083,0.211805556,1239.858364
19095,0.166666667,924.900315
40133,0.161458333,1054.330977
27155,0.15625,619.7517775
18059,0.079861111,1103.95696
06087,0.116319444,999.579404
05011,0.15625,1399.95566
19171,0.210069444,901.2648749
51031,0.128472222,1107.249601
55001,0.185763889,842.8741119
37179,0.170138889,1147.693367
18165,0.067708333,1054.325386
38011,0.361111111,387.5484134
06031,0.381944444,211.5219997
21123,0.067708333,1236.67283
40125,0.21875,998.5599985
27129,0.293402778,718.8145542
20169,0.189236111,771.2971539
40077,0.190972222,1261.118822
19109,0.279513889,814.2773915
42001,0.144097222,1094.027704
18065,0.111111111,1087.089848
46067,0.206597222,640.6363028
55119,0.317708333,815.8077046
13095,0.078125,1276.220443
21039,0.052083333,1303.428003
13157,0.088541667,1280.985483
18131,0.133680556,990.9054589
46102,0.623263889,457.7122288
20167,0.251736111,665.6847593
48205,0.381944444,436.5867265
08033,0.282986111,596.5733753
24011,0.088541667,1105.008042
19011,0.229166667,913.3941669
17189,0.142361111,1069.221217
37151,0.192708333,1157.552525
48087,0.229166667,629.8169699
20035,0.3125,971.7480021
38039,0.234375,524.5187385
05057,0.178819444,1343.090972
51530,0.001736111,1109.27002
26133,0.152777778,853.325454
48153,0.267361111,555.9413646
46079,0.152777778,655.2689799
46027,0.118055556,686.383238
42037,0.138888889,1117.479997
51540,0.003472222,1131.155029
51033,0.135416667,1093.106417
27133,0.125,717.4280523
29053,0.157986111,1075.55439
20147,0.267361111,608.0248706
32011,1.185763889,280.8731187
38031,0.229166667,502.2204555
29145,0.161458333,1158.925163
51640,0.001736111,1093.359985
37083,0.189236111,1170.202473
20159,0.1875,729.6033336
18087,0.114583333,958.7065125
12085,0.157986111,1310.105281
17129,0.092013889,959.6013195
39143,0.097222222,904.3044662
17191,0.180555556,1101.787019
48011,0.241319444,558.6641011
27131,0.166666667,809.0494823
35009,0.326388889,452.1151066
29115,0.166666667,1042.867605
27125,0.135416667,601.7952576
49041,0.491319444,464.8660773
13047,0.041666667,1264.304174
55045,0.166666667,915.7451019
32009,0.96875,166.1558961
20085,0.163194444,915.4614927
37197,0.083333333,1162.902077
20161,0.175347222,839.0170282
55019,0.354166667,834.8975962
31051,0.135416667,725.3760243
08013,0.206597222,571.6752096
48495,0.208333333,330.5424169
48263,0.208333333,577.2122528
42115,0.217013889,1115.430883
36107,0.161458333,1003.05473
28159,0.142361111,1417.951462
29211,0.1875,1012.260462
28031,0.107638889,1493.683387
13287,0.079861111,1213.189129
31133,0.114583333,824.7272727
36121,0.170138889,1043.755201
19155,0.289930556,847.7009577
22105,0.204861111,1609.281776
23027,0.251736111,1187.856899
24005,0.184027778,1153.745373
26007,0.178819444,735.7502933
26017,0.138888889,794.0360001
27119,0.664930556,591.6786163
29227,0.065972222,921.3392125
31033,0.328125,454.8924318
32033,2.362847222,313.9373474
36079,0.071180556,1259.766593
36101,0.381944444,909.7763197
39105,0.102430556,1044.974416
45007,0.196180556,1204.539736
12047,0.131944444,1300.701316
19061,0.171875,921.087173
01041,0.145833333,1418.50095
48379,0.064236111,1114.842163
48093,0.230902778,803.2254905
13193,0.097222222,1179.517321
48437,0.208333333,531.2184992
13225,0.038194444,1187.188182
29510,0.015625,1078.884454
20007,0.322916667,724.0308057
19197,0.166666667,860.6204166
51145,0.067708333,1100.301035
28087,0.137152778,1412.343551
38045,0.375,536.3220356
16017,0.604166667,923.8147704
26163,0.177083333,853.0276465
48017,0.229166667,457.1301508
20117,0.267361111,840.4099993
22001,0.157986111,1533.176263
30101,0.592013889,310.8706154
20097,0.180555556,642.960002
55111,0.246527778,882.2540838
19151,0.152777778,834.8493181
40087,0.159722222,955.7472846
17101,0.097222222,1145.975348
48375,0.229166667,505.38174
47121,0.053819444,1395.335485
21095,0.125,1327.637365
24047,0.147569444,1112.778348
48497,0.244791667,925.8254615
51183,0.130208333,1178.078268
38097,0.282986111,568.3920842
21189,0.052083333,1219.796655
17065,0.125,1132.495285
48025,0.208333333,774.7860026
56021,0.730902778,413.1059146
56019,1.222222222,383.8882811
48053,0.243055556,792.4501408
18063,0.123263889,1069.397457
37199,0.088541667,1302.61432
05027,0.190972222,1344.720638
05031,0.204861111,1227.183133
48163,0.267361111,655.2361054
37109,0.088541667,1164.462943
17057,0.244791667,969.8750351
37047,0.243055556,1266.746787
48237,0.227430556,840.6835891
08095,0.170138889,459.7208162
19113,0.210069444,939.7643801
13219,0.052083333,1228.498336
13273,0.090277778,1274.952308
27149,0.185763889,639.4356079
27141,0.130208333,760.4250667
39057,0.116319444,1033.082987
49027,1.883680556,279.9015025
26091,0.196180556,904.9036298
26129,0.171875,788.0555562
38037,0.512152778,427.3809493
18033,0.09375,965.4490752
20029,0.194444444,737.4100031
18057,0.109375,1052.77889
29037,0.199652778,1089.14835
22037,0.104166667,1592.702161
08041,0.576388889,446.1273497
29213,0.180555556,1135.359813
51047,0.098958333,1093.282107
37075,0.071180556,1641.312196
29197,0.083333333,1001.600212
28039,0.114583333,1624.946208
19051,0.133680556,980.1003886
28021,0.121527778,1475.469418
28163,0.239583333,1403.689058
16021,0.380208333,1006.316483
48173,0.229166667,455.7901514
37137,0.142361111,1358.39122
21125,0.123263889,1233.5614
56001,1.223958333,410.9138864
21147,0.104166667,1301.025667
08027,0.197916667,567.373332
13075,0.060763889,1248.557146
12033,0.168402778,1665.781952
21047,0.1875,1276.663054
41033,0.465277778,1453.376305
46105,0.864583333,419.706787
42101,0.034722222,1183.981989
48203,0.217013889,1263.107674
50013,0.059027778,914.8585295
53023,0.215277778,548.5501618
05095,0.145833333,1269.344283
05039,0.161458333,1366.464304
06085,0.340277778,590.4480094
31125,0.121527778,699.2729998
22061,0.133680556,1426.587921
31111,0.722222222,535.5800023
38073,0.28125,553.2787649
40069,0.184027778,1049.077165
42021,0.203125,1134.916579
47105,0.064236111,1316.508657
47087,0.081597222,1371.318087
40075,0.256944444,765.2543941
40093,0.269097222,745.9369038
48177,0.258680556,886.7712091
48133,0.234375,752.675925
51173,0.109375,1153.815079
48137,0.503472222,625.7466911
06021,0.368055556,672.3115057
05129,0.171875,1222.390805
13217,0.069444444,1236.966763
13229,0.088541667,1215.997647
16013,0.769097222,476.8546051
16085,1.098958333,929.003268
35051,1.074652778,324.9077226
20049,0.157986111,1019.801756
35001,0.324652778,339.9248664
21001,0.104166667,1270.431834
22079,0.324652778,1519.462728
23001,0.147569444,1221.13976
28155,0.109375,1412.496346
21051,0.125,1241.824304
30047,0.515625,670.9383837
29023,0.1875,1192.216484
35027,1.210069444,396.8123822
37065,0.131944444,1172.077495
38025,0.657986111,411.6568075
42027,0.319444444,1076.502225
47017,0.151041667,1343.064137
47119,0.161458333,1400.499895
49035,0.225694444,591.4323822
51029,0.151041667,1111.262072
53061,0.725694444,2220.785362
48015,0.154513889,1096.814946
54031,0.164930556,1000.067793
54083,0.282986111,1384.970739
48103,0.189236111,342.9165157
51075,0.078125,1098.011342
47181,0.180555556,1472.82529
48059,0.248263889,691.7448935
26087,0.184027778,824.0992426
18049,0.121527778,1016.822288
27037,0.168402778,804.4911329
27113,0.197916667,592.7571947
19091,0.114583333,851.9648474
27021,0.722222222,686.7057928
41039,1.336805556,1771.565375
28095,0.208333333,1412.799997
37079,0.065972222,1234.51973
21235,0.112847222,1289.601234
13223,0.074652778,1318.543962
31045,0.414930556,453.9776145
24009,0.065972222,1113.644734
04023,0.307291667,487.905536
05003,0.229166667,1403.42386
05089,0.164930556,1181.397155
09013,0.116319444,1228.044927
08083,0.574652778,441.7785505
13213,0.085069444,1417.943681
17131,0.154513889,930.7556207
17085,0.182291667,923.2660958
22017,0.248263889,1303.247202
26121,0.175347222,888.7484173
26131,0.402777778,835.8790949
30081,0.710069444,799.0816378
35039,1.503472222,469.7026214
36055,0.190972222,851.5325478
38009,0.489583333,454.495852
40035,0.192708333,1104.379734
41009,0.210069444,1469.071322
48071,0.213541667,1439.249755
49009,0.190972222,410.2811805
01045,0.121527778,1397.570998
01125,0.340277778,1399.702546
01011,0.142361111,1339.90366
13289,0.095486111,1175.342006
08037,0.473958333,607.2772902
08097,0.251736111,829.0240028
13091,0.126736111,1174.815204
13187,0.071180556,1598.556108
13035,0.050347222,1211.672405
19179,0.114583333,961.0521194
19031,0.152777778,925.2170507
28161,0.123263889,1451.512814
29135,0.114583333,1099.986067
26165,0.171875,853.8570705
36021,0.184027778,1099.332927
36011,0.215277778,997.2129827
08125,0.652777778,453.1281382
37063,0.076388889,1151.915907
20067,0.138888889,446.1066246
29201,0.114583333,1220.390455
29137,0.164930556,1048.281582
29203,0.253472222,1192.551509
39085,0.060763889,1071.438853
31017,0.348958333,598.3430349
31079,0.171875,696.5125239
38021,0.333333333,538.6240635
01039,0.258680556,1517.926645
01019,0.154513889,1382.518204
55081,0.25,876.4537519
54097,0.09375,1328.568518
55093,0.171875,837.2487892
51620,0.003472222,1214.38501
31147,0.144097222,847.6214467
48431,0.243055556,513.5533585
49055,0.649305556,261.5713905
47001,0.083333333,1421.819995
55075,0.428819444,766.724574
17025,0.118055556,1099.787799
18003,0.177083333,947.6019598
26009,0.157986111,833.1413152
19043,0.217013889,904.6900776
20075,0.274305556,442.2510762
12081,0.184027778,1380.965464
28041,0.190972222,1565.88009
39019,0.102430556,1011.323053
29147,0.225694444,918.1370756
22023,0.402777778,1520.541163
30055,0.859375,316.4037776
31179,0.118055556,721.7036743
16019,0.550347222,521.4211367
05093,0.222222222,1258.886721
08075,0.527777778,426.427336
13055,0.083333333,1396.458122
17127,0.069444444,1228.001242
18115,0.026041667,1082.939323
21171,0.095486111,1303.388545
20209,0.034722222,1021.059503
23009,0.621527778,1232.787823
26013,0.286458333,835.6567882
28151,0.185763889,1361.085885
30001,1.647569444,527.1516865
33019,0.152777778,1154.074094
36013,0.321180556,1171.895844
40129,0.288194444,672.1254225
47157,0.213541667,1344.933986
48077,0.284722222,814.5565859
53003,0.206597222,443.6852102
55089,0.069444444,843.8822433
51121,0.104166667,997.7064962
05061,0.157986111,1383.134725
06107,1.263888889,571.7477197
08025,0.211805556,306.7036881
27033,0.1875,735.8561085
27015,0.184027778,736.0546236
18041,0.065972222,1081.983421
35047,1.203125,445.5160747
21131,0.104166667,1247.732672
21203,0.083333333,1234.362284
22007,0.085069444,1604.451234
36099,0.109375,880.2180931
27143,0.206597222,761.2582331
28131,0.098958333,1624.183335
28129,0.159722222,1472.639891
29095,0.157986111,1067.230875
35061,0.256944444,267.682434
36065,0.368055556,1193.848822
37135,0.105902778,1164.732624
29065,0.184027778,1169.012359
37121,0.057291667,1243.019994
48057,0.220486111,1036.53354
48003,0.347222222,379.9004007
50021,0.277777778,1228.462057
51750,0.003472222,945.144989
55057,0.227430556,857.0861071
37089,0.095486111,1440.057992
48287,0.147569444,941.4032937
37149,0.060763889,1415.842289
56029,2.085069444,581.5472109
04017,2.567708333,292.2921029
01049,0.197916667,1402.448862
51760,0.019097222,1124.417259
12003,0.145833333,1303.076189
47151,0.140625,1384.925802
17157,0.159722222,1096.14783
06037,1.057291667,427.8382927
06097,0.420138889,1144.345701
06065,1.782986111,201.5687147
12099,0.515625,1308.396026
18083,0.145833333,1161.046554
18123,0.100694444,1207.950524
20183,0.248263889,648.5476907
21041,0.036458333,1136.11524
18007,0.104166667,964.5558309
26151,0.282986111,822.5934355
26003,0.307291667,840.7203369
28045,0.118055556,1622.286029
22031,0.220486111,1333.05339
23023,0.086805556,1217.373193
30061,0.371527778,1008.040139
30019,0.4375,336.3182539
34039,0.026041667,1233.641333
34017,0.015625,1214.80112
34015,0.086805556,1157.895403
37011,0.0625,1346.525835
39145,0.164930556,1061.64284
39029,0.151041667,984.9152888
13227,0.059027778,1439.069113
28103,0.161458333,1401.591294
29181,0.173611111,1224.6378
30009,0.625,459.2668896
31173,0.104166667,746.0535004
35006,1.227430556,341.2021922
40009,0.260416667,692.9435356
42123,0.251736111,1161.48255
39175,0.114583333,946.9546962
01101,0.194444444,1329.386972
50001,0.222222222,1062.903984
56003,0.907986111,318.709446
40143,0.15625,1061.995222
04021,1.310763889,321.6577617
08079,0.230902778,847.392931
13097,0.050347222,1322.655172
16011,0.609375,328.8134185
17089,0.142361111,910.8171967
37125,0.184027778,1182.128499
19181,0.170138889,917.7116307
21081,0.071180556,1094.037074
19049,0.149305556,890.2032527
28133,0.184027778,1373.888118
28125,0.118055556,1415.41338
21167,0.067708333,1182.320507
29119,0.154513889,1151.571129
30015,1.276041667,359.712939
31041,0.696180556,607.0654111
31081,0.159722222,724.5206518
39041,0.119791667,978.4611578
38033,0.309027778,366.3856734
42079,0.263888889,1169.36072
42129,0.279513889,1107.000999
46017,0.133680556,522.025066
48041,0.137152778,1043.618864
51135,0.079861111,1146.56216
51023,0.144097222,1096.441689
05147,0.144097222,1256.226385
55005,0.267361111,819.4143542
26127,0.157986111,894.5156055
27073,0.220486111,633.8718118
41059,0.994791667,573.4197725
51141,0.119791667,1294.865502
51035,0.123263889,1189.74859
46037,0.338541667,583.2872818
47129,0.126736111,1412.626853
51119,0.050347222,1144.793806
18075,0.097222222,981.2830331
19053,0.152777778,954.1181828
19105,0.171875,931.3247465
06041,0.147569444,965.8527028
21169,0.069444444,1259.899744
40043,0.25,721.2878456
22043,0.173611111,1503.567706
38029,0.486111111,449.5396065
38075,0.263888889,437.231316
39015,0.138888889,1113.312877
05133,0.145833333,1350.522861
06073,1.086805556,370.6068856
08007,0.350694444,675.1438106
12127,0.309027778,1323.492531
13039,0.164930556,1306.208948
17059,0.083333333,1152.065832
13233,0.078125,1299.296436
20107,0.171875,1075.631514
04009,1.142361111,400.4116568
06029,2.057291667,239.6599494
08055,0.421875,491.557366
12069,0.279513889,1289.457074
12051,0.263888889,1295.310394
13043,0.0625,1178.732212
17029,0.125,1037.598205
17093,0.086805556,924.2152014
37101,0.210069444,1182.288841
37127,0.138888889,1156.720114
41045,2.881944444,311.4652226
48277,0.232638889,1184.802018
01087,0.15625,1320.738448
01047,0.248263889,1338.894829
20077,0.225694444,807.7131582
12043,0.229166667,1165.441892
09015,0.138888889,1236.89162
13309,0.076388889,1148.793404
30043,0.510416667,463.5308503
35033,0.524305556,541.7660927
18081,0.095486111,1104.444909
19165,0.152777778,846.2168205
20115,0.230902778,861.2398489
21025,0.128472222,1189.206752
22073,0.154513889,1428.297749
23019,1.052083333,1116.470759
28115,0.135416667,1458.100894
28117,0.112847222,1444.646768
31115,0.171875,628.8662615
36077,0.289930556,1099.770898
39101,0.105902778,956.3203245
38105,0.697916667,378.4580594
42107,0.215277778,1235.329925
42045,0.052083333,1153.50566
47033,0.069444444,1327.438254
47175,0.074652778,1391.702546
48095,0.223958333,645.8933299
48355,0.262152778,778.5847685
42131,0.111111111,1094.575622
48347,0.246527778,1296.631901
53053,0.552083333,1550.618454
47027,0.060763889,1319.891427
01119,0.220486111,1378.404723
53027,0.604166667,2645.743455
55051,0.251736111,832.7976525
55033,0.265625,833.1991501
48097,0.222222222,980.3453927
49057,0.190972222,685.2071808
51810,0.078125,1142.652222
47045,0.137152778,1293.907335
47041,0.083333333,1349.94917
06043,0.383680556,849.234612
08103,0.914930556,497.8456733
12131,0.284722222,1599.354331
21005,0.048611111,1183.068216
29217,0.217013889,1147.696402
31095,0.152777778,785.3545435
31003,0.25,690.6738875
13105,0.097222222,1180.588396
31119,0.178819444,715.3913598
31089,0.659722222,636.5451043
01067,0.135416667,1364.174874
06081,0.118055556,754.9891187
13281,0.039930556,1603.768252
16009,0.239583333,880.0161575
17023,0.133680556,1087.190518
18141,0.131944444,1009.278026
22103,0.265625,1595.911696
24019,0.185763889,1118.724296
25013,0.196180556,1224.506998
28093,0.173611111,1423.624703
27071,0.991319444,676.3388968
30029,1.647569444,949.1018876
34041,0.100694444,1223.87552
35055,0.560763889,494.2076478
39013,0.144097222,1053.230598
41041,0.300347222,2180.552894
39061,0.111111111,1061.071091
42059,0.15625,1075.019663
21015,0.069444444,1065.713
53029,0.119791667,640.3984021
54003,0.090277778,992.9411551
55031,0.416666667,792.0074148
01043,0.194444444,1465.630627
01095,0.154513889,1382.412812
13111,0.092013889,1582.773967
20087,0.159722222,968.5288066
18037,0.114583333,1193.597266
36069,0.184027778,886.6895257
27005,0.428819444,655.0894736
29035,0.144097222,1212.857834
31093,0.152777778,673.2189789
30079,0.550347222,323.9306949
30065,0.572916667,354.7339698
37035,0.104166667,1170.530337
39079,0.114583333,1051.121212
32015,1.510416667,275.6047353
41069,0.508680556,438.2831057
47081,0.161458333,1363.898172
48207,0.220486111,659.2772443
42031,0.166666667,1143.238429
48407,0.157986111,1293.636924
38005,0.427083333,476.8928862
40039,0.25,759.8138178
41005,0.564236111,1850.5388
41061,0.600694444,723.8846233
46029,0.194444444,601.6782118
46117,0.428819444,454.8244528
40121,0.347222222,1157.28705
48507,0.324652778,578.3015551
48339,0.263888889,1241.517834
53045,0.319444444,2485.050923
47161,0.133680556,1311.63026
56037,2.942708333,231.40695
46031,0.739583333,426.3891781
48175,0.206597222,856.0963878
54013,0.071180556,1167.441713
56025,1.550347222,324.5489699
05013,0.168402778,1373.79536
51061,0.175347222,1066.740394
55127,0.171875,895.3252502
53011,0.203125,1862.073682
55078,0.104166667,779.1821645
48067,0.217013889,1264.81488
51071,0.09375,1033.267594
18155,0.057291667,1120.642741
51021,0.097222222,1062.475537
51510,0.003472222,1059.75
56009,1.1875,361.2516374
35031,1.420138889,305.3226159
26027,0.133680556,997.3793501
18175,0.131944444,1165.009605
37007,0.138888889,1149.029381
39011,0.107638889,965.1840289
28139,0.114583333,1440.89713
28001,0.121527778,1534.273286
12101,0.175347222,1344.856831
21141,0.145833333,1279.334885
29109,0.152777778,1149.192505
30041,0.901041667,301.6138349
13255,0.055555556,1247.464062
22009,0.211805556,1526.559101
05055,0.147569444,1194.198361
06025,1.130208333,83.67671279
06017,0.473958333,1132.08978
13083,0.046875,1454.943698
17197,0.239583333,967.3348543
18029,0.085069444,1097.681434
19119,0.177083333,709.2891193
19167,0.239583333,724.2100715
25017,0.246527778,1218.857677
27091,0.208333333,788.3552485
33007,0.546875,1228.36181
34023,0.088541667,1210.217063
34003,0.067708333,1233.91872
36063,0.149305556,911.1094197
39051,0.116319444,911.9379072
40013,0.225694444,1109.732388
41015,0.473958333,2757.454723
41057,0.319444444,2960.777776
48427,0.279513889,518.8083881
51735,0.006944444,1183.392517
22087,0.182291667,1625.111336
49023,0.894097222,323.6558644
50027,0.284722222,1187.98994
50017,0.197916667,1074.925705
01009,0.161458333,1412.557205
01085,0.177083333,1341.807939
06059,0.194444444,368.9349997
13123,0.109375,1561.112541
17173,0.190972222,1022.075726
18149,0.074652778,1002.779303
18027,0.109375,1178.832704
19121,0.171875,899.1829267
19077,0.152777778,894.719773
20139,0.173611111,973.525199
21009,0.130208333,1287.648135
21099,0.109375,1280.586191
17019,0.270833333,1001.411029
19103,0.164930556,926.1841058
19075,0.144097222,897.6566265
29067,0.197916667,1149.142895
29001,0.166666667,1022.421981
31099,0.138888889,652.4342499
29005,0.145833333,860.7247627
31023,0.159722222,743.4139165
31009,0.21875,596.6501586
35053,1.684027778,315.5316698
26051,0.147569444,798.2472965
36037,0.164930556,914.2011571
37189,0.083333333,1316.712504
19137,0.114583333,903.5157572
08121,0.682291667,416.393155
20127,0.182291667,897.9766671
28081,0.105902778,1437.65541
28111,0.157986111,1545.879014
28029,0.206597222,1499.376304
21193,0.090277778,1187.532504
12055,0.258680556,1209.644226
13027,0.111111111,1304.14422
13093,0.095486111,1180.377819
21173,0.052083333,1159.687004
30025,0.473958333,361.6893037
55037,0.151041667,758.4196581
55091,0.072916667,856.8728565
53069,0.085069444,2398.750805
48223,0.1875,1149.797125
31165,0.600694444,408.7863291
54089,0.102430556,1022.131524
46075,0.296875,481.739357
48485,0.138888889,755.1061264
36097,0.105902778,909.8213131
19071,0.144097222,859.7496382
20187,0.180555556,436.2409615
20033,0.220486111,658.1542517
21223,0.039930556,1154.969573
42103,0.15625,1198.562443
29049,0.118055556,994.0319124
21117,0.045138889,1066.086529
30105,1.567708333,311.2588265
22115,0.317708333,1501.270659
30023,0.222222222,580.2258613
31129,0.152777778,702.8960197
45073,0.168402778,1436.876184
05041,0.210069444,1312.84926
01081,0.154513889,1300.605506
12109,0.166666667,1314.723543
13053,0.064236111,1232.461347
13099,0.118055556,1340.499711
13313,0.074652778,1347.643958
17193,0.137152778,1136.746712
18147,0.104166667,1194.638833
18089,0.137152778,983.0093677
16069,0.267361111,557.7790908
27027,0.300347222,618.5560691
30035,0.925347222,666.5621207
33009,0.513888889,1221.314832
37091,0.105902778,1212.743937
41051,0.123263889,1663.096766
45065,0.100694444,1146.751717
38071,0.411458333,494.7301265
38061,0.612847222,417.3460051
38055,0.730902778,435.2119713
48357,0.225694444,534.9390766
53075,0.696180556,456.2338398
08059,0.197916667,514.0513148
13063,0.036458333,1260.33381
18139,0.111111111,1103.711561
18067,0.085069444,1034.365313
37061,0.203125,1272.853076
20095,0.222222222,793.650548
21229,0.078125,1194.244453
21067,0.078125,1152.911334
22003,0.192708333,1557.989732
30039,0.532986111,633.0966782
27095,0.199652778,744.417567
28145,0.098958333,1443.469127
21021,0.052083333,1183.424337
35028,0.034722222,542.3405014
37117,0.121527778,1230.560713
42091,0.137152778,1187.048348
46041,0.741319444,450.7623656
47127,0.027777778,1483.318756
47189,0.145833333,1316.402617
48023,0.248263889,695.4887409
48401,0.215277778,1225.939836
48065,0.211805556,555.8331954
49017,1.392361111,343.6273813
48027,0.269097222,889.9285822
49049,0.581597222,547.2100889
54047,0.151041667,1114.150116
53063,0.559027778,515.0164896
20181,0.277777778,482.9466251
49037,2.064236111,280.8935909
46011,0.265625,655.5735278
46071,0.522569444,479.5522922
47117,0.098958333,1400.959117
19131,0.119791667,886.9047825
17121,0.152777778,1085.254313
22085,0.251736111,1369.962825
22069,0.324652778,1435.605616
13249,0.050347222,1233.175524
24015,0.119791667,1141.33478
48201,0.430555556,1298.291333
05105,0.137152778,1326.952281
51730,0.003472222,1176.609985
48217,0.243055556,939.7311419
17083,0.105902778,1038.948524
06053,0.871527778,536.1988254
18129,0.109375,1155.042221
09003,0.201388889,1215.728099
48229,1.154513889,277.8042714
26075,0.21875,870.9384921
20197,0.234375,916.721332
21145,0.076388889,1244.476368
27045,0.236111111,874.6117621
21153,0.081597222,1150.818092
26081,0.248263889,922.1648265
27055,0.15625,879.1976657
48167,0.166666667,1334.475838
31153,0.071180556,796.2631702
51179,0.079861111,1061.823914
35059,0.982638889,426.4409545
39089,0.185763889,1015.392146
37191,0.152777778,1204.196026
09007,0.105902778,1286.93361
18039,0.138888889,981.6781265
21003,0.088541667,1275.027059
04001,2.854166667,337.0603892
17111,0.166666667,919.6605218
04027,1.368055556,118.7862943
40053,0.234375,844.4551844
40139,0.539930556,472.0025714
46021,0.217013889,459.4415198
37015,0.180555556,1221.051922
47185,0.09375,1400.443696
38015,0.5,460.3672921
46063,0.786458333,386.251303
19117,0.114583333,950.3639378
18025,0.086805556,1218.380793
47003,0.125,1405.391388
35035,1.645833333,385.5904431
17107,0.15625,973.4441142
40145,0.147569444,1121.185172
38085,0.34375,428.3890908
34005,0.227430556,1173.031833
21059,0.128472222,1187.030673
22013,0.204861111,1432.78576
21205,0.071180556,1168.858047
48073,0.262152778,1200.65848
22015,0.223958333,1332.431547
06013,0.210069444,500.3195869
35045,1.434027778,259.2629782
17167,0.239583333,958.773913
16045,0.166666667,518.9465621
16075,0.114583333,319.6931781
22081,0.095486111,1386.155453
16079,0.795138889,1206.053447
17117,0.248263889,1002.550071
17119,0.190972222,1058.805908
24017,0.119791667,1084.249853
16035,0.756944444,1176.715389
47143,0.092013889,1455.77151
47069,0.184027778,1398.777639
16087,0.442708333,594.5557673
17147,0.104166667,989.7606659
46023,0.314236111,623.7175691
06099,0.402777778,365.991768
47095,0.048611111,1268.057508
24025,0.133680556,1161.804806
47097,0.126736111,1306.346855
46055,0.555555556,458.2988436
47023,0.076388889,1389.577273
48079,0.190972222,461.8170002
24037,0.116319444,1106.649097
21091,0.052083333,1206.926335
48081,0.232638889,575.7199247
24039,0.098958333,1086.437367
22019,0.255208333,1550.567077
24041,0.097222222,1120.242665
24043,0.125,1011.15194
42057,0.119791667,1016.927974
19045,0.184027778,915.4244333
24510,0.022569444,1129.889254
20001,0.131944444,1081.700921
20037,0.166666667,1144.50531
48089,0.236111111,1084.364929
48091,0.138888889,877.0240005
48099,0.256944444,847.8477033
48105,0.677083333,473.7520507
21105,0.065972222,1301.430266
23007,0.513888889,1241.776283
19067,0.152777778,890.3323843
37017,0.222222222,1219.806009
47149,0.161458333,1328.154949
47153,0.065972222,1495.611572
17041,0.126736111,1009.419864
19085,0.184027778,807.223114
21121,0.098958333,1272.455783
26059,0.171875,932.3328278
21127,0.114583333,1109.839847
47167,0.118055556,1318.258532
48119,0.069444444,1155.505005
21133,0.092013889,1184.722827
21135,0.135416667,1144.640904
22029,0.1875,1517.68213
13317,0.121527778,1152.525854
05007,0.211805556,1194.95074
19057,0.114583333,946.1607592
24045,0.109375,1116.582539
32017,2.814236111,272.7174151
46033,0.447916667,468.2362797
51710,0.020833333,1177.172485
18143,0.053819444,1147.594199
22049,0.137152778,1446.43759
31019,0.288194444,639.8225907
44007,0.125,1272.419308
54029,0.024305556,997.567143
53059,0.5,2484.351254
41013,0.881944444,385.1404927
27031,0.503472222,795.1515166
29041,0.203125,1054.320774
51111,0.112847222,1122.54646
42047,0.232638889,1141.709551
29131,0.168402778,1113.789186
30075,0.967013889,358.790144
01057,0.152777778,1451.316932
41029,0.791666667,915.0566443
13049,0.203125,1274.084184
16023,0.671875,323.4944453
40107,0.171875,1083.698788
28121,0.194444444,1441.829019
05073,0.137152778,1325.753155
40111,0.170138889,1089.336324
30033,1.470486111,321.2570255
28083,0.142361111,1401.261341
27109,0.1875,855.4799053
48425,0.046875,870.0166626
30049,1.079861111,572.2411253
13301,0.069444444,1173.598007
31155,0.197916667,771.5261407
27145,0.432291667,716.9494001
22041,0.161458333,1455.121615
36045,0.421875,1050.513169
05115,0.215277778,1301.279998
22035,0.123263889,1427.197035
48215,0.375,558.8051385
19005,0.201388889,883.7793963
29015,0.208333333,1120.253661
22045,0.175347222,1570.932769
37041,0.059027778,1236.363536
13261,0.125,1227.650406
36075,0.289930556,1195.169042
48265,0.263888889,766.985725
37143,0.085069444,1240.135107
32001,1.362847222,181.6018343
48233,0.225694444,520.1522322
37055,0.310763889,1321.737933
37053,0.121527778,1211.512429
18061,0.138888889,1157.381627
20063,0.305555556,528.9477836
29121,0.211805556,1051.672294
23003,2.102430556,1056.790505
13137,0.076388889,1533.658636
25001,0.15625,1182.375324
36025,0.407986111,1155.240511
47183,0.154513889,1338.372249
30053,1.184027778,823.0726102
48157,0.213541667,1231.629595
21069,0.09375,1137.648697
30099,0.730902778,445.8161289
50025,0.227430556,1326.800079
25005,0.168402778,1261.286702
28049,0.213541667,1431.55813
29071,0.251736111,1118.278829
17077,0.152777778,1146.635685
24003,0.123263889,1086.820001
12001,0.229166667,1291.816901
06023,0.982638889,1845.113903
29089,0.125,1061.118749
13303,0.171875,1168.036765
48345,0.229166667,595.37409
13305,0.159722222,1217.723807
13311,0.055555556,1650.952187
13125,0.036458333,1149.002848
13209,0.059027778,1154.378231
13135,0.105902778,1322.318029
41055,0.246527778,307.1154933
13163,0.131944444,1149.862626
48299,0.255208333,733.8783665
51700,0.03125,1205.410556
09001,0.185763889,1263.843086
36089,0.828125,1025.534864
05005,0.145833333,1184.595117
35025,1.083333333,381.188413
26141,0.217013889,754.1125586
22065,0.159722222,1425.444351
08001,0.362847222,383.5449283
34027,0.137152778,1283.835312
48033,0.229166667,508.1750012
29157,0.119791667,1122.549999
51175,0.154513889,1198.130787
13001,0.123263889,1181.154364
17179,0.184027778,955.4446233
20149,0.236111111,869.2803677
39069,0.107638889,909.8479024
48455,0.178819444,1251.719904
51053,0.135416667,1157.950641
37077,0.137152778,1137.462792
51067,0.189236111,1152.177246
20191,0.333333333,871.7596375
13277,0.071180556,1199.201708
42061,0.244791667,1019.649503
41037,2.401041667,369.6864425
29077,0.178819444,1135.459031
41047,0.364583333,1616.281762
16067,0.223958333,254.0858133
42067,0.100694444,1083.186211
17097,0.126736111,917.1901371
18161,0.043402778,1067.838398
42071,0.270833333,1117.363265
29221,0.201388889,1126.365167
29103,0.15625,1002.64878
29117,0.163194444,1024.866702
42087,0.114583333,1059.282723
27161,0.125,824.5436096
05123,0.177083333,1293.789619
55079,0.060763889,863.6360038
55085,0.362847222,793.7755001
36119,0.131944444,1239.050529
22071,0.085069444,1576.120209
08019,0.112847222,716.1487676
40065,0.208333333,710.3666682
40067,0.1875,877.3821264
08005,0.213541667,428.4670728
48389,0.65625,310.1751588
40141,0.232638889,756.7485798
22075,0.342013889,1624.492235
22077,0.151041667,1533.986553
08047,0.043402778,667.3435986
29187,0.121527778,1144.93629
01003,0.414930556,1664.220711
09009,0.177083333,1276.264313
22011,0.288194444,1523.710062
32510,0.039930556,424.4291302
36105,0.28125,1225.540927
50007,0.1875,1068.897594
08011,0.416666667,356.0251668
19153,0.154513889,904.7316867
21239,0.053819444,1170.765487
30107,0.418402778,395.0825731
42019,0.217013889,1041.529758
47075,0.142361111,1342.243052
53049,0.333333333,2374.315102
51147,0.095486111,1114.629996
22053,0.157986111,1541.565823
51149,0.074652778,1175.043724
26137,0.15625,857.2324476
01111,0.144097222,1358.177706
51153,0.095486111,1059.820177
05001,0.265625,1282.424051
24033,0.131944444,1080.793823
22111,0.227430556,1425.929386
31085,0.194444444,531.4913363
48039,0.362847222,1307.959664
39021,0.121527778,1016.216718
08061,0.458333333,382.7963266
08065,0.104166667,638.5540003
08071,1.295138889,424.334169
26097,0.329861111,809.2259477
41011,0.467013889,1801.960707
08109,0.880208333,460.5126616
55023,0.175347222,874.6334664
48061,0.265625,662.6860774
48417,0.208333333,694.5484996
22089,0.09375,1618.507408
40083,0.189236111,913.2991736
13241,0.092013889,1762.96264
05143,0.241319444,1256.920074
48261,0.411458333,673.5161184
37169,0.121527778,1189.230568
48405,0.147569444,1373.026232
48005,0.211805556,1308.561062
05117,0.178819444,1256.742038
01127,0.201388889,1473.290516
53037,0.737847222,937.6246827
55061,0.111111111,789.1934385
27165,0.125,750.3040305
08051,0.873263889,648.2082115
12027,0.166666667,1278.317388
21209,0.076388889,1124.394545
05131,0.140625,1245.600123
18153,0.131944444,1124.358423
29069,0.144097222,1201.712652
36019,0.336805556,962.2068
51163,0.163194444,1100.135314
42043,0.15625,1144.718334
05021,0.147569444,1191.356233
31135,0.277777778,494.9471247
34021,0.064236111,1220.15919
31139,0.166666667,704.9359379
05023,0.151041667,1284.35012
38051,0.291666667,497.9317282
39045,0.142361111,992.0195104
39065,0.130208333,940.2715991
29141,0.164930556,1121.25505
05029,0.152777778,1273.428411
56017,0.564236111,350.4467696
36061,0.006944444,1213.027496
27089,0.560763889,576.8299984
46035,0.125,625.1013879
47025,0.119791667,1279.808703
45029,0.256944444,1207.166624
12041,0.086805556,1345.244397
39115,0.114583333,1035.910759
28007,0.175347222,1426.878816
44009,0.114583333,1213.962724
48183,0.074652778,1199.074647
05033,0.166666667,1303.540415
42127,0.213541667,1164.615855
05047,0.152777778,1310.408286
40049,0.201388889,972.4925006
05071,0.171875,1314.063133
36095,0.171875,1051.559189
05087,0.21875,1271.24619
48467,0.210069444,1095.160661
36091,0.239583333,1145.025794
40109,0.180555556,924.3265381
22095,0.107638889,1612.189038
40113,0.574652778,1022.863839
36071,0.237847222,1194.844527
41017,0.907986111,596.2407842
21185,0.053819444,1174.206767
04003,1.526041667,395.516098
18019,0.100694444,1156.707757
30051,0.425347222,296.1690204
37185,0.121527778,1144.572993
51191,0.142361111,1138.928665
12083,0.385416667,1310.032569
34035,0.083333333,1227.65771
20047,0.175347222,637.5092085
21137,0.088541667,1209.726273
31141,0.170138889,727.0643896
38095,0.322916667,481.8331174
29143,0.177083333,1231.53794
37021,0.170138889,1124.680406
27085,0.135416667,750.4635925
35005,1.484375,367.7738594
39075,0.138888889,1006.625877
31167,0.125,739.318751
37023,0.130208333,1259.513472
42109,0.09375,1132.592405
33013,0.276041667,1174.984086
29149,0.227430556,1192.461758
34025,0.130208333,1185.277603
42007,0.125,974.2398614
29047,0.100694444,1010.172413
42039,0.302083333,1156.934593
29079,0.121527778,997.3518555
46137,0.588541667,449.8961952
29165,0.109375,988.0493639
48337,0.236111111,906.7283837
49003,1.871527778,318.077449
48135,0.248263889,350.2617486
49015,1.241319444,253.9702656
48187,0.178819444,848.8955339
48209,0.166666667,885.388127
48293,0.232638889,1007.907389
40117,0.164930556,1022.460105
22107,0.159722222,1462.664457
47103,0.152777778,1453.681702
36007,0.206597222,1059.630088
51113,0.088541667,1160.629799
40005,0.265625,1141.712483
36115,0.246527778,1068.014295
51137,0.088541667,1100.021374
01073,0.289930556,1429.838625
51157,0.072916667,1152.440491
40023,0.196180556,1205.506017
40063,0.1875,1081.231486
40091,0.189236111,1146.113487
48185,0.203125,1123.726754
48179,0.243055556,602.7340009
26153,0.378472222,820.7195866
37071,0.086805556,1111.046189
31057,0.25,494.3071543
29207,0.217013889,1218.617837
34011,0.130208333,1106.490133
05059,0.164930556,1366.08684
36085,0.015625,1218.094442
51193,0.069444444,1093.957251
36111,0.324652778,1287.956205
05063,0.206597222,1236.808573
29029,0.180555556,1127.779998
29175,0.126736111,1079.777946
48199,0.213541667,1471.728538
38091,0.230902778,543.3268419
34001,0.161458333,1125.576558
37115,0.112847222,1136.489849
42009,0.274305556,995.9151897
36009,0.385416667,1127.640903
30067,0.829861111,664.6105235
13185,0.118055556,1268.909417
13107,0.170138889,1158.140513
36103,0.348958333,1207.735377
30109,0.255208333,363.9145574
49045,2.017361111,285.5201641
48323,0.331597222,534.8743457
51101,0.079861111,1118.342824
53009,0.578125,2235.471616
53019,0.736111111,525.7673584
53051,0.465277778,897.7922378
53055,0.118055556,680.282056
53065,0.798611111,610.9837397
53073,0.725694444,2036.047561
55009,0.159722222,776.3751075
49029,0.170138889,708.7062232
48225,0.303819444,1186.138401
48395,0.213541667,984.9567504
40061,0.152777778,1194.493862
51079,0.039930556,1201.276505
40079,0.40625,1324.042054
54053,0.121527778,1053.382863
54069,0.03125,1007.219449
37039,0.128472222,1577.986076
01025,0.295138889,1445.88776
01091,0.25,1366.38264
54011,0.074652778,1084.192797
01065,0.168402778,1369.756501
54099,0.135416667,1126.745513
42133,0.234375,1094.545635
29215,0.315972222,1160.206708
05075,0.149305556,1226.857907
05081,0.142361111,1283.227926
51590,0.012152778,1119.392857
06027,2.640625,189.1021038
37097,0.157986111,1144.233849
37183,0.210069444,1164.186447
26105,0.157986111,873.521536
37193,0.192708333,1249.082161
37123,0.131944444,1156.751974
06093,1.805555556,1029.207481
42033,0.314236111,1107.376191
47141,0.107638889,1404.115969
12019,0.159722222,1312.76239
12029,0.173611111,1451.340406
13155,0.085069444,1191.000212
28015,0.168402778,1419.063706
47051,0.15625,1459.368445
38081,0.251736111,568.7670355
47115,0.133680556,1461.99429
20005,0.104166667,936.563501
53017,0.571180556,283.3600904
55071,0.173611111,789.7139014
13101,0.109375,1279.145558
50005,0.197916667,1114.825085
50019,0.21875,1203.92532
28069,0.197916667,1409.952194
54037,0.060763889,998.6245728
31107,0.331597222,673.7263347
32027,1.6875,250.2351545
51820,0.006944444,1093.63501
13069,0.147569444,1213.343886
55029,0.151041667,788.8751705
32019,0.552083333,213.0527677
22125,0.090277778,1565.765003
54057,0.09375,976.6698145
51069,0.116319444,981.0125404
54061,0.104166667,1147.922003
51165,0.225694444,1017.879695
51171,0.133680556,968.9941549
28053,0.102430556,1388.242372
28097,0.107638889,1439.199674
28143,0.123263889,1356.362678
29025,0.104166667,1006.336662
29045,0.131944444,987.0168425
29081,0.190972222,966.848271
54085,0.125,1158.859999
51063,0.09375,1148.542043
46091,0.255208333,592.3877534
27039,0.125,847.9324951
21183,0.15625,1234.683887
05125,0.192708333,1366.087476
21197,0.045138889,1191.952299
21213,0.064236111,1260.568653
47165,0.138888889,1284.537877
21225,0.092013889,1152.415477
17039,0.097222222,990.5899974
17045,0.185763889,1050.167476
17055,0.123263889,1130.084787
17061,0.144097222,1007.674218
06009,0.277777778,903.512752
27009,0.112847222,732.7221558
38007,0.347222222,381.0763503
18035,0.111111111,1027.085784
20145,0.197916667,622.2327174
40101,0.217013889,1149.8608
22109,0.446180556,1620.967545
40135,0.192708333,1215.355319
41021,0.354166667,310.3641678
38049,0.618055556,454.3621904
29183,0.161458333,1071.736345
20071,0.208333333,450.7875829
10005,0.267361111,1141.083701
16001,0.310763889,303.50542
01037,0.157986111,1374.128901
12061,0.123263889,1356.460289
32021,0.998263889,200.5681911
19177,0.133680556,961.6358436
32003,2.100694444,188.3311236
48181,0.243055556,1046.861352
29189,0.138888889,1082.208377
22033,0.114583333,1589.309698
01005,0.234375,1324.970373
05113,0.21875,1508.415874
13021,0.059027778,1171.803531
01097,0.315972222,1654.099341
26001,0.197916667,745.7992966
56043,0.663194444,319.416989
54049,0.085069444,1189.294491
51015,0.258680556,1071.049592
54107,0.102430556,1091.673903
54105,0.060763889,1131.851705
47011,0.092013889,1351.054335
47123,0.168402778,1431.039071
28051,0.185763889,1403.171121
51005,0.119791667,1046.398263
47055,0.168402778,1451.142364
51017,0.147569444,1058.764941
54039,0.236111111,1146.128381
21013,0.095486111,1307.677095
21023,0.052083333,1100.011336
27003,0.128472222,810.6105371
23031,0.307291667,1259.67904
21031,0.107638889,1275.850639
25009,0.151041667,1231.509882
41001,0.887152778,545.5664183
48149,0.225694444,986.7841562
47053,0.151041667,1335.805628
21007,0.067708333,1255.551032
45005,0.100694444,1166.935698
47005,0.114583333,1321.185157
37161,0.145833333,1297.698576
18121,0.112847222,1090.81893
08049,0.506944444,619.4687321
13009,0.069444444,1163.397992
51007,0.092013889,1126.860937
48271,0.309027778,580.8585953
05135,0.159722222,1223.228042
37177,0.15625,1275.813226
08053,0.282986111,798.7673016
06115,0.171875,918.9194959
13013,0.041666667,1282.692922
39103,0.123263889,975.6111235
17099,0.315972222,922.908134
08063,0.569444444,434.7690541
26145,0.222222222,822.427578
19111,0.145833333,975.770954
22057,0.329861111,1629.654945
26047,0.154513889,793.9604465
31039,0.171875,753.6396965
17007,0.083333333,905.3377113
30005,1.328125,349.8901439
26155,0.15625,828.2048889
38041,0.368055556,407.7133963
38053,0.909722222,380.5820413
18009,0.041666667,1001.782501
53033,0.697916667,1925.136241
28123,0.145833333,1460.307502
31065,0.180555556,589.7662518
39095,0.109375,872.2093641
53015,0.364583333,2047.178339
01115,0.161458333,1397.027743
41007,0.272569444,2688.411078
12073,0.177083333,1457.258442
12075,0.279513889,1401.185841
47009,0.151041667,1376.456084
47079,0.152777778,1345.301598
45009,0.100694444,1173.28104
47021,0.078125,1281.451782
25023,0.211805556,1274.052953
37087,0.142361111,1367.786345
47029,0.111111111,1220.957033
42017,0.171875,1225.189595
45019,0.270833333,1253.147378
47039,0.090277778,1386.699813
12071,0.253472222,1408.551227
20121,0.152777778,1042.656135
13285,0.119791667,1276.251889
18167,0.104166667,1081.207664
13025,0.109375,1267.298731
51001,0.159722222,1084.660326
13029,0.114583333,1238.600001
48289,0.262152778,1080.811924
06047,0.522569444,309.9787378
16007,0.288194444,596.1731915
13031,0.171875,1173.597172
13033,0.204861111,1154.971526
39117,0.107638889,1012.749035
20153,0.305555556,531.1146029
19139,0.123263889,935.6525363
19163,0.131944444,918.6892082
32007,4.723958333,353.2697096
54081,0.157986111,1159.131868
34037,0.145833333,1208.785357
35049,0.491319444,399.582296
28057,0.145833333,1466.290123
29111,0.145833333,978.3647606
24021,0.184027778,1074.044059
27135,0.506944444,611.3943149
35017,0.977430556,444.6372829
40041,0.229166667,1173.62636
49047,1.208333333,316.0071551
16063,0.331597222,275.1208373
12077,0.190972222,1522.600363
12103,0.105902778,1306.821473
06033,0.352430556,1077.843398
12129,0.161458333,1530.395596
13007,0.085069444,1304.99939
13087,0.140625,1377.813454
13275,0.125,1307.973609
13315,0.083333333,1179.018743
28113,0.098958333,1601.871398
28013,0.145833333,1447.619764
28061,0.173611111,1454.050496
28037,0.126736111,1556.477394
53041,0.727430556,1727.384919
46009,0.168402778,644.2109255
45035,0.144097222,1232.822292
45021,0.105902778,1199.249676
45025,0.208333333,1148.737082
46047,0.477430556,433.6948725
47071,0.164930556,1408.863259
46059,0.442708333,541.5832931
47163,0.119791667,1110.160294
45031,0.135416667,1173.081027
46081,0.241319444,623.5943871
47085,0.142361111,1343.09634
19089,0.145833333,894.1966662
13037,0.072916667,1290.310948
19093,0.121527778,797.2434248
51051,0.088541667,1141.351766
17133,0.105902778,1087.564917
48361,0.092013889,1528.758112
12097,0.362847222,1259.061339
48367,0.217013889,879.62448
06039,0.572916667,672.6202123
51081,0.067708333,1160.149229
17161,0.130208333,924.426665
48377,0.909722222,360.7830917
51083,0.217013889,1129.23624
17115,0.173611111,993.7462018
20015,0.390625,926.3372021
22083,0.137152778,1433.350251
30103,0.300347222,350.6621388
51095,0.053819444,1190.948061
48449,0.118055556,1203.81942
46065,0.246527778,475.5307033
54025,0.272569444,1163.418849
08009,0.673611111,421.5204374
37049,0.206597222,1337.335878
39081,0.114583333,1005.810759
08021,0.350694444,579.8511395
21111,0.097222222,1157.210179
34009,0.074652778,1107.874648
54075,0.25,1285.225764
54079,0.102430556,1067.165421
55137,0.177083333,817.1003921
48391,0.196180556,927.2122122
39151,0.149305556,998.8806961
13259,0.111111111,1256.166096
39067,0.118055556,1024.479991
41065,0.732638889,510.532251
27115,0.442708333,781.1399993
13071,0.145833333,1287.180596
45039,0.180555556,1121.381723
27069,0.329861111,556.0094755
48241,0.234375,1446.629631
42035,0.246527778,1082.674365
47093,0.135416667,1255.369618
51087,0.057291667,1124.096965
56035,1.413194444,480.7940549
48245,0.229166667,1499.820835
47101,0.076388889,1426.071139
53005,0.517361111,225.0866445
53077,1.324652778,653.1910872
19143,0.112847222,744.6310782
08111,0.100694444,1056.350695
08115,0.170138889,447.3150009
06049,1.154513889,457.1449179
48387,0.265625,1239.107578
48393,0.267361111,566.3217524
48083,0.324652778,693.9435816
13015,0.128472222,1281.540272
08085,0.612847222,438.6899716
06063,0.723958333,1104.218681
48403,0.140625,1381.710868
12105,0.486111111,1280.235284
48443,0.5625,383.142438
13109,0.041666667,1151.950409
39123,0.092013889,863.5213232
13173,0.048611111,1249.585362
16015,0.550347222,807.2715462
21211,0.102430556,1172.751529
29097,0.15625,1160.439886
22121,0.048611111,1563.416783
01063,0.164930556,1376.52074
01089,0.199652778,1418.145305
06103,0.796875,942.4950084
17183,0.244791667,1005.101701
32031,1.772569444,314.3309012
01071,0.276041667,1460.438746
06057,0.258680556,1362.984903
06113,0.279513889,556.0585716
26033,0.543402778,832.5400303
48471,0.1875,1197.560376
40089,0.484375,1339.432156
54071,0.1875,1016.536671
12017,0.168402778,1326.612268
47113,0.140625,1366.77716
45047,0.119791667,1142.256953
56007,2.248263889,419.2183939
27083,0.213541667,686.7781337
45049,0.138888889,1196.070996
47125,0.145833333,1288.427502
49025,1.036458333,328.2460799
48251,0.178819444,934.17272
30037,0.359375,377.7961343
30045,0.559027778,479.9769883
30059,0.741319444,525.6454793
48035,0.244791667,888.9461705
45057,0.137152778,1126.23696
13119,0.071180556,1274.459511
12021,0.493055556,1416.506162
12119,0.157986111,1276.660003
48451,0.369791667,579.5099539
17203,0.159722222,939.1618467
39157,0.151041667,1023.10161
17015,0.121527778,920.8709961
13147,0.065972222,1217.695531
39165,0.111111111,1047.322648
12011,0.305555556,1327.400515
39169,0.145833333,983.7607146
13179,0.138888889,1248.654251
39033,0.104166667,997.5216614
12057,0.276041667,1312.765723
13199,0.125,1233.605687
18103,0.105902778,1019.01082
06051,0.819444444,474.3241323
18109,0.100694444,1108.071563
19015,0.171875,904.3595945
28089,0.1875,1400.267033
49043,0.496527778,696.415033
45045,0.199652778,1345.523385
19173,0.151041667,914.4631032
46085,0.496527778,519.4836706
20039,0.248263889,545.9520955
55115,0.258680556,786.4340947
06083,0.723958333,537.7952032
28011,0.232638889,1337.682833
23025,1.223958333,1126.021832
34033,0.098958333,1113.489301
41019,1.451388889,1393.290441
22113,0.348958333,1546.228554
05119,0.213541667,1286.557644
34031,0.053819444,1283.123539
16077,0.411458333,401.7467926
42119,0.086805556,1139.8552
48349,0.269097222,1005.451226
05085,0.206597222,1267.644626
05091,0.168402778,1293.581957
56011,0.809027778,464.8747638
45061,0.100694444,1141.864824
48043,1.519097222,337.5847547
45067,0.128472222,1206.010943
47187,0.15625,1331.131552
55095,0.28125,806.0984557
45075,0.282986111,1190.086868
56039,1.227430556,906.3424338
51059,0.114583333,1062.836363
45071,0.164930556,1155.58831
45087,0.130208333,1156.80174
13215,0.059027778,1213.634999
39063,0.159722222,911.4940212
39073,0.109375,1007.686029
12086,0.467013889,1373.808773
48501,0.190972222,453.7140004
13251,0.166666667,1174.321662
48505,0.255208333,506.5177548
48239,0.203125,1123.039232
16073,2.222222222,357.2204298
21071,0.104166667,1109.466498
19133,0.206597222,783.2084863
20043,0.118055556,915.4291175
40057,0.140625,665.3903741
16049,2.571180556,946.1306812
20089,0.267361111,689.4828559
45091,0.182291667,1123.77724
27077,0.579861111,640.7640721
38079,0.277777778,479.4598125
30011,1.022569444,371.9245333
20137,0.248263889,574.0606297
27127,0.277777778,716.0823753
55007,0.473958333,818.4383534
55003,0.321180556,818.8740531
55013,0.267361111,793.5276632
05049,0.137152778,1196.611512
12089,0.163194444,1299.890642
19099,0.194444444,911.4799085
37175,0.097222222,1797.72857
13253,0.064236111,1374.844865
24029,0.081597222,1106.265106
47031,0.111111111,1415.455471
45037,0.126736111,1158.425204
05035,0.164930556,1304.239472
51109,0.140625,1119.100488
16071,0.328125,453.2080437
48273,0.244791667,724.2441817
26089,0.135416667,816.820516
41025,2.953125,332.5171722
45085,0.180555556,1166.716439
49033,0.296875,468.1257301
44005,0.052083333,1226.375671
53013,0.260416667,736.7778658
55133,0.152777778,882.5262493
30069,0.5,319.5585072
30097,0.569444444,530.3450901
30093,0.222222222,469.0013301
42041,0.151041667,1077.623104
29033,0.190972222,1034.378091
53025,0.866319444,215.691563
30057,1.067708333,566.9286669
13279,0.095486111,1167.643455
40085,0.128472222,968.6033762
24035,0.105902778,1097.55836
21085,0.131944444,1257.41842
23011,0.274305556,1141.097472
17091,0.190972222,965.4506381
18163,0.059027778,1170.546473
21101,0.121527778,1153.172721
16003,0.395833333,797.2815771
27075,0.720486111,757.5633977
05121,0.161458333,1216.887316
08107,0.645833333,751.9538974
54067,0.171875,1270.391005
54101,0.144097222,1440.114578
40019,0.222222222,958.337265
21107,0.149305556,1219.289883
17109,0.171875,959.9656576
28137,0.098958333,1393.560699
17069,0.045138889,1187.62154
22005,0.076388889,1591.157959
18079,0.114583333,1141.854546
51155,0.086805556,993.1061987
54063,0.125,1007.124166
37145,0.111111111,1147.641562
19107,0.171875,937.8652529
36005,0.017361111,1210.213989
36031,0.560763889,1118.734958
40147,0.112847222,1035.382769
40007,0.484375,542.6676359
48369,0.225694444,485.8767691
05097,0.196180556,1435.564516
13263,0.098958333,1229.441053
35043,0.961805556,361.4632312
18125,0.092013889,1185.238491
20069,0.225694444,527.2863838
27123,0.045138889,829.4061491
30021,0.708333333,334.1800494
30017,1.142361111,343.059256
50023,0.201388889,1146.647159
48275,0.211805556,655.4054896
47159,0.086805556,1330.470203
20203,0.173611111,472.8811996
37051,0.166666667,1176.700727
39083,0.151041667,1033.270802
33015,0.206597222,1184.95185
29209,0.133680556,1159.036374
51197,0.121527778,1006.943427
42003,0.213541667,978.4839026
48439,0.225694444,933.2300786
27051,0.166666667,638.9862512
21011,0.078125,1164.820443
21043,0.112847222,1123.920619
21035,0.100694444,1361.910171
45013,0.170138889,1238.32143
55053,0.302083333,861.1003436
56013,2.635416667,368.7327276
27137,2.097222222,719.19702
30083,0.651041667,344.2722405
13003,0.079861111,1233.339141
50003,0.203125,1397.492051
32013,2.638888889,290.7837371
01029,0.147569444,1371.445295
13239,0.041666667,1300.303335
47137,0.046875,1333.52186
13161,0.076388889,1192.410217
51049,0.078125,1124.129327
47109,0.142361111,1422.267447
31021,0.142361111,776.6075633
37139,0.074652778,1225.333488
48021,0.215277778,911.4463718
21103,0.076388889,1152.343417
13005,0.072916667,1198.768805
21149,0.069444444,1170.913245
48269,0.248263889,628.8947562
26055,0.157986111,810.9847238
21175,0.109375,1143.249853
49051,0.335069444,688.1236809
42077,0.09375,1190.569992
48031,0.180555556,831.0068254
55103,0.184027778,895.1590536
54103,0.098958333,1208.958428
55065,0.170138889,921.988062
53067,0.230902778,1300.141056
48343,0.065972222,1217.34632
53001,0.595486111,272.2558015
47171,0.048611111,1266.145713
47059,0.161458333,1108.176558
36035,0.147569444,1195.820117
20021,0.171875,1144.578279
12123,0.267361111,1427.061233
12039,0.126736111,1425.611502
29113,0.184027778,1027.06227
47083,0.055555556,1332.825638
45043,0.215277778,1323.23403
53039,0.567708333,555.0931807
45051,0.291666667,1291.246432
56015,0.607638889,378.323
56023,1.177083333,520.8328317
45089,0.232638889,1233.029478
29031,0.149305556,1200.43221
29059,0.147569444,1134.087529
31169,0.152777778,755.8282998
31031,1.647569444,528.7011069
42065,0.190972222,1129.120641
29099,0.178819444,1096.020485
37003,0.065972222,1220.834479
29019,0.182291667,1085.182571
48419,0.210069444,1338.16388
06089,1.072916667,1283.197815
30111,0.796875,358.0825049
37073,0.09375,1243.637774
36087,0.052083333,1257.77301
51740,0.008680556,1201.858008
29123,0.137152778,1176.559371
48489,0.180555556,638.4733634
30089,0.859375,820.308828
36043,0.420138889,1226.25967
36113,0.269097222,1153.216066
27019,0.112847222,774.4606145
20057,0.277777778,570.4916847
49007,0.397569444,391.5249792
37131,0.15625,1182.393788
18099,0.121527778,1017.02757
41053,0.208333333,1838.896915
48325,0.300347222,743.3279186
17195,0.185763889,926.5178496
04019,2.338541667,317.0359164
47061,0.086805556,1494.11301
17185,0.064236111,1154.211894
26021,0.152777778,977.0114753
27171,0.217013889,763.7207192
55063,0.138888889,874.8137474
04015,3.475694445,262.7007093
29155,0.145833333,1244.352025
17169,0.116319444,976.9349219
40123,0.182291667,1042.36419
55109,0.232638889,824.6845516
01051,0.166666667,1338.949585
22059,0.15625,1507.334549
46069,0.251736111,521.2271729
01123,0.189236111,1362.739539
06069,0.359375,422.923382
28075,0.161458333,1421.922258
31037,0.118055556,747.6727923
48213,0.230902778,1077.657439
22055,0.0625,1555.600545
39023,0.107638889,1027.73935
36047,0.03125,1188.933885
35037,0.748263889,432.749884
36059,0.085069444,1209.540615
13271,0.109375,1172.968568
45041,0.206597222,1183.003112
38089,0.380208333,414.4323747
20009,0.225694444,677.788232
41035,1.711805556,697.4561353
12111,0.15625,1289.690658
13141,0.123263889,1159.019155
16031,0.741319444,365.4746362
40029,0.125,1094.603751
06067,0.269097222,509.9286456
24001,0.123263889,998.0612655
28043,0.102430556,1442.566607
54033,0.114583333,1179.433636
28099,0.15625,1422.140442
08003,0.185763889,248.1634576
54055,0.112847222,1006.600764
28017,0.123263889,1427.747321
54043,0.112847222,1150.955538
27159,0.173611111,669.6756958
08057,0.435763889,663.1776484
42055,0.204861111,1054.264323
06071,5.196180556,174.1364351
08031,0.050347222,411.8879342
40033,0.157986111,818.5385729
23029,0.880208333,1212.182665
08117,0.171875,639.1895949
35029,0.739583333,292.7049304
40071,0.229166667,935.8059887
54027,0.168402778,960.6090686
28055,0.105902778,1425.917372
51019,0.199652778,1129.793219
21207,0.076388889,1301.5175
21053,0.053819444,1319.365486
19083,0.152777778,883.5539752
01035,0.210069444,1538.93479
04005,4.805555556,352.8635479
34029,0.211805556,1153.037457
21217,0.072916667,1270.104062
48161,0.220486111,1073.100399
18173,0.104166667,1188.599162
16055,0.411458333,882.5998754
17105,0.291666667,936.7891668
08069,0.701388889,542.3444552
17149,0.237847222,981.4614605
13051,0.125,1244.355138
39147,0.175347222,947.2641565
06105,0.890625,1446.157015
39163,0.118055556,1044.442056
13183,0.098958333,1214.868421
13237,0.083333333,1182.420624
48249,0.197916667,662.5683294
40055,0.163194444,718.2845725
48297,0.265625,678.4884987
23021,1.310763889,1124.046147
48409,0.168402778,830.3282452
53007,0.920138889,1099.407074
12063,0.232638889,1439.295747
40127,0.369791667,1299.541127
48295,0.225694444,576.8008465
48487,0.244791667,713.6493613
13017,0.064236111,1176.77703
51027,0.126736111,1123.007262
55039,0.21875,794.6233332
21079,0.059027778,1164.872943
22117,0.182291667,1619.319338
22051,0.137152778,1618.114303
51177,0.109375,1103.934605
26143,0.1875,801.5586101
36093,0.055555556,1034.710321
09005,0.269097222,1264.832972
12037,0.192708333,1504.81261
28033,0.114583333,1361.498641
13045,0.125,1327.416524
18093,0.119791667,1183.442017
18077,0.095486111,1142.716373
40097,0.184027778,1130.835752
20019,0.180555556,1040.06433
31103,0.197916667,590.3637733
22119,0.15625,1371.542223
20113,0.243055556,798.3575714
39047,0.104166667,1013.560001
13257,0.045138889,1360.00347
37141,0.223958333,1363.452014
37031,0.270833333,1441.280192
33005,0.204861111,1192.224658
13297,0.079861111,1273.434358
13169,0.098958333,1174.891578
05107,0.190972222,1308.778726
42049,0.220486111,1172.148111
48141,0.269097222,247.4889675
49019,1.022569444,320.6093383
53043,0.720486111,324.2381926
28067,0.171875,1469.09818
30073,0.512152778,398.149865
32023,4.763888889,224.0279045
16037,1.439236111,628.3491198
26043,0.220486111,764.117795
39133,0.140625,1004.79482
28073,0.118055556,1544.523087
21139,0.092013889,1228.513013
41043,0.670138889,1839.277124
26117,0.213541667,874.6635767
45033,0.104166667,1169.377498
20175,0.173611111,494.8502002
45069,0.126736111,1147.983693
21045,0.116319444,1267.978658
55113,0.394097222,837.4296472
38063,0.298611111,516.5387188
12023,0.185763889,1314.889815
26061,0.302083333,767.8581048
48309,0.258680556,910.5291941
55041,0.305555556,783.3686953
01113,0.159722222,1238.832391
27169,0.173611111,871.3756976
53047,1.680555556,602.4652896
48259,0.170138889,879.8448978
18145,0.097222222,1088.083753
39113,0.130208333,1024.014931
09011,0.196180556,1244.977875
06003,0.199652778,1124.345126
19023,0.152777778,881.2106823
17037,0.166666667,914.5468699
05065,0.154513889,1209.982357
27067,0.237847222,733.6848189
40073,0.21875,861.543412
45053,0.170138889,1230.461016
47073,0.131944444,1128.964328
30031,0.763888889,635.7296593
25021,0.114583333,1265.444848
21151,0.116319444,1168.249851
42081,0.362847222,1090.003688
19127,0.171875,908.5964664
40131,0.194444444,1088.679911
13079,0.081597222,1192.152554
26111,0.138888889,809.5212502
55017,0.3125,805.2611098
34007,0.064236111,1183.787832
13115,0.131944444,1320.733683
08093,0.609375,480.6532475
22123,0.098958333,1413.862802
06109,0.600694444,1147.151995
33003,0.286458333,1290.429636
06045,0.965277778,1430.440109
22025,0.190972222,1511.41782
18159,0.0625,1043.776388
46025,0.28125,595.7356782
31015,0.140625,623.6377774
21029,0.088541667,1168.235495
51790,0.003472222,977.6300049
31049,0.112847222,453.424
36015,0.102430556,938.8893236
31109,0.225694444,773.4375385
17123,0.100694444,932.4862061
13299,0.220486111,1242.522993
39139,0.126736111,1036.495754
20081,0.152777778,482.4495458
13319,0.109375,1155.332539
17199,0.112847222,1179.115077
48155,0.178819444,678.2532023
01109,0.184027778,1376.447828
39111,0.118055556,1095.209706
31055,0.098958333,788.4801711
30087,1.522569444,343.2052907
23017,0.638888889,1215.351166
27061,0.920138889,705.0593782
18017,0.104166667,1009.016331
54017,0.086805556,1193.385398
46083,0.178819444,672.9345632
01027,0.152777778,1422.171704
39077,0.133680556,991.2254551
51105,0.109375,1266.445078
06011,0.310763889,585.0649153
18053,0.104166667,1027.131004
20079,0.157986111,843.8818634
37001,0.097222222,1144.415719
42011,0.239583333,1161.707034
46109,0.347222222,610.1612518
56027,0.760416667,382.6254796
27025,0.126736111,786.159867
31161,0.659722222,450.833316
06015,0.265625,2553.53928
06095,0.225694444,516.9559988
51195,0.100694444,1262.857754
08015,0.277777778,542.8409367
28149,0.137152778,1430.727604
48327,0.213541667,652.3931701
29179,0.222222222,1189.008988
30063,0.807291667,793.5220878
05015,0.152777778,1178.911589
42089,0.171875,1307.905758
22097,0.227430556,1543.465575
28063,0.130208333,1516.115998
48473,0.125,1142.103746
37069,0.138888889,1144.086497
38023,0.378472222,378.5369263
49053,0.616319444,393.3970706
26023,0.145833333,960.1429749
19063,0.114583333,783.6015181
49011,0.171875,501.226163
38035,0.432291667,536.0208029
21201,0.03125,1126.006117
48009,0.229166667,751.8293933
54001,0.095486111,1249.940547
27081,0.168402778,685.7823681
45081,0.116319444,1166.650593
53071,0.380208333,417.91927
18119,0.104166667,1155.812166
37009,0.112847222,1263.467383
25003,0.260416667,1248.857602
08113,0.336805556,551.3410324
56031,0.598958333,384.973623
29167,0.15625,1141.334219
16005,0.328125,511.8174061
53021,0.376736111,240.2624884
25015,0.152777778,1224.401935
17201,0.145833333,896.2770226
40103,0.21875,930.2949204
22047,0.154513889,1545.172361
27049,0.225694444,830.8354638
26015,0.166666667,936.0809358
17001,0.234375,981.012963
26109,0.321180556,771.2128111
51091,0.112847222,1093.860614
08089,0.340277778,337.6968376
21087,0.079861111,1265.088262
29173,0.144097222,1012.568795
31117,0.222222222,529.9804721
47057,0.071180556,1172.766095
54077,0.178819444,1284.267957
51169,0.137152778,1173.327849
20177,0.151041667,942.6378153
31175,0.152777778,651.2054534
08017,0.472222222,401.6549633
21077,0.026041667,1107.228654
29087,0.128472222,904.2902717
39009,0.133680556,1028.005198
37099,0.128472222,1610.980947
54045,0.123263889,1188.797322
01129,0.263888889,1527.129735
54041,0.105902778,1213.191973
12079,0.168402778,1333.937319
54035,0.131944444,1098.385133
01079,0.177083333,1444.650877
12059,0.114583333,1508.701207
12113,0.279513889,1682.792545
28025,0.104166667,1412.607166
27029,0.319444444,636.26038
20091,0.138888889,1033.79875
12093,0.213541667,1197.099835
48503,0.229166667,772.5182574
05077,0.147569444,1298.947409
55021,0.237847222,878.7922608
20103,0.135416667,993.4732063
12133,0.142361111,1533.390364
38047,0.329861111,499.8753689
20201,0.248263889,797.2395092
55123,0.225694444,882.7536166
48441,0.229166667,646.7666668
36001,0.154513889,1039.651235
39039,0.116319444,913.2562693
12065,0.138888889,1421.233871
21163,0.085069444,1185.996736
28101,0.138888889,1442.557124
01099,0.246527778,1468.04021
13121,0.130208333,1307.890409
13265,0.052083333,1164.784338
36051,0.177083333,884.8678451
26069,0.184027778,774.757076
12053,0.112847222,1323.919852
55135,0.239583333,809.7307235
48049,0.223958333,751.9165115
31143,0.119791667,719.5085538
23013,0.157986111,1284.656699
27167,0.236111111,609.0259579
35023,0.876736111,344.3437819
41063,0.939236111,685.850351
05079,0.138888889,1322.375626
17139,0.102430556,1006.778136
28107,0.185763889,1410.99477
26053,0.354166667,837.1803936
33011,0.260416667,1193.168737
04007,1.215277778,527.9769574
21049,0.071180556,1154.069273
37045,0.119791667,1219.620439
48457,0.232638889,1415.201342
41049,0.628472222,367.4850007
46107,0.258680556,485.7494638
17013,0.078125,1037.505334
27139,0.100694444,787.3024155
31131,0.168402778,818.4091747
42051,0.222222222,1147.995317
08073,0.711805556,376.6891707
28077,0.098958333,1524.741759
37163,0.251736111,1209.33345
47019,0.085069444,1199.542854
39031,0.15625,1019.549662
25019,0.027777778,1056.905609
16033,0.513888889,496.037094
35003,1.734375,436.1208205
18015,0.098958333,1006.420177
51133,0.053819444,1127.279998
48189,0.270833333,503.7142978
47089,0.090277778,1139.580379
13149,0.079861111,1305.119775
48447,0.248263889,698.9122366
01077,0.192708333,1468.961261
42073,0.109375,1007.436511
35011,0.607638889,358.9190293
19097,0.196180556,915.1772553
51125,0.118055556,1195.412797
31137,0.144097222,622.9671057
17047,0.052083333,1141.529342
26039,0.166666667,840.7198931
36033,0.482638889,1093.748306
22039,0.173611111,1551.478604
17079,0.138888889,1084.162375
17103,0.196180556,923.7701783
13171,0.038194444,1221.983182
19013,0.157986111,902.9518714
48101,0.217013889,628.3406416
27063,0.194444444,750.3345544
21055,0.098958333,1201.531226
13165,0.090277778,1153.643644
46015,0.251736111,568.6135826
18043,0.038194444,1152.123186
31061,0.152777778,642.2329545
21057,0.086805556,1282.684995
48125,0.229166667,591.9936366
40149,0.28125,767.5379624
42015,0.322916667,967.0488173
21155,0.095486111,1228.733991
38099,0.425347222,516.0343263
21231,0.133680556,1299.229091
05069,0.232638889,1310.381647
17073,0.243055556,927.1344278
31113,0.152777778,572.6912523
45055,0.190972222,1103.388909
48479,0.78125,535.2039776
29185,0.1875,1115.208334
06035,1.326388889,437.6629712
16043,0.539930556,681.7919928
30071,1.616319444,317.9534695
44003,0.052083333,1231.234664
18071,0.137152778,1171.052279
21179,0.109375,1200.581903
29021,0.112847222,952.0244648
47013,0.142361111,1392.790358
46043,0.116319444,624.9832837
18021,0.090277778,1103.9975
39167,0.185763889,1083.712984
39107,0.140625,966.7344458
49001,0.682291667,373.653053
28059,0.189236111,1667.215501
13059,0.026041667,1213.173315
48481,0.262152778,1167.950068
51650,0.022569444,1192.210008
48329,0.229166667,381.9599239
20179,0.243055556,540.6464275
51595,0.001736111,1149.560059
31149,0.282986111,618.5994487
46115,0.427083333,565.5852425
39149,0.111111111,1007.843122
31183,0.171875,673.509191
54019,0.182291667,1188.866187
27059,0.145833333,793.1720247
48435,0.381944444,569.5355458
21161,0.0625,1139.697486
16047,0.215277778,273.0242738
46127,0.137152778,707.4526584
47015,0.069444444,1374.710992
55139,0.166666667,786.3325005
31083,0.152777778,613.0569305
36117,0.168402778,917.7974193
48013,0.296875,702.8335693
41071,0.227430556,1595.437021
35015,1.039930556,360.3434553
21073,0.060763889,1135.309148
48341,0.248263889,460.2507696
21097,0.079861111,1113.407821
19187,0.192708333,876.3732426
20023,0.305555556,480.0021586
17165,0.09375,1161.613143
20017,0.203125,913.811285
48107,0.229166667,564.7165916
26067,0.152777778,900.4257944
26073,0.166666667,830.0007286
30007,0.362847222,414.8150721
48331,0.253472222,912.5328787
56005,1.458333333,358.437179
13295,0.107638889,1393.686777
29169,0.145833333,1147.941549
47177,0.114583333,1353.737869
46123,0.489583333,574.5404245
01033,0.164930556,1455.323161
48373,0.270833333,1341.983844
54023,0.130208333,1045.461999
12007,0.064236111,1282.936761
13145,0.105902778,1233.005411
16057,0.307291667,796.5340124
26157,0.244791667,820.3926253
37013,0.241319444,1254.568637
48423,0.239583333,1145.094349
36049,0.378472222,1246.106837
40021,0.189236111,1205.272663
38013,0.329861111,420.1616314
51041,0.118055556,1138.004992
26161,0.215277778,876.4102409
21063,0.057291667,1124.967278
48231,0.225694444,1096.666082
18113,0.114583333,973.2860598
21195,0.208333333,1124.076415
06061,0.394097222,1199.042244
13291,0.085069444,1571.629185
39127,0.116319444,1019.224478
48121,0.244791667,980.0364536
37095,0.357638889,1324.351314
18095,0.133680556,1047.664933
42095,0.105902778,1202.125901
21199,0.177083333,1256.287259
31047,0.296875,589.9667855
36081,0.032986111,1179.779997
26071,0.383680556,769.2029408
48267,0.321180556,662.8744325
48371,1.159722222,364.6593264
39043,0.086805556,915.8344043
37067,0.114583333,1125.087724
27041,0.208333333,659.3314153
46077,0.265625,632.9060789
55097,0.25,810.6273596
51159,0.053819444,1113.528714
42085,0.185763889,1057.908782
26113,0.1875,822.2235175
26025,0.21875,927.5955583
20185,0.217013889,686.7571216
01069,0.140625,1397.378641
16081,0.125,687.9662522
13127,0.123263889,1256.514513
37119,0.138888889,1106.593753
38093,0.673611111,498.0175262
48491,0.279513889,882.6799392
19009,0.121527778,868.1218584
31025,0.170138889,815.8980626
38087,0.390625,372.0813336
42117,0.309027778,962.2594375
13077,0.112847222,1278.515848
18183,0.085069444,978.7849009
31121,0.135416667,708.1250008
48191,0.215277778,591.2001604
46053,0.314236111,630.9751395
05145,0.255208333,1265.977347
55035,0.177083333,834.1518632
38001,0.291666667,401.9352969
01061,0.147569444,1466.686241
26159,0.190972222,978.4259999
31043,0.079861111,725.8928249
42111,0.279513889,1126.414223
17151,0.104166667,1220.224166
40025,0.460069444,434.0058109
51161,0.067708333,1121.011786
13247,0.03125,1258.727227
30027,1.336805556,414.5842205
48169,0.225694444,545.7826928
46135,0.170138889,674.1954065
51057,0.083333333,1105.892705
28071,0.189236111,1451.188808
20173,0.256944444,860.1466873
08029,0.284722222,480.4535353
37187,0.121527778,1273.126857
18157,0.138888889,983.5318733
30003,1.477430556,406.4836312
40095,0.105902778,1048.968199
30085,0.734375,333.4796218
17043,0.088541667,950.1521618
12035,0.119791667,1298.895649
13151,0.078125,1247.677116
05103,0.185763889,1353.390091
28047,0.147569444,1660.991879
48465,0.784722222,493.8244025
48243,0.557291667,412.2461677
27023,0.171875,680.8599009
46057,0.145833333,627.187383
22099,0.196180556,1562.774247
42105,0.28125,1068.936421
51011,0.090277778,1117.550192
18011,0.114583333,1052.651976
27087,0.166666667,641.7277082
29083,0.194444444,1116.820892
48315,0.109375,1252.152861
51187,0.060763889,1040.309147
53035,0.178819444,1157.385338
13201,0.085069444,1327.476331
31171,0.21875,568.544762
18101,0.092013889,1198.942636
29161,0.1875,1163.95185
20059,0.152777778,1002.069891
18023,0.111111111,1028.528749
28079,0.15625,1409.947781
37113,0.130208333,1678.532397
29105,0.206597222,1123.745296
01015,0.152777778,1346.088298
06007,0.458333333,1144.027159
18013,0.088541667,1173.841179
27053,0.177083333,804.5997063
36123,0.109375,878.1598394
48333,0.184027778,763.8850938
47131,0.161458333,1307.691502
31177,0.111111111,779.1362543
12125,0.0625,1305.296112
39161,0.109375,943.6725396
08099,0.416666667,407.2847912
28027,0.157986111,1354.153522
37005,0.055555556,1297.767811
53057,0.565972222,2128.748809
17021,0.1875,991.5708347
06019,1.578125,580.9685156
19019,0.152777778,921.466593
37155,0.243055556,1184.723141
06077,0.371527778,377.973271
21159,0.057291667,1142.00212
29186,0.135416667,1113.281791
31069,0.484375,452.4356978
48197,0.168402778,688.2580422
05083,0.189236111,1268.674402
49039,0.449652778,522.7019671
27065,0.15625,768.3361125
23005,0.293402778,1236.167693
48317,0.225694444,430.5673847
29061,0.161458333,986.6766672
21237,0.057291667,1202.935761
42013,0.140625,1044.305058
30077,0.708333333,663.6944625
27101,0.194444444,721.8333026
27147,0.111111111,838.4571905
08101,0.638888889,359.3666041
55059,0.09375,889.519815
55131,0.142361111,847.4093866
31163,0.152777778,665.178978
06005,0.163194444,921.3297885
48415,0.248263889,555.7363644
26045,0.152777778,873.1273852
46049,0.277777778,525.4160616
13269,0.09375,1205.70482
37157,0.147569444,1136.04541
17095,0.190972222,949.8621815
39125,0.130208333,914.4019995
40099,0.105902778,1007.812133
27157,0.163194444,857.0986153
17155,0.053819444,911.3380659
48117,0.401041667,485.5912556
20135,0.260416667,560.0865348
20099,0.189236111,1110.185597
55101,0.098958333,871.8910544
36109,0.130208333,997.1321338
29127,0.119791667,995.9392718
47077,0.128472222,1363.530402
51199,0.034722222,1194.7375
01013,0.203125,1427.888718
13067,0.081597222,1322.964036
24027,0.065972222,1124.556046
40153,0.342013889,664.8263959
49031,0.215277778,452.7487104
04012,1.112847222,161.6722155
16039,0.878472222,532.8560674
28135,0.152777778,1414.098522
21017,0.076388889,1156.740218
06091,0.253472222,1323.160544
17031,0.269097222,968.520192
36027,0.223958333,1170.332793
48001,0.265625,1143.501565
45017,0.097222222,1160.335358
42029,0.203125,1192.865472
49021,0.878472222,384.479526
30095,0.545138889,466.172229
47155,0.151041667,1395.580687
48037,0.225694444,1274.809232
51089,0.097222222,1160.334462
25011,0.199652778,1252.970612
50009,0.197916667,1160.186058
30013,0.828125,428.9291617
17181,0.109375,1209.449529
29101,0.225694444,1082.264845
47111,0.081597222,1327.500849
39037,0.15625,994.1116659
29085,0.107638889,1111.384203
37173,0.144097222,1554.705546
40081,0.248263889,980.8531486
18117,0.109375,1202.295083
17163,0.180555556,1062.894618
29225,0.149305556,1149.731509
51025,0.144097222,1159.540839
29027,0.223958333,1095.217362
31013,0.291666667,406.5839876
42099,0.157986111,1096.680117
37033,0.109375,1134.968103
35007,0.942708333,479.2361143
39017,0.121527778,1037.183723
51117,0.177083333,1117.911762
56033,0.736111111,461.4897647
01105,0.178819444,1345.342427
04013,2.329861111,240.8181071
21177,0.130208333,1251.333994
26093,0.154513889,827.6738172
31159,0.171875,741.9000016
29073,0.145833333,1150.437023
40037,0.232638889,1045.138061
42063,0.223958333,1157.104962
48453,0.246527778,852.2089435
46089,0.333333333,514.6939068
48365,0.196180556,1285.96283
06101,0.170138889,524.254284
20027,0.15625,783.6081116
26125,0.262152778,831.1548991
38077,0.446180556,595.7057614
48499,0.180555556,1122.243082
55117,0.140625,841.4907377
06079,0.854166667,452.0415033
18073,0.149305556,975.8972076
08123,1.114583333,362.9896421
21061,0.083333333,1283.543126
31077,0.166666667,668.8556245
10003,0.126736111,1117.156436
25027,0.447916667,1220.184071
23015,0.152777778,1220.005454
51143,0.262152778,1128.941786
29107,0.166666667,1052.025627
29133,0.112847222,1252.774617
05019,0.220486111,1363.724408
46093,0.989583333,442.4872626
38027,0.196180556,498.5669915
25007,0.046875,1226.198147
05139,0.244791667,1388.129718
37019,0.243055556,1404.050286
13011,0.053819444,1308.796446
08077,0.892361111,454.568482
13195,0.067708333,1225.970769
13283,0.048611111,1156.58929
55073,0.440972222,812.2037012
01001,0.142361111,1370.549757
31029,0.236111111,482.7709562
20143,0.215277778,755.211856
06055,0.222222222,859.2804675
40137,0.243055556,922.9743565
48063,0.052083333,1166.102002
51045,0.081597222,1110.064257
54021,0.097222222,1178.96036
48227,0.208333333,495.66975
51085,0.121527778,1111.104147
46129,0.237847222,468.4316789
08067,0.444444444,600.5991018
39159,0.126736111,965.0078083
42005,0.175347222,1061.851485
21089,0.095486111,1072.947633
13293,0.083333333,1223.433754
05017,0.164930556,1372.295681
08023,0.335069444,425.8497916
16029,0.493055556,565.3862334
27163,0.126736111,825.008356
27011,0.164930556,615.7725271
04025,2.111111111,419.7152307
40045,0.333333333,620.3201564
18127,0.121527778,996.9068604
06001,0.197916667,508.2194736
16059,1.359375,575.8545849
24013,0.123263889,1105.268869
38059,0.588541667,438.9431859
51107,0.135416667,1042.531923
24031,0.138888889,1083.242249
37167,0.104166667,1160.397339
48109,0.942708333,333.2233151
21109,0.085069444,1259.122446
51077,0.125,1130.019997
20109,0.305555556,475.3643187
17125,0.151041667,968.3299996
39137,0.135416667,907.827179
08039,0.479166667,440.7625728
39153,0.119791667,966.8005805
13139,0.112847222,1391.14769
48469,0.215277778,1006.475239
39035,0.128472222,1016.646764
48351,0.241319444,1464.848706
01117,0.203125,1402.373249
17153,0.057291667,1231.599095
39001,0.15625,1107.708998
13167,0.072916667,1163.112383
40119,0.177083333,962.1483328
19065,0.190972222,929.0937267
35013,0.942708333,278.8116209
54007,0.135416667,1234.926537
26099,0.151041667,848.0080419
51115,0.027777778,1163.51001
32005,0.208333333,428.0403332
29163,0.180555556,990.4096146
19079,0.154513889,887.5250573
19027,0.171875,856.1714157
13073,0.079861111,1148.020216
