tribe,time,avg_amen_rank_t1,avg_amen_rank_t2,avg_lat_t1,avg_lon_t1,avg_lat_t2,avg_lon_t2,mid_lat_t1,mid_lon_t1,mid_lat_t2,mid_lon_t2,n_record,n_unique_FIPS_t1,n_unique_FIPS_t2,avg_dist,mid_dist
Absentee-Shawnee,Time 1 and 2,2.8085106382978724,4,39.78914364951653,-85.1792068049374,35.3208672789124,-97.22721565365376,39.85742223407962,-85.223087580605707,35.3210308644025,-97.22696049791912,423,141,3,1172.5013880314877,1171.770250620682
Acoma Pueblo,Time 1 and 2,5.25,5,34.604981701621924,-107.89870472550346,34.91209140624164,-107.99854494922448,34.60634630300285,-107.89685219379191,34.91209140624164,-107.99854494922448,4,4,1,35.385666495210714,35.28318576304936
Alsea,Time 1 and 2,5.3125,6,44.9715626422259,-122.72084897047954,44.643632533367416,-123.86989375466999,44.974266263174286,-122.71931611484038,44.643632533367416,-123.86989375466999,16,16,1,97.8159170409003,98.03884840867079
Apache,Time 1 and 2,4.367021276595745,4.615384615384615,33.59972397364179,-102.92903595650516,34.44050665095398,-104.01349741822624,33.66831410588344,-102.890852653018,34.60104051162518,-104.02946453133488,2444,188,13,137.0088522100673,147.60393513530772
Appalachicola,Time 1 and 2,3,3.6363636363636362,37.242864376159396,-91.63764829627308,35.7243807364866,-95.89698607301811,37.35867210059015,-91.69544667979223,35.72515255133145,-95.89833090032191,154,14,11,416.96698839602294,417.50816293582034
Arapaho,Time 1 and 2,3.965217391304348,3.5454545454545454,40.51498980079203,-103.14248322785167,37.11117654795858,-100.68786689409552,40.53760173971785,-103.1050403549856,37.16403704401416,-100.53145060177806,1265,115,11,434.5838218004979,436.76881743038797
Arikara,Time 1 and 2,3.2083333333333335,3.1666666666666665,46.677480788540926,-103.70893621183252,47.74137434255846,-102.17700990409207,46.68803850316789,-103.7194187537045,47.74352029609648,-102.1774194941615,144,24,6,165.66370331814502,165.52143873089472
Assiniboine,Time 1 and 2,3,3,47.87537760360111,-105.27524669749505,48.47840934472553,-106.4326204187821,47.879777846296385,-105.27628904437383,48.48934557599931,-106.43561709491672,60,10,6,109.02757712629133,109.58079231774722
Bannock,Time 1 and 2,4.2,4.25,43.260160755366094,-112.59078356047407,42.838471285840114,-112.25531098713263,43.262780144005056,-112.5813012964357,42.83939302612489,-112.2552278353166,20,5,4,54.29841319822953,54.08241940278616
Blackfeet,Time 1 and 2,4,5.5,47.707321306284065,-109.17558663310199,48.46714862549618,-112.60963680115475,47.74000907452328,-109.17933986650435,48.467787417957084,-112.60782793867763,56,28,2,268.97565279096807,267.40301376498695
Caddo,Time 1 and 2,3.75,3.3333333333333335,32.65751012713761,-93.7806820946917,35.42332702309272,-98.44500720193628,32.6575644754687,-93.78044170073534,35.42411148158484,-98.44452772601393,24,4,6,528.9605470127811,528.9881624820057
Cahuilla,Time 1 and 2,6,6.333333333333333,35.10809124624373,-118.09146749218576,33.27324444569172,-116.03230082295606,35.12040992747833,-118.06221502026007,33.274501383159475,-116.03241617050304,33,11,3,278.6803693559723,277.7475366675432
Catawba,Time 1 and 2,3.3958333333333335,4,34.82977503905896,-79.15872403162425,34.97296727135416,-81.18086967137555,34.834604682585635,-79.1600096898294,34.97296727135416,-81.18086967137556,48,48,1,185.30019372104448,185.13235596358143
Cayuga,Time 1 and 2,2.7142857142857144,3.25,41.515460038352394,-81.50597180158422,39.56392131728573,-86.75578491935133,41.58019923379946,-81.53393657510009,39.84232956379448,-87.09983979469467,280,70,4,494.2886202927468,507.8133932891219
Cayuse,Time 1 and 2,4.3,4,45.63060823191474,-118.36325464796548,45.451542136365475,-118.37092591259952,45.63333823459358,-118.3639405014674,45.452120640481986,-118.37001453257419,20,10,2,19.942517807159838,20.178608030045222
Chehalis,Time 1 and 2,5.1,5.5,46.58782428293436,-122.8562991419305,47.09402536235266,-123.47515150078497,46.58949408373798,-122.85419367932043,47.09466017704146,-123.4749622373057,40,10,4,73.45617877561541,73.46097850617159
Chemehuevi,Time 1 and 2,5.6,5.5,34.85063317495826,-114.98415176938849,34.508761792139076,-114.97695171787471,34.854699818101224,-114.9866668785456,34.51379489097723,-114.98023140280533,20,5,4,38.06265544884902,37.95393484249906
Cherokee,Time 1 and 2,3.722513089005236,3.9375,35.60827143773457,-87.37392745064776,36.08260237127257,-93.7954649467886,35.699164299926565,-87.34103034869689,36.14887615637172,-93.78918005855478,3056,191,16,581.7438656081474,583.317879994037
Chetco,Time 1 and 2,5.368421052631579,6,44.60782432536522,-122.91088471412925,44.643632533367416,-123.86989375466999,44.61103667626988,-122.91576161253434,44.643632533367416,-123.86989375466999,19,19,1,76.08371791406664,75.67779807346302
Cheyenne,Time 1 and 2,4.083333333333333,3.3636363636363638,39.756300741001844,-103.11264560589765,37.556560460995996,-100.4286343813245,39.78253479644643,-103.07134866170452,37.59108067065505,-100.24980352458307,1056,96,11,338.1990634848635,345.82646839262577
Chickasaw,Time 1 and 2,3.473684210526316,4,35.04597621958211,-91.2035541612742,34.25653458883781,-97.45523647747295,35.12595566721413,-91.2096786607443,34.25695988580568,-97.45519884590522,570,114,5,579.0989119442428,579.6766333668197
Chinook,Time 1 and 2,5.2592592592592595,5.75,45.710446187979706,-122.86810704379998,46.52254871892788,-123.73532356712997,45.712888879712175,-122.8620879869532,46.52266181077457,-123.73733342536912,108,27,4,112.4746748406969,112.63578210354144
Chippewa,Time 1 and 2,2.6631853785900783,2.5365853658536586,43.05973219511881,-89.13391570440469,46.877327076660535,-93.28583862605817,43.24252441883183,-88.94310809639191,47.00823941553809,-93.18618384308239,15703,383,41,536.0480663865455,535.3530930756324
Chiricahua Apache,Time 1 and 2,5.191489361702128,4,33.63521178582185,-106.27288278640233,35.17431327622011,-98.37540913629047,33.66287795068334,-106.26241988196332,35.17431327622011,-98.37540913629046,47,47,1,745.0816660719236,743.3292240593187
Choctaw,Time 1 and 2,3.488,3.875,33.431365031621,-92.30890896571209,33.92019450570627,-93.77026852023054,33.48666536213386,-92.26506673558939,33.95296555210646,-93.74284066301708,2000,125,16,145.9038436115102,146.34242455314353
Chukchansi,Time 1 and 2,6.375,6.5,36.935309310310174,-120.18623853027952,38.32855934519696,-121.57838036473572,36.94244895771186,-120.18276048183097,38.342512127036095,-121.55054851201875,32,16,2,197.7754858054031,197.03939372543388
Clatsop,Time 1 and 2,5.2,6,45.53534538763617,-122.79821517566512,44.643632533367416,-123.86989375466999,45.537702510602045,-122.79475902418213,44.643632533367416,-123.86989375466999,25,25,1,130.1795984310063,130.55426453910815
Cochiti Pueblo,Time 1 and 2,5,5,35.69008867730724,-106.869263410228,35.599274923012125,-106.42335267820496,35.690088677307244,-106.86926341022799,35.60009622812821,-106.42284668485154,2,1,2,41.58602938820287,41.608123009736325
Cocopah,Time 1 and 2,5,5,32.770923055420205,-113.90662066089396,32.770923055420205,-113.90662066089396,32.770923055420205,-113.90662066089395,32.770923055420205,-113.90662066089395,1,1,1,0,0
Coeur D'Alene,Time 1 and 2,4.5,5,47.26466785468364,-116.81555241514765,47.44572916609265,-116.68039194743213,47.26593588003161,-116.81594012746811,47.44573121453595,-116.68029790042701,12,6,2,22.586405936555064,22.47718959124167
Colorado River,Time 1 and 2,5.5,5,34.508761792139076,-114.97695171787471,33.730211057483814,-113.98043201338781,34.51379489097723,-114.98023140280533,33.730211057483814,-113.98043201338781,4,4,1,126.27363825543847,126.87614875316416
Colville,Time 1 and 2,4.25,4,48.04520625381222,-118.9451825903731,48.299275691311195,-119.62406757311574,48.049905269413536,-118.94927559455158,48.30250437137507,-119.62790669225816,24,8,3,57.79245545585952,57.692673313605226
Comanche,Time 1 and 2,3.967032967032967,3.875,33.440692062142716,-100.36308297015391,34.62848800381625,-98.33576099460237,33.45128679781773,-100.34738249508976,34.629239023536094,-98.33545688636751,1456,182,8,229.03336780730515,227.23110952074887
Concow,Time 1 and 2,6,7,39.74504801563042,-122.40948874406006,39.44070848713343,-123.39124871176772,39.74741145013811,-122.41094181092646,39.440708487133435,-123.39124871176772,3,3,1,90.77561764372652,90.7573028398334
Coos,Time 1 and 2,5.380952380952381,6,44.50599166022255,-122.94787734684198,43.9094809185336,-123.96467399569416,44.509088221228275,-122.95188052096199,43.909520081211795,-123.96584314270268,42,21,2,104.84332894680509,104.8830098448536
Copalis,Time 1 and 2,5,5,46.5376258239211,-122.93575509599503,47.03543896295689,-123.30585866734634,46.53920758073547,-122.93268555210618,47.03642780748776,-123.30491271674522,18,9,2,62.183277670501916,62.197822962781544
Coquille,Time 1 and 2,5.4,6,44.609614735765334,-122.95883516615629,43.9094809185336,-123.96467399569416,44.61285544284363,-122.96345166270406,43.909520081211795,-123.96584314270268,40,20,2,111.82402295207716,111.8746303572745
Cowlitz,Time 1 and 2,4.8,5.5,46.55271916982803,-122.39151927310611,47.44591426113533,-123.67146791487775,46.55321017566974,-122.39082208231314,47.44596786645424,-123.67211089309416,10,5,2,139.02577448945547,139.06175617226992
Creek,Time 1 and 2,3.525252525252525,3.5833333333333335,32.8644202326206,-86.22212554770687,35.34116287349724,-95.1688362743584,32.90593440662615,-86.16887510000419,35.367250686534106,-95.13608048807825,1188,99,12,869.1468515688572,870.0822384187838
Crow,Time 1 and 2,4.166666666666667,3.6666666666666665,46.45375715582364,-108.54107232068891,45.858946818850974,-107.67593373915756,46.480912198448955,-108.53718929094644,45.85974776649405,-107.67602922134468,144,48,3,93.99168956284467,95.85646001586281
Cupeno,Time 1 and 2,6,6.5,35.10809124624373,-118.09146749218576,33.389811102174036,-116.36500334456439,35.12040992747833,-118.06221502026007,33.390365119431735,-116.3665166057913,22,11,2,248.63586577412505,247.8456707681636
Diegueno,Time 1 and 2,6.333333333333333,7,33.27324444569172,-116.03230082295606,33.03592730592484,-116.73670758764123,33.274501383159475,-116.03241617050304,33.03592730592483,-116.73670758764125,3,3,1,70.76418751925003,70.8061404453856
Duwamish,Time 1 and 2,5.125,5.5,48.18812356428402,-121.62931075118632,47.26594799210715,-121.98788369736602,48.192176850297955,-121.63033809386026,47.26605022753965,-121.98853923876716,16,8,2,106.10906948327212,106.52735890682685
Flathead,Time 1 and 2,4.470588235294118,4.5,47.168776262258476,-113.95814211540332,47.66570879099508,-114.29966839225334,47.17629365198424,-113.94085548408684,47.666736504517154,-114.2992121559943,68,17,4,61.007280647057264,60.90317926840279
Galice,Time 1 and 2,5.3125,6,44.9715626422259,-122.72084897047954,44.643632533367416,-123.86989375466999,44.974266263174286,-122.71931611484038,44.643632533367416,-123.86989375466999,16,16,1,97.8159170409003,98.03884840867079
Goshute,Time 1 and 2,4.6,4.666666666666667,39.9649097949281,-113.85447130889212,39.86610593275841,-113.60371554318102,39.96969405137801,-113.84901013278734,39.86981411266823,-113.60703338249553,15,5,3,24.06974374147952,23.460924644075522
Gros Ventre,Time 1 and 2,3.64,4,47.23915309966497,-106.62037915378285,48.349805585885576,-108.43470455633295,47.29759228362902,-106.60072263944933,48.350991154917416,-108.43382806393468,100,50,2,183.55426501738208,180.32887644492345
Havasupai,Time 1 and 2,6,6,35.78149162554778,-112.76362113151325,35.84693038989309,-111.77154274524158,35.7855659638218,-112.76443785627653,35.84693038989309,-111.77154274524159,2,2,1,89.85135274727034,89.8869397693105
Hidatsa,Time 1 and 2,3.142857142857143,3.1666666666666665,46.85868299761339,-103.3976872559735,47.74137434255846,-102.17700990409207,46.87116759131316,-103.4119755994374,47.74352029609649,-102.1774194941615,168,28,6,134.70781784862749,134.58504608454027
Hopi,Time 1 and 2,5.333333333333333,5.2,34.82603764089007,-110.44486210748207,34.71602813907484,-113.64920665872623,34.83049291316598,-110.43190747174033,34.737694744951284,-113.6656709180611,15,3,5,293.25501548088914,295.82262520843324
Hualapai,Time 1 and 2,6,6,35.38830542806895,-112.69391784423274,35.38830542806895,-112.69391784423274,35.39104231298174,-112.69377635791268,35.39104231298174,-112.69377635791268,9,3,3,0,0
Humptulips,Time 1 and 2,5,5,46.5376258239211,-122.93575509599503,47.03543896295689,-123.30585866734634,46.53920758073547,-122.93268555210618,47.03642780748776,-123.30491271674522,18,9,2,62.183277670501916,62.197822962781544
Hupa,Time 1 and 2,6,7,41.172736541305724,-123.35699497051607,40.70280018457289,-123.875776967048,41.17412253254108,-123.35757679801361,40.70280018457289,-123.875776967048,4,4,1,68.11642231660211,68.20342177300131
Iowa,Time 1 and 2,2.594059405940594,3.3333333333333335,41.58837193335361,-93.99815380964476,37.14476153865407,-96.56878016183046,41.599642067838595,-94.00857169576906,37.147817687392106,-96.59065083423003,606,101,6,541.8073102654905,543.0345795442724
Isleta Pueblo,Time 1 and 2,5,5,34.88437590602641,-106.74042276500963,35.05181423273406,-106.6703874154021,34.884395987434786,-106.74056546077269,35.05181423273406,-106.6703874154021,2,2,1,19.70368332050212,19.705793457161597
Jicarilla Apache,Time 1 and 2,5.177777777777778,5.5,33.789445062793455,-106.18436823874599,36.10116432869452,-106.7814401045556,33.817680101186504,-106.16946672900485,36.101196371234444,-106.78189960862427,90,45,2,263.04153660795566,260.2660982784148
Kalapuya,Time 1 and 2,5.352941176470588,5.333333333333333,44.823869728053765,-122.80536066569555,44.92690411691932,-123.53043774700905,44.82695391009037,-122.80732483445188,44.92716376695403,-123.53137387933442,51,17,3,58.33670923403177,58.194482691350544
Kalispel,Time 1 and 2,4.523809523809524,4.6,47.338266119723656,-114.59635104580629,47.839459013694714,-114.89457806604686,47.35204301767295,-114.57324994209682,47.84637085065609,-114.88611260285666,105,21,5,60.117634738953036,59.83004280902953
Kaskaskia,Time 1 and 2,2.7564102564102564,3,39.59645571249445,-85.95354019284714,36.835506103148504,-94.81012266163275,39.64366246670369,-85.98050963408652,36.83550610314852,-94.81012266163275,156,156,1,832.8864661827963,832.4168980819081
Kaw,Time 1 and 2,2.875,3,39.42085330602757,-97.56425355344864,36.818238499235235,-97.14414358482526,39.43480718578874,-97.56842014166065,36.81823849923523,-97.14414358482524,64,64,1,292.04743302298897,293.633934981338
Kickapoo,Time 1 and 2,2.6748466257668713,3.6,39.70225436709241,-86.39621116657489,35.006343686952974,-97.42354734600357,39.76797723256704,-86.42753684272675,35.018126492688,-97.48863117362208,815,163,5,1105.8338878058432,1110.8435098408595
Kikiallus,Time 1 and 2,6,6,48.48200641388233,-121.76603961090473,48.48200641388233,-121.76603961090473,48.48200641388232,-121.76603961090473,48.48200641388232,-121.76603961090473,1,1,1,0,0
Kiowa,Time 1 and 2,3.967032967032967,3.875,33.440692062142716,-100.36308297015391,34.62848800381625,-98.33576099460237,33.45128679781773,-100.34738249508976,34.629239023536094,-98.33545688636751,1456,182,8,229.03336780730515,227.23110952074887
Klamath,Time 1 and 2,5.615384615384615,6,42.54707173977471,-121.66511636476699,42.69253494831058,-121.65009313344926,42.558720707707124,-121.68632732576859,42.69253494831057,-121.65009313344925,13,13,1,16.23958657736916,15.1889128446539
Klickitat,Time 1 and 2,5.3125,6,44.9715626422259,-122.72084897047954,44.643632533367416,-123.86989375466999,44.974266263174286,-122.71931611484038,44.643632533367416,-123.86989375466999,16,16,1,97.8159170409003,98.03884840867079
Kootenai,Time 1 and 2,4.470588235294118,4.6,47.168776262258476,-113.95814211540332,47.88606497964885,-114.73236658454306,47.17629365198424,-113.94085548408684,47.890099514725925,-114.72457167320138,85,17,5,98.8043661707496,98.91066390655989
Laguna Pueblo,Time 1 and 2,5,5,35.092732973900425,-107.08716347236793,35.092732973900425,-107.08716347236793,35.09389101072177,-107.08769123697988,35.09389101072177,-107.08769123697988,16,4,4,0,0
Lenape,Time 1 and 2,2.8093023255813954,3.4285714285714284,39.8871224472807,-83.97058695489785,35.60775892908255,-98.08216872959616,40.01947549921413,-84.0166171500047,35.611650609187095,-98.08689094301789,1505,215,7,1328.4907473257344,1329.2066718247972
Little Lake,Time 1 and 2,6,7,39.7835152096966,-122.8139779221612,39.44070848713343,-123.39124871176772,39.78494520656635,-122.81685402859323,39.440708487133435,-123.39124871176772,2,2,1,62.5063818381537,62.40843199759458
Luiseno,Time 1 and 2,6.142857142857143,6,35.07490549454633,-117.23489303170683,33.87490351859829,-116.30279430932245,35.08150583745228,-117.1790631610466,33.87530377736968,-116.30451893595966,21,7,3,158.62086665434512,156.42672347115524
Lummi,Time 1 and 2,5.5,6,48.712320240097185,-122.35826225967679,48.82259548192162,-121.74907349928452,48.71392595721135,-122.35959750214863,48.82259548192161,-121.74907349928452,2,2,1,46.35264528585205,46.39951119571729
Maidu,Time 1 and 2,6.105263157894737,6,38.10652937322885,-120.6825001451778,39.70785699779645,-120.90589379547168,38.11004569686855,-120.67381957158862,39.70889483326598,-120.90579635661598,57,19,3,179.306075072763,179.1135882598574
Makah,Time 1 and 2,6,6,48.04792268112444,-123.92308680661873,48.04792268112444,-123.92308680661873,48.04792268112443,-123.92308680661873,48.04792268112443,-123.92308680661873,1,1,1,0,0
Mandan,Time 1 and 2,3.142857142857143,3.1666666666666665,46.85868299761339,-103.3976872559735,47.74137434255846,-102.17700990409207,46.87116759131316,-103.4119755994374,47.74352029609649,-102.1774194941615,168,28,6,134.70781784862749,134.58504608454027
Maricopa,Time 1 and 2,5.4,6,32.530402096750684,-112.07594463301429,33.35132079608014,-112.49095222756152,32.5348801466973,-112.07178391229958,33.35132079608014,-112.49095222756152,5,5,1,99.26846761665394,98.9625292615904
Mdewakanton Sioux,Time 1 and 2,2.8780487804878048,2,43.53325190572033,-97.80132020329891,44.649161619713574,-93.53334114784974,NaN,NaN,44.649161619713574,-93.53334114784975,164,164,1,363.09130611071066,NaN
Me-Wuk,Time 1 and 2,6.296296296296297,6.666666666666667,37.76606068557904,-120.7103019817453,38.417046641160226,-120.55457020128367,37.784798344316755,-120.6729218331896,38.42268206022728,-120.54867703043693,162,27,6,73.74060692485848,71.83806952807618
Menominee,Time 1 and 2,2.4838709677419355,2.3333333333333335,44.74305225677635,-89.36291116118066,44.62092188770978,-88.70634633563766,44.767379140039544,-89.34182861498748,44.62093421750601,-88.70608862837672,93,31,3,53.71619332532386,52.88375192634817
Mescalero Apache,Time 1 and 2,5.127659574468085,5,33.600533396796905,-105.95105212834565,33.18148969254358,-105.60037093981546,33.62903981527117,-105.93414577857412,33.181570140636836,-105.60128639898218,94,47,2,56.90658459649133,58.63482608584042
Miami,Time 1 and 2,2.610091743119266,3,39.69167605193903,-86.09574495454028,36.835506103148504,-94.81012266163275,39.72817224912629,-86.11700221087123,36.83550610314852,-94.81012266163275,218,218,1,824.905954304424,824.5905710145995
Miccosukee,Time 1 and 2,4.787878787878788,6,28.99605334331551,-82.73298842845828,26.151991442612147,-80.48725420858975,NaN,NaN,NaN,NaN,134,67,2,386.42111180626733,NaN
Mission,Time 1 and 2,6,6.5,35.10809124624373,-118.09146749218576,33.389811102174036,-116.36500334456439,35.12040992747833,-118.06221502026007,33.390365119431735,-116.3665166057913,22,11,2,248.63586577412505,247.8456707681636
Missouria,Time 1 and 2,2.607843137254902,3,41.21475558596733,-95.46310599222942,36.3537244431752,-96.9663571395767,41.221475113163464,-95.47249329630155,36.35401239646632,-96.9662352136,102,51,2,556.6006518108383,557.1029629548282
Modoc,Time 1 and 2,5.583333333333333,4.5,42.4858592125932,-121.53986479149302,39.76402052572954,-108.230107897541,42.4976019874243,-121.56436139693695,40.54432824756012,-107.64818741032427,24,12,2,1155.095549634964,1178.6477175202522
Mohave,Time 1 and 2,5.6,5.5,34.85063317495826,-114.98415176938849,34.508761792139076,-114.97695171787471,34.854699818101224,-114.9866668785456,34.51379489097723,-114.98023140280533,20,5,4,38.06265544884902,37.95393484249906
Mohawk,Time 1 and 2,3.193548387096774,3,41.9065025308678,-79.55429561453225,44.591934442686906,-74.29918470469438,41.948410448679155,-79.52067214827042,44.5919344426869,-74.29918470469438,31,31,1,520.3320357718158,515.3110341731225
Mohican,Time 1 and 2,2.3529411764705883,2,41.50848158563856,-83.28919631650183,44.7892849871154,-88.76471503798749,41.53295014682715,-83.24179631978387,44.789284987115394,-88.76471503798749,17,17,1,575.2186050374403,576.410872634326
Molalla,Time 1 and 2,5.3125,5.333333333333333,44.9715626422259,-122.72084897047954,44.92690411691932,-123.53043774700905,44.974266263174286,-122.71931611484041,44.927163766954024,-123.53137387933442,48,16,3,63.976206084053345,64.19013859109302
Mono,Time 1 and 2,6,6.333333333333333,36.607489549939736,-119.00695415317551,37.305692086655284,-119.43291277088521,36.615014902288834,-118.99663586509284,37.306321063797974,-119.43509938802086,27,9,3,86.46745499491024,86.27422976222735
Muckleshoot,Time 1 and 2,5.5,5.5,47.553508105736384,-122.08405873751344,47.26594799210715,-121.98788369736602,47.55406413602589,-122.08477292925615,47.26605022753965,-121.98853923876716,8,4,2,32.82076125999753,32.870997284902174
Nambe Pueblo,Time 1 and 2,5,5,35.50846116871701,-105.97744194618194,35.50846116871701,-105.97744194618194,35.50846116871702,-105.97744194618194,35.50846116871702,-105.97744194618194,1,1,1,0,0
Narragansett,Time 1 and 2,4.166666666666667,5,41.77448965550401,-71.53808679490186,41.4794256910604,-71.61723786831917,41.77469110211298,-71.53740404462162,41.4794256910604,-71.61723786831917,6,6,1,33.500163226869404,33.53335674035242
Navajo,Time 1 and 2,5.25,5,35.76656468376964,-109.70439668484663,34.87107172368663,-110.78430919897657,35.807902476584204,-109.7219963823117,34.929111521999296,-110.80714409123746,160,20,8,139.85066935902168,138.8256606411285
Nez Perce,Time 1 and 2,4.391304347826087,4.25,46.000272582321664,-116.69757479366487,46.27177016772168,-116.0769994499731,46.09832079457083,-116.54839096288946,46.273003687669004,-116.07648155521066,92,23,4,56.61246121215837,41.241662757747505
Nipmuc,Time 1 and 2,3.3333333333333335,4,42.47302215869538,-71.96060245188046,43.93899383547159,-71.82028745175599,42.47406312725327,-71.96024509410086,43.93899383547159,-71.82028745175599,3,3,1,163.5878108590253,163.4701887674684
Nisqually,Time 1 and 2,5.6,5,47.400602973786405,-122.94466775115846,46.92953910706653,-122.82920548929005,47.402130104864604,-122.9412579129369,46.92953910706653,-122.82920548929006,5,5,1,53.161728494957885,53.287723799853396
Nooksack,Time 1 and 2,6,6,48.82259548192162,-121.74907349928452,48.82259548192162,-121.74907349928452,48.82259548192161,-121.74907349928452,48.82259548192161,-121.74907349928452,1,1,1,0,0
Omaha,Time 1 and 2,2.588235294117647,3,42.125578526135776,-94.90042821706345,42.104904582794674,-96.24955927498661,42.13773046603399,-94.90874183056673,42.10527487601674,-96.24931758805167,170,85,2,111.42915253605048,110.74694743124286
Oneida,Time 1 and 2,3.193548387096774,2.6666666666666665,41.9065025308678,-79.55429561453225,44.03783047474753,-83.96896462566362,41.94841044867914,-79.52067214827042,44.19799877630048,-83.91982849722152,93,31,3,430.7024580189152,436.5665967293785
Onondaga,Time 1 and 2,3.193548387096774,2,41.9065025308678,-79.55429561453225,43.005292940386944,-76.19978207668346,41.948410448679155,-79.52067214827042,43.005292940386944,-76.19978207668346,31,31,1,301.41206594783404,296.9293983924172
Osage,Time 1 and 2,3.4,4,37.2283471663002,-94.61052330342105,36.6297633774545,-96.39647435256578,37.27801287876929,-94.62009212887419,36.6297633774545,-96.39647435256578,250,250,1,172.3255943995976,173.71584432426377
Otoe,Time 1 and 2,2.4814814814814814,3,41.83436452155559,-94.76186745875916,36.3537244431752,-96.9663571395767,41.84545660852358,-94.7805577661901,36.35401239646632,-96.9662352136,162,81,2,639.0737460909409,639.7367888653444
Ottawa,Time 1 and 2,2.7164750957854404,3.75,41.468938008368134,-86.54989374487207,42.52214949753801,-88.21947338301663,41.54952083785664,-86.53759211033737,42.59079464282652,-88.410182215886,1044,261,4,181.17078493791118,193.33366606952515
Paiute,Time 1 and 2,5.303571428571429,5.444444444444445,41.29007891876847,-118.4526313989088,40.40650673591527,-117.75284711342614,41.353477101636024,-118.2945733936117,40.45137704074356,-117.64982655052722,1512,56,27,114.65849405063975,114.13612023172433
Pamunkey,Time 1 and 2,3.8,3,38.6379800478331,-76.72269727249665,37.70982203437246,-77.09398359271847,38.63809655223667,-76.72269386696775,37.70982203437245,-77.09398359271846,5,5,1,108.31033177914993,108.32278528294421
Paugussett,Time 1 and 2,4.5,4.5,41.338401738237415,-73.1621701169407,41.37887013495478,-72.74618267753618,41.338622571926614,-73.16241242491857,41.38065356484461,-72.74727162373847,4,2,2,35.048562318454714,35.00070806564086
Pawnee,Time 1 and 2,2.8493150684931505,3.5,40.73025183842889,-98.83283509066848,36.19734696827398,-96.83965775881941,40.73718427925863,-98.82816991286437,36.197424122539516,-96.83986699982925,146,73,2,533.6270871272834,534.2081309608482
Pecos Pueblo,Time 1 and 2,5,5,35.43279803286009,-106.08335813576994,35.69008867730724,-106.869263410228,35.435454885082194,-106.08365054926665,35.690088677307244,-106.86926341022799,4,4,1,76.71639297695937,76.58077230101786
Penobscot,Time 1 and 2,3.8,3,45.50685930829568,-68.50951562749394,45.407569360718945,-68.64945571993637,45.50809639494572,-68.50633342427783,45.40756936071894,-68.64945571993637,5,5,1,15.542461677066827,15.81520234138834
Peoria,Time 1 and 2,2.730538922155689,3,39.548121798492666,-86.02177437273694,36.835506103148504,-94.81012266163275,39.59287404730442,-86.04783830272795,36.83550610314852,-94.81012266163275,167,167,1,825.6116193653419,825.1070884722584
Pequot Mohegan,Time 1 and 2,5,5,41.48920139750856,-72.10430258461277,41.48920139750856,-72.10430258461277,41.48920139750856,-72.10430258461277,41.48920139750856,-72.10430258461277,1,1,1,0,0
Picuris Pueblo,Time 1 and 2,5,5,36.581376696589935,-105.63097692774441,36.581376696589935,-105.63097692774441,36.581376696589935,-105.63097692774441,36.581376696589935,-105.63097692774441,1,1,1,0,0
Pima,Time 1 and 2,5.4,5.5,32.530402096750684,-112.07594463301429,33.12879578245198,-111.91796290180916,32.5348801466973,-112.07178391229958,33.130107116942725,-111.91651054970194,10,5,2,68.23232689903895,67.83342374244548
Pit River,Time 1 and 2,5.833333333333333,6.25,40.69863777934116,-121.92108015108774,40.618041344171075,-121.68726117021278,40.70286453848411,-121.92730195425668,40.62364071618908,-121.6982252030637,24,6,4,21.688269838093976,21.259182794774283
Pojoaque Pueblo,Time 1 and 2,5,5,35.50846116871701,-105.97744194618194,35.50846116871701,-105.97744194618194,35.50846116871702,-105.97744194618194,35.50846116871702,-105.97744194618194,1,1,1,0,0
Pomo,Time 1 and 2,6.34375,6.6,37.86887735460651,-121.15444654032905,38.44138736584689,-122.14525909807983,37.878548655982776,-121.1366921172542,38.44840795100503,-122.13230040225167,160,32,5,107.62758418996356,107.78416900842723
Ponca,Time 1 and 2,2.6666666666666665,3,41.793190444610254,-98.92452420771122,38.61532642621966,-97.42172731882992,41.79731002768177,-98.9043727152407,38.61496987996236,-97.40833081877231,36,12,3,376.10629721168857,376.37946214984265
Potawatomi,Time 1 and 2,2.6218181818181816,2.923076923076923,40.86714353668836,-86.86983861014258,41.4827125130774,-89.98312340293938,40.949751784490964,-86.85957775661088,41.58516226227089,-90.20395045607486,3575,275,13,269.69638114530886,288.6105367014085
Puyallup,Time 1 and 2,5.666666666666667,5.5,47.25962478150091,-123.07530057331445,47.26594799210715,-121.98788369736602,47.261272743967,-123.07420422641484,47.26605022753966,-121.98853923876716,12,6,2,82.15181172305843,82.01682062299624
Quapaw,Time 1 and 2,3.5853658536585367,3,34.34210388007287,-94.87739176032349,36.835506103148504,-94.81012266163275,34.36891662463114,-94.8623870310521,36.83550610314852,-94.81012266163275,82,82,1,277.63103316845525,274.6202150817989
Quechan,Time 1 and 2,5.5,5.5,33.32123503601358,-114.81181188887719,32.905517094073645,-114.6367582203167,33.32445114694815,-114.81037375219275,32.9076390401524,-114.6356483288541,8,4,2,49.07152211384269,49.17609382769936
Quileute,Time 1 and 2,5.666666666666667,5.666666666666667,47.64658373446503,-123.75534087879142,47.64658373446503,-123.75534087879142,47.64668123585442,-123.75512652656658,47.64668123585442,-123.75512652656658,9,3,3,0,0
Quinault,Time 1 and 2,5.666666666666667,5.333333333333333,47.64658373446503,-123.75534087879142,47.27378920977907,-123.3907137730152,47.64668123585442,-123.75512652656658,47.2745127090292,-123.38931643088443,9,3,3,49.752386240406985,49.74337983890327
Rogue River,Time 1 and 2,5.2631578947368425,5.333333333333333,44.523127331232075,-122.75575039980326,44.92690411691932,-123.53043774700905,44.52563782905949,-122.75562520280667,44.92716376695403,-123.53137387933442,57,19,3,75.98963654684565,75.90834302412318
S'Klallam,Time 1 and 2,5.6,5.5,47.58513877401648,-123.41917470818161,47.84161148172131,-123.28329149539057,47.586060224716135,-123.4187485247618,47.843388779945414,-123.28074695089201,10,5,2,30.310234033484132,30.45338745913654
Salish,Time 1 and 2,4.470588235294118,4.5,47.168776262258476,-113.95814211540332,47.66570879099508,-114.29966839225334,47.17629365198424,-113.94085548408684,47.666736504517154,-114.2992121559943,68,17,4,61.007280647057264,60.90317926840279
Samish,Time 1 and 2,5.5,6,48.54202570607754,-122.3667453154869,48.26442128514769,-121.74150549103203,48.54358820156584,-122.36603298820656,48.26442389445239,-121.74140104922238,4,2,2,55.588309511340995,55.647166972869215
San Felipe Pueblo,Time 1 and 2,5,5,35.69008867730724,-106.869263410228,35.69008867730724,-106.869263410228,35.690088677307244,-106.86926341022799,35.690088677307244,-106.86926341022799,1,1,1,0,0
San Ildefonso Pueblo,Time 1 and 2,5,5,35.68830702264548,-106.38673858352453,35.50846116871701,-105.97744194618194,35.688866719774055,-106.38648193652324,35.50846116871702,-105.97744194618194,3,3,1,42.11115828223357,42.12027938331688
San Juan Pueblo,Time 1 and 2,6,6,36.51223998008181,-106.6936167988832,36.51223998008181,-106.6936167988832,36.512239980081816,-106.6936167988832,36.512239980081816,-106.6936167988832,1,1,1,0,0
Santa Ana Pueblo,Time 1 and 2,5,5,35.69008867730724,-106.869263410228,35.69008867730724,-106.869263410228,35.690088677307244,-106.86926341022799,35.690088677307244,-106.86926341022799,1,1,1,0,0
Santa Clara Pueblo,Time 1 and 2,6,5.333333333333333,36.51223998008181,-106.6936167988832,35.90359660870202,-106.51344071843104,36.512239980081816,-106.6936167988832,35.90421287905487,-106.51240851451222,3,1,3,69.65982404424247,69.61470329940589
Santee Sioux,Time 1 and 2,2.9555555555555557,3,42.98093739198474,-97.70801952424286,42.63791424676311,-97.89177843936035,NaN,NaN,42.63791424676311,-97.89177843936035,180,180,1,41.02815809349457,NaN
Satsop,Time 1 and 2,5,5,46.5376258239211,-122.93575509599503,47.03543896295689,-123.30585866734634,46.53920758073547,-122.93268555210618,47.03642780748776,-123.30491271674522,18,9,2,62.183277670501916,62.197822962781544
Seminole,Time 1 and 2,4.666666666666667,5.25,29.78841757682947,-84.5714107922844,28.706968683633388,-84.86468489639691,NaN,NaN,28.866188593348273,-84.58690465879229,304,76,4,123.7102509937715,NaN
Seneca,Time 1 and 2,2.7142857142857144,3,41.515460038352394,-81.50597180158422,41.11792637241719,-82.6695610100619,41.58019923379946,-81.53393657510009,41.34127387281744,-82.91917059366757,560,70,8,106.87719746601942,118.58137049365817
Shasta,Time 1 and 2,5.3478260869565215,5.333333333333333,44.02216239086333,-122.75305054468235,44.92690411691932,-123.53043774700905,44.025037029624805,-122.75265912537323,44.92716376695403,-123.53137387933442,69,23,3,118.1370932156233,117.94342178902482
Shawnee,Time 1 and 2,2.8028169014084505,3,39.79769002779396,-85.16856705662309,36.835506103148504,-94.81012266163275,39.865572859602246,-85.21230486283163,36.83550610314852,-94.81012266163275,142,142,1,903.7546147544717,902.6240017408197
Shinnecock,Time 1 and 2,4,4,40.879005642372356,-72.81052426426542,40.879005642372356,-72.81052426426542,40.879005642372356,-72.81052426426544,40.879005642372356,-72.81052426426544,1,1,1,0,0
Shoshone,Time 1 and 2,4.875,5,41.713435581131925,-114.4163251353219,41.11942001994414,-114.95336673636905,41.75927764026123,-114.4231660332507,41.16637349903491,-115.02034017487442,1440,80,18,79.89047278650567,82.69150191610387
Sioux,Time 1 and 2,2.6715867158671585,2.7096774193548385,44.13070634344457,-97.62791278555525,45.45486396149038,-100.30763141876068,NaN,NaN,NaN,NaN,8401,271,31,257.9358177805958,NaN
Sisseton,Time 1 and 2,2.6751054852320677,2.5714285714285716,44.06368788958969,-97.32209676650844,45.611749385642504,-97.24169980938467,NaN,NaN,45.612254632138175,-97.24119011693081,1666,238,7,172.4462068617513,NaN
Siuslaw,Time 1 and 2,5.35,6,44.57252477804868,-122.89229850234815,43.9094809185336,-123.96467399569416,44.575498758127125,-122.89517474465806,43.909520081211795,-123.96584314270268,40,20,2,112.96708115375931,113.07631668717404
Skagit,Time 1 and 2,5.666666666666667,6,48.484108751227886,-122.01230756702536,48.26442128514769,-121.74150549103203,48.484672915633176,-122.01401308661455,48.264423894452406,-121.74140104922238,6,3,2,31.607766432945215,31.740916215029348
Skokomish,Time 1 and 2,5.6,6,47.65511081933686,-122.58836361988568,47.35064238436912,-123.18635472037144,47.65739538241718,-122.58954970879766,47.35064238436912,-123.18635472037145,5,5,1,56.31205147070185,56.39369465998027
Snohomish,Time 1 and 2,6,6,48.04683615641304,-121.71697137115932,48.04683615641304,-121.71697137115932,48.04683615641305,-121.71697137115932,48.04683615641305,-121.71697137115932,1,1,1,0,0
Snoqualmie,Time 1 and 2,5.5,6,47.76956086328679,-121.77577160527082,48.04683615641304,-121.71697137115932,47.769575878466334,-121.77608509441662,48.04683615641305,-121.71697137115932,2,2,1,31.17643718055769,31.178083162356177
Spokane,Time 1 and 2,4,4.5,47.66055530149635,-118.04626006426186,47.99092965423479,-118.13685593059503,47.66153007714633,-118.04536038111438,47.99127645169289,-118.1391178764213,12,6,2,37.395204339217166,37.370024863266835
Squaxin,Time 1 and 2,5.6,6,47.400602973786405,-122.94466775115846,47.35064238436912,-123.18635472037144,47.402130104864604,-122.9412579129369,47.35064238436912,-123.18635472037145,5,5,1,19.049355172543795,19.344778938223747
Squiaitl,Time 1 and 2,5.6,6,47.400602973786405,-122.94466775115846,48.04683615641304,-121.71697137115932,47.402130104864604,-122.9412579129369,48.04683615641305,-121.71697137115932,5,5,1,116.7340657680907,116.42716903148579
Stillaguamish,Time 1 and 2,6,6,48.26442128514769,-121.74150549103203,48.04683615641304,-121.71697137115932,48.26442389445239,-121.74140104922238,48.04683615641305,-121.71697137115932,2,2,1,24.28989341703882,24.289602527069125
Suquamish,Time 1 and 2,5.125,5,48.18812356428402,-121.62931075118632,47.63530028231818,-122.64349618416242,48.192176850297955,-121.63033809386026,47.63530028231816,-122.64349618416239,8,8,1,97.53615323185049,97.7598804112245
Swinomish,Time 1 and 2,6,6,48.48200641388233,-121.76603961090473,48.48200641388233,-121.76603961090473,48.48200641388232,-121.76603961090473,48.48200641388232,-121.76603961090473,1,1,1,0,0
Tachi,Time 1 and 2,6.375,5,36.935309310310174,-120.18623853027952,36.07473854243773,-119.81584094199003,36.94244895771186,-120.18276048183097,36.074738542437714,-119.81584094199003,16,16,1,101.36916222641541,102.01953194953772
Takelma,Time 1 and 2,5.666666666666667,6,42.7352245116592,-123.22002922980712,44.643632533367416,-123.86989375466999,42.73841875157425,-123.21957372873857,44.643632533367416,-123.86989375466999,6,6,1,218.7863446990492,218.44954280924966
Taos Pueblo,Time 1 and 2,5,5,36.59399878838154,-105.13911088060553,36.581376696589935,-105.63097692774441,36.595009315864175,-105.13919133772141,36.581376696589935,-105.63097692774441,2,2,1,43.987104296656184,43.983366442840726
Tesuque Pueblo,Time 1 and 2,5,5,35.50846116871701,-105.97744194618194,35.50846116871701,-105.97744194618194,35.50846116871702,-105.97744194618194,35.50846116871702,-105.97744194618194,1,1,1,0,0
Tillamook,Time 1 and 2,5.4,6,44.609614735765334,-122.95883516615629,44.643632533367416,-123.86989375466999,44.61285544284363,-122.96345166270406,44.643632533367416,-123.86989375466999,20,20,1,72.27846133241415,71.89312930148785
Tohono O'Odham,Time 1 and 2,5.4,5.333333333333333,32.530402096750684,-112.07594463301429,32.78526551866298,-111.87507487652756,32.534880146697304,-112.07178391229958,32.786148443947866,-111.87377902362722,15,5,3,34.04898300871957,33.56675207535652
Tolowa,Time 1 and 2,6,6.5,42.19041662414565,-123.87041252727781,42.67321635897015,-123.872835360859,42.19068009290603,-123.87035974552664,42.67321639656387,-123.87292866025824,6,3,2,53.74538928954289,53.7161102855894
Tule River Mono,Time 1 and 2,6.333333333333333,6,36.86252507524049,-120.20182566045294,36.22156798722475,-118.80206565843989,36.8701116530156,-120.19788375202269,36.22156798722475,-118.80206565843989,15,15,1,144.0924711830287,144.20190514494638
Tuolumne Me-Wuk,Time 1 and 2,6.380952380952381,7,37.35123204971328,-120.52685155370882,38.02707283635547,-119.95243157767823,37.357541348228025,-120.52398361969296,38.027072836355465,-119.95243157767823,21,21,1,90.6676054064922,89.94281180715376
Tuscarora,Time 1 and 2,3.1842105263157894,3,40.689553798909394,-79.12701965656986,43.19913881190322,-78.74771394350489,40.72785219252485,-79.0664075152905,43.19913881190322,-78.74771394350488,38,38,1,281.1245421494335,276.363568069364
Umatilla,Time 1 and 2,4.2727272727272725,4,45.60715734523808,-118.53067999507238,45.451542136365475,-118.37092591259952,45.610863473487456,-118.53200454238987,45.452120640481986,-118.37001453257419,22,11,2,21.337645261331797,21.721917897853285
Umpqua,Time 1 and 2,5.35,5.6,44.57252477804868,-122.89229850234815,44.24753274408212,-123.56378054436001,44.57549875812713,-122.89517474465805,44.24805491571936,-123.56506955563773,100,20,5,64.49834832421969,64.54631361564965
Unkechaug,Time 1 and 2,4,4,40.879005642372356,-72.81052426426542,40.879005642372356,-72.81052426426542,40.879005642372356,-72.81052426426544,40.879005642372356,-72.81052426426544,1,1,1,0,0
Ute,Time 1 and 2,5.346938775510204,5.181818181818182,38.67727197474153,-109.36758818743415,38.80340660248777,-109.58580299969279,38.705189760458865,-109.36383186559931,38.81196647332289,-109.56241943832217,539,49,11,23.582861506409344,20.939267586484302
Wailaki,Time 1 and 2,6,6,39.7835152096966,-122.8139779221612,39.519886046851155,-122.89259221025736,39.78494520656635,-122.81685402859323,39.520951248663906,-122.89316067530449,4,2,2,30.1106294801321,30.10660058832418
Walla Walla,Time 1 and 2,4.181818181818182,4,45.71274081502886,-118.4121967392439,45.451542136365475,-118.37092591259952,45.715331091837065,-118.41210379385377,45.452120640481986,-118.37001453257419,22,11,2,29.253753953279077,29.483370444047182
Wappo,Time 1 and 2,6.304347826086956,6,38.14530565167502,-121.36219625627325,39.1022981107285,-122.75393714567217,38.15334408898977,-121.34504659672636,39.102298110728505,-122.75393714567217,23,23,1,161.23973236293185,161.7713648566355
Wasco,Time 1 and 2,5.142857142857143,5.2,44.94163572835417,-121.87457037025506,44.87487031285056,-121.93654608187406,44.951076137533974,-121.87476161491209,44.87663772588685,-121.93710812624572,105,21,5,8.894604724172053,9.634419817326547
Washoe,Time 1 and 2,6.142857142857143,6.571428571428571,38.57962340031909,-118.7651268965516,39.28294787182523,-119.64580942021036,38.59368580164532,-118.7394914650793,39.283979418955816,-119.64098630508236,147,21,7,109.29641212980032,109.53310621438621
Winnebago,Time 1 and 2,2.54,3,43.64637850879316,-91.64574965739844,43.23818542433369,-93.67369098298789,43.6855218294701,-91.61760471463134,43.27401104467454,-93.72461079139526,100,50,2,170.0861173027877,176.24565722910083
Wintun,Time 1 and 2,6,5.75,39.7835152096966,-122.8139779221612,39.22556465294262,-122.48015327961566,39.78494520656635,-122.81685402859323,39.226883259152814,-122.47841084672535,8,2,4,68.40940063301495,68.5875959543751
Wishkah,Time 1 and 2,5,5,46.5376258239211,-122.93575509599503,47.03543896295689,-123.30585866734634,46.53920758073547,-122.93268555210618,47.03642780748776,-123.30491271674522,18,9,2,62.183277670501916,62.197822962781544
Wyandotte,Time 1 and 2,2.6906474820143886,3,40.37110246480077,-83.97672655048413,36.835506103148504,-94.81012266163275,40.39605259177473,-83.99629486934961,36.83550610314852,-94.81012266163275,139,139,1,1020.4196036709681,1019.7720685492595
Wynoochee,Time 1 and 2,5,5,46.5376258239211,-122.93575509599503,47.03543896295689,-123.30585866734634,46.53920758073547,-122.93268555210618,47.03642780748776,-123.30491271674522,18,9,2,62.183277670501916,62.197822962781544
Yahooskin,Time 1 and 2,5.3,6,42.73845910967336,-121.07051347530997,42.69253494831058,-121.65009313344926,42.74684993370212,-121.08864456959573,42.692534948310566,-121.65009313344925,10,10,1,47.67853184936598,46.313995822436986
Yakama,Time 1 and 2,4.375,4.333333333333333,47.14080663848746,-120.65310569015692,46.30354710390831,-121.30742863859341,47.1469572063048,-120.65246226404422,46.306109556347174,-121.30478873452617,48,16,3,105.73563585307537,106.01437226691466
Yankton Sioux,Time 1 and 2,3.0085470085470085,3,44.20151542888898,-99.75789849636675,43.20726893088375,-98.5891962769917,NaN,NaN,43.20726893088375,-98.58919627699169,117,117,1,145.23908957657298,NaN
Yavapai,Time 1 and 2,5.647058823529412,6,33.75279289565203,-112.00706357112104,33.97662691459573,-112.52273174861662,33.77031451370921,-112.00026021737943,33.97663099883469,-112.52249800492496,34,17,2,53.7853675503859,53.4534527503542
Yokut,Time 1 and 2,6.363636363636363,6,37.26002721604427,-120.44509751817463,36.77077442129264,-119.55374015280513,37.26664887386619,-120.44031532518868,36.77159566138917,-119.55134305786578,88,22,4,96.14224016290726,96.33234128180257
Zia Pueblo,Time 1 and 2,5,5,35.69008867730724,-106.869263410228,35.69008867730724,-106.869263410228,35.690088677307244,-106.86926341022799,35.690088677307244,-106.86926341022799,1,1,1,0,0
Zuni,Time 1 and 2,5,5,35.58136916772902,-108.26178726856838,35.24673028698533,-108.13016610889643,35.58136916772903,-108.26178726856838,35.24680153798681,-108.12962287582472,2,1,2,39.118912974216386,39.1264334546103
A-wall-a-che,Time 1 only,7,NaN,37.72225394021411,-120.28540160334119,NaN,NaN,37.723324638769064,-120.28613438201151,NaN,NaN,3,3,1,NaN,NaN
Abenaki,Time 1 only,3.4634146341463414,NaN,44.05666804390052,-71.80678592814313,NaN,NaN,44.065735864770026,-71.81124558327008,NaN,NaN,41,41,1,NaN,NaN
Agawams,Time 1 only,3.6666666666666665,NaN,41.932185634855266,-72.56476211429674,NaN,NaN,41.932311426492866,-72.56471286983614,NaN,NaN,3,3,1,NaN,NaN
Bat-si,Time 1 only,5.8,NaN,39.727836552999484,-121.31008512444531,NaN,NaN,39.729368787140345,-121.30914928742234,NaN,NaN,5,5,1,NaN,NaN
Be-no-pi,Time 1 only,5.666666666666667,NaN,39.11552444750543,-121.06603363764607,NaN,NaN,39.1162812495122,-121.06717551033233,NaN,NaN,6,6,1,NaN,NaN
Buena Vista,Time 1 only,6.5,NaN,35.23453346797216,-118.60577693045695,NaN,NaN,35.24120542343882,-118.6071457168707,NaN,NaN,8,8,1,NaN,NaN
Ca-la-na-po,Time 1 only,6.25,NaN,38.64053340256244,-122.23114446527605,NaN,NaN,38.64104134934408,-122.23001132902802,NaN,NaN,4,4,1,NaN,NaN
Cahokia,Time 1 only,2.6666666666666665,NaN,39.170861574107235,-89.11000622833211,NaN,NaN,39.172868233486476,-89.11157636251184,NaN,NaN,54,54,1,NaN,NaN
Calusa,Time 1 only,5.6875,NaN,26.871316734109673,-81.30783721554788,NaN,NaN,NaN,NaN,NaN,NaN,17,17,1,NaN,NaN
Canarsie,Time 1 only,3,NaN,40.67359111909953,-73.8831128300524,NaN,NaN,40.673610053771526,-73.88314995738801,NaN,NaN,2,2,1,NaN,NaN
Car-I-se,Time 1 only,6.5,NaN,35.23453346797216,-118.60577693045695,NaN,NaN,35.24120542343882,-118.6071457168707,NaN,NaN,8,8,1,NaN,NaN
Cas-son,Time 1 only,5.833333333333333,NaN,36.840458473050965,-119.77594107199394,NaN,NaN,36.84177230562359,-119.773753286924,NaN,NaN,6,6,1,NaN,NaN
Cas-take,Time 1 only,6.5,NaN,35.23453346797216,-118.60577693045695,NaN,NaN,35.24120542343882,-118.6071457168707,NaN,NaN,8,8,1,NaN,NaN
Cha,Time 1 only,5.444444444444445,NaN,39.62028733178481,-122.41769576659708,NaN,NaN,39.621491874222585,-122.41636173264395,NaN,NaN,9,9,1,NaN,NaN
Cha-nel-kai,Time 1 only,6.25,NaN,38.64053340256244,-122.23114446527605,NaN,NaN,38.64104134934408,-122.23001132902802,NaN,NaN,4,4,1,NaN,NaN
Cham-et-ko,Time 1 only,5.444444444444445,NaN,39.62028733178481,-122.41769576659708,NaN,NaN,39.621491874222585,-122.41636173264395,NaN,NaN,9,9,1,NaN,NaN
Chap-pah-sim,Time 1 only,6.4,NaN,37.91124402742752,-120.83890360849057,NaN,NaN,37.91358947386725,-120.83963530457049,NaN,NaN,10,10,1,NaN,NaN
Che-com,Time 1 only,6.25,NaN,38.64053340256244,-122.23114446527605,NaN,NaN,38.64104134934408,-122.23001132902802,NaN,NaN,4,4,1,NaN,NaN
Che-no,Time 1 only,5.8,NaN,39.727836552999484,-121.31008512444531,NaN,NaN,39.729368787140345,-121.30914928742234,NaN,NaN,5,5,1,NaN,NaN
Cheraw,Time 1 only,3.3846153846153846,NaN,34.70286443572447,-78.90414992981573,NaN,NaN,34.70727067489434,-78.90777526089191,NaN,NaN,39,39,1,NaN,NaN
Cheroenhaka,Time 1 only,3.2142857142857144,NaN,36.98070569453785,-77.71295320492732,NaN,NaN,36.98216402394254,-77.71276203094382,NaN,NaN,14,14,1,NaN,NaN
Cho-e-nem-nee,Time 1 only,5.833333333333333,NaN,36.840458473050965,-119.77594107199394,NaN,NaN,36.84177230562359,-119.773753286924,NaN,NaN,6,6,1,NaN,NaN
Cho-ki-men-a,Time 1 only,5.833333333333333,NaN,36.840458473050965,-119.77594107199394,NaN,NaN,36.84177230562359,-119.773753286924,NaN,NaN,6,6,1,NaN,NaN
Choi-nuck,Time 1 only,5.6,NaN,36.69249274353947,-119.74970868215169,NaN,NaN,36.694045152477386,-119.74739209682235,NaN,NaN,5,5,1,NaN,NaN
Chow-chil-lie,Time 1 only,5.833333333333333,NaN,36.840458473050965,-119.77594107199394,NaN,NaN,36.84177230562359,-119.773753286924,NaN,NaN,6,6,1,NaN,NaN
Chow-chilla,Time 1 only,6,NaN,37.21641020326049,-119.76551201770374,NaN,NaN,37.21641020326048,-119.76551201770376,NaN,NaN,1,1,1,NaN,NaN
Chowanoke,Time 1 only,3.6666666666666665,NaN,36.12564101145197,-76.65760827774216,NaN,NaN,36.125864398009746,-76.65773948171756,NaN,NaN,3,3,1,NaN,NaN
Christian Indians or Munsee,Time 1 only,3,NaN,38.5646496070075,-95.28644239784852,NaN,NaN,38.5646496070075,-95.28644239784852,NaN,NaN,1,1,1,NaN,NaN
Chu-nute,Time 1 only,6,NaN,36.03912338475988,-118.68998327620194,NaN,NaN,36.04213608993132,-118.69182383731905,NaN,NaN,4,4,1,NaN,NaN
Co-co-noon,Time 1 only,7,NaN,37.72225394021411,-120.28540160334119,NaN,NaN,37.723324638769064,-120.28613438201151,NaN,NaN,3,3,1,NaN,NaN
Co-com-cah-ra,Time 1 only,6.333333333333333,NaN,33.787756665163954,-116.70959983388082,NaN,NaN,33.79177557461979,-116.70722123946359,NaN,NaN,6,6,1,NaN,NaN
Co-ha-ma,Time 1 only,5.444444444444445,NaN,39.62028733178481,-122.41769576659708,NaN,NaN,39.621491874222585,-122.41636173264395,NaN,NaN,9,9,1,NaN,NaN
Co-lu,Time 1 only,5.444444444444445,NaN,39.62028733178481,-122.41769576659708,NaN,NaN,39.621491874222585,-122.41636173264395,NaN,NaN,9,9,1,NaN,NaN
Co-to-plan-e-nee,Time 1 only,6.4,NaN,37.91124402742752,-120.83890360849057,NaN,NaN,37.91358947386725,-120.83963530457049,NaN,NaN,10,10,1,NaN,NaN
Co-ye-tie,Time 1 only,6,NaN,36.03912338475988,-118.68998327620194,NaN,NaN,36.04213608993132,-118.69182383731905,NaN,NaN,4,4,1,NaN,NaN
Confederated Bands of Willamette Valley,Time 1 only,5.266666666666667,NaN,44.938767831423355,-122.65477919773242,NaN,NaN,44.94134483573069,-122.65374327149573,NaN,NaN,15,15,1,NaN,NaN
Corchaug,Time 1 only,4,NaN,40.879005642372356,-72.81052426426542,NaN,NaN,40.879005642372356,-72.81052426426544,NaN,NaN,1,1,1,NaN,NaN
Cu-lee,Time 1 only,6.25,NaN,38.56872337873275,-120.58614672511843,NaN,NaN,38.56996216483193,-120.58660660001422,NaN,NaN,4,4,1,NaN,NaN
Da-no-ha-bo,Time 1 only,6.25,NaN,38.64053340256244,-122.23114446527605,NaN,NaN,38.64104134934408,-122.23001132902802,NaN,NaN,4,4,1,NaN,NaN
Das-pia,Time 1 only,5.666666666666667,NaN,39.11552444750543,-121.06603363764607,NaN,NaN,39.1162812495122,-121.06717551033233,NaN,NaN,6,6,1,NaN,NaN
Doc-duc,Time 1 only,5.444444444444445,NaN,39.62028733178481,-122.41769576659708,NaN,NaN,39.621491874222585,-122.41636173264395,NaN,NaN,9,9,1,NaN,NaN
E-eh,Time 1 only,5.333333333333333,NaN,41.27871864540987,-122.12640807768787,NaN,NaN,41.28320932118734,-122.13115411153947,NaN,NaN,3,3,1,NaN,NaN
Eel River,Time 1 only,2.769230769230769,NaN,39.84765523731974,-83.99829816109649,NaN,NaN,39.86609989465997,-84.01415647381725,NaN,NaN,104,104,1,NaN,NaN
Es-ki-un,Time 1 only,5.8,NaN,39.727836552999484,-121.31008512444531,NaN,NaN,39.729368787140345,-121.30914928742234,NaN,NaN,5,5,1,NaN,NaN
Florida tribes,Time 1 only,4.787878787878788,NaN,28.99605334331551,-82.73298842845828,NaN,NaN,NaN,NaN,NaN,NaN,67,67,1,NaN,NaN
Grave Creek,Time 1 only,5.5,NaN,42.6358707044862,-123.40265700216878,NaN,NaN,42.63706926225287,-123.4034161356286,NaN,NaN,4,4,1,NaN,NaN
Ha-bi-na-po,Time 1 only,6.25,NaN,38.64053340256244,-122.23114446527605,NaN,NaN,38.64104134934408,-122.23001132902802,NaN,NaN,4,4,1,NaN,NaN
Hammonassets,Time 1 only,4.5,NaN,41.43399144772923,-72.73674281151037,NaN,NaN,41.43416382566554,-72.73682189468342,NaN,NaN,2,2,1,NaN,NaN
Ho-lo-cla-me,Time 1 only,6.5,NaN,35.23453346797216,-118.60577693045695,NaN,NaN,35.24120542343882,-118.6071457168707,NaN,NaN,8,8,1,NaN,NaN
Ho-lo-lu-pi,Time 1 only,5.8,NaN,39.727836552999484,-121.31008512444531,NaN,NaN,39.729368787140345,-121.30914928742234,NaN,NaN,5,5,1,NaN,NaN
Hol-cu-ma,Time 1 only,5.6,NaN,36.69249274353947,-119.74970868215169,NaN,NaN,36.694045152477386,-119.74739209682235,NaN,NaN,5,5,1,NaN,NaN
Hol-mi-uk,Time 1 only,6.5,NaN,35.23453346797216,-118.60577693045695,NaN,NaN,35.24120542343882,-118.6071457168707,NaN,NaN,8,8,1,NaN,NaN
How-ech-ee,Time 1 only,5.833333333333333,NaN,36.840458473050965,-119.77594107199394,NaN,NaN,36.84177230562359,-119.773753286924,NaN,NaN,6,6,1,NaN,NaN
How-ku-ma,Time 1 only,6.25,NaN,38.64053340256244,-122.23114446527605,NaN,NaN,38.64104134934408,-122.23001132902802,NaN,NaN,4,4,1,NaN,NaN
I-da-kar-I-waka-ha,Time 1 only,5.333333333333333,NaN,41.27871864540987,-122.12640807768787,NaN,NaN,41.28320932118734,-122.13115411153947,NaN,NaN,3,3,1,NaN,NaN
I-ka-ruck,Time 1 only,5.333333333333333,NaN,41.27871864540987,-122.12640807768787,NaN,NaN,41.28320932118734,-122.13115411153947,NaN,NaN,3,3,1,NaN,NaN
I-o-no-hum-ne,Time 1 only,6.4,NaN,37.91124402742752,-120.83890360849057,NaN,NaN,37.91358947386725,-120.83963530457049,NaN,NaN,10,10,1,NaN,NaN
I-tach-ee,Time 1 only,5.833333333333333,NaN,36.840458473050965,-119.77594107199394,NaN,NaN,36.84177230562359,-119.773753286924,NaN,NaN,6,6,1,NaN,NaN
In-tim-peach,Time 1 only,5.6,NaN,36.69249274353947,-119.74970868215169,NaN,NaN,36.694045152477386,-119.74739209682235,NaN,NaN,5,5,1,NaN,NaN
Jemez Pueblo,Time 1 only,5,NaN,35.69008867730724,-106.869263410228,NaN,NaN,35.690088677307244,-106.86926341022799,NaN,NaN,1,1,1,NaN,NaN
King's river,Time 1 only,6,NaN,36.22156798722475,-118.80206565843989,NaN,NaN,36.22156798722475,-118.80206565843989,NaN,NaN,1,1,1,NaN,NaN
Ko-se-tah,Time 1 only,5.333333333333333,NaN,41.27871864540987,-122.12640807768787,NaN,NaN,41.28320932118734,-122.13115411153947,NaN,NaN,3,3,1,NaN,NaN
Ko-ya-te,Time 1 only,6.357142857142857,NaN,36.97093931568659,-120.3070801524884,NaN,NaN,36.9783718738219,-120.30507921712349,NaN,NaN,14,14,1,NaN,NaN
Loc-lum-ne,Time 1 only,6.25,NaN,38.56872337873275,-120.58614672511843,NaN,NaN,38.56996216483193,-120.58660660001422,NaN,NaN,4,4,1,NaN,NaN
Lumbee,Time 1 only,3.2142857142857144,NaN,34.81815917160168,-78.52877466927856,NaN,NaN,34.819198156480546,-78.52832786018391,NaN,NaN,14,14,1,NaN,NaN
Mannansett,Time 1 only,4,NaN,40.879005642372356,-72.81052426426542,NaN,NaN,40.879005642372356,-72.81052426426544,NaN,NaN,1,1,1,NaN,NaN
Mas-su-ta-ka-ya,Time 1 only,6.5,NaN,39.416219860442226,-123.12379934045016,NaN,NaN,39.41691614991665,-123.11941402736048,NaN,NaN,6,6,1,NaN,NaN
Massa-adchu-es-et,Time 1 only,3.6,NaN,42.27453972943885,-70.98392161989892,NaN,NaN,42.275163392182506,-70.98257005347944,NaN,NaN,5,5,1,NaN,NaN
Massacoes,Time 1 only,4,NaN,41.80322152467206,-72.73103559636954,NaN,NaN,41.80322152467207,-72.73103559636954,NaN,NaN,1,1,1,NaN,NaN
Massapequas,Time 1 only,4,NaN,40.879005642372356,-72.81052426426542,NaN,NaN,40.879005642372356,-72.81052426426544,NaN,NaN,1,1,1,NaN,NaN
Matinecock,Time 1 only,3.5,NaN,40.8231472779265,-73.39102262256714,NaN,NaN,40.82460205230933,-73.39151154059275,NaN,NaN,2,2,1,NaN,NaN
Me-dam-a-rec,Time 1 only,6.25,NaN,38.64053340256244,-122.23114446527605,NaN,NaN,38.64104134934408,-122.23001132902802,NaN,NaN,4,4,1,NaN,NaN
Meherrin,Time 1 only,3,NaN,36.532363551236706,-77.82392115893818,NaN,NaN,36.53281425730864,-77.82369278024879,NaN,NaN,6,6,1,NaN,NaN
Merrick,Time 1 only,4,NaN,40.74084331415893,-73.58942021381388,NaN,NaN,40.74084331415894,-73.58942021381388,NaN,NaN,1,1,1,NaN,NaN
Methow,Time 1 only,4.5,NaN,48.27787884042564,-118.06798566991105,NaN,NaN,48.28210408628398,-118.06471370701061,NaN,NaN,4,4,1,NaN,NaN
Mi-chop-da,Time 1 only,5.8,NaN,39.727836552999484,-121.31008512444531,NaN,NaN,39.729368787140345,-121.30914928742234,NaN,NaN,5,5,1,NaN,NaN
Mitchigamia,Time 1 only,2.6666666666666665,NaN,39.170861574107235,-89.11000622833211,NaN,NaN,39.172868233486476,-89.11157636251184,NaN,NaN,54,54,1,NaN,NaN
Mo-al-kai,Time 1 only,6.25,NaN,38.64053340256244,-122.23114446527605,NaN,NaN,38.64104134934408,-122.23001132902802,NaN,NaN,4,4,1,NaN,NaN
Moki,Time 1 only,5,NaN,35.63057319401018,-111.04696296995863,NaN,NaN,35.632742647632256,-111.04500177838396,NaN,NaN,2,2,1,NaN,NaN
Mon-e-da,Time 1 only,5.666666666666667,NaN,39.11552444750543,-121.06603363764607,NaN,NaN,39.1162812495122,-121.06717551033233,NaN,NaN,6,6,1,NaN,NaN
Monacan,Time 1 only,3.0416666666666665,NaN,37.7456068950831,-77.98915805484219,NaN,NaN,37.746763390929395,-77.98901994636874,NaN,NaN,24,24,1,NaN,NaN
Moneton,Time 1 only,3.3333333333333335,NaN,37.60037439097217,-81.06214619808972,NaN,NaN,37.60192146100691,-81.06171584876665,NaN,NaN,36,36,1,NaN,NaN
Montauk,Time 1 only,4,NaN,40.879005642372356,-72.81052426426542,NaN,NaN,40.879005642372356,-72.81052426426544,NaN,NaN,1,1,1,NaN,NaN
Munsee,Time 1 only,2.3333333333333335,NaN,41.143934459795666,-82.58706084423233,NaN,NaN,41.15410751317225,-82.56844192465813,NaN,NaN,15,15,1,NaN,NaN
Nambe,Time 1 only,5,NaN,35.50846116871701,-105.97744194618194,NaN,NaN,35.50846116871702,-105.97744194618194,NaN,NaN,1,1,1,NaN,NaN
Nem-shaw,Time 1 only,5.666666666666667,NaN,39.11552444750543,-121.06603363764607,NaN,NaN,39.1162812495122,-121.06717551033233,NaN,NaN,6,6,1,NaN,NaN
Nentego,Time 1 only,3.5,NaN,38.90834100244368,-76.12410027959761,NaN,NaN,38.91103488865276,-76.120931444144,NaN,NaN,6,6,1,NaN,NaN
New-chow-we,Time 1 only,6.357142857142857,NaN,36.97093931568659,-120.3070801524884,NaN,NaN,36.9783718738219,-120.30507921712349,NaN,NaN,14,14,1,NaN,NaN
Nir-muck,Time 1 only,5,NaN,40.12632193225977,-122.23670713255467,NaN,NaN,40.12632193225978,-122.23670713255466,NaN,NaN,1,1,1,NaN,NaN
Nissaquogue,Time 1 only,4,NaN,40.879005642372356,-72.81052426426542,NaN,NaN,40.879005642372356,-72.81052426426544,NaN,NaN,1,1,1,NaN,NaN
No-to-no-to,Time 1 only,5.833333333333333,NaN,36.840458473050965,-119.77594107199394,NaN,NaN,36.84177230562359,-119.773753286924,NaN,NaN,6,6,1,NaN,NaN
Noe-ma-noe-ma,Time 1 only,5.666666666666667,NaN,40.792582354973156,-121.49584879018359,NaN,NaN,40.795289922881864,-121.49500348704329,NaN,NaN,6,6,1,NaN,NaN
Noi-me-noi-me,Time 1 only,5.666666666666667,NaN,40.792582354973156,-121.49584879018359,NaN,NaN,40.795289922881864,-121.49500348704329,NaN,NaN,6,6,1,NaN,NaN
Nome Lackee,Time 1 only,6,NaN,39.7835152096966,-122.8139779221612,NaN,NaN,39.78494520656635,-122.81685402859323,NaN,NaN,2,2,1,NaN,NaN
Nook-choo,Time 1 only,5.833333333333333,NaN,36.840458473050965,-119.77594107199394,NaN,NaN,36.84177230562359,-119.773753286924,NaN,NaN,6,6,1,NaN,NaN
O-de-I-lah,Time 1 only,5.333333333333333,NaN,41.27871864540987,-122.12640807768787,NaN,NaN,41.28320932118734,-122.13115411153947,NaN,NaN,3,3,1,NaN,NaN
Okanagan,Time 1 only,4.545454545454546,NaN,48.0534006441896,-116.67941380573522,NaN,NaN,48.06092683835782,-116.67274528963966,NaN,NaN,11,11,1,NaN,NaN
On-o-po-ma,Time 1 only,5.666666666666667,NaN,39.11552444750543,-121.06603363764607,NaN,NaN,39.1162812495122,-121.06717551033233,NaN,NaN,6,6,1,NaN,NaN
Pal-wis-ha,Time 1 only,6.357142857142857,NaN,36.97093931568659,-120.3070801524884,NaN,NaN,36.9783718738219,-120.30507921712349,NaN,NaN,14,14,1,NaN,NaN
Palus,Time 1 only,3.5,NaN,46.71298582896145,-118.13278474051334,NaN,NaN,46.71460880124237,-118.13265456055744,NaN,NaN,4,4,1,NaN,NaN
Pas-ke-sa,Time 1 only,5.833333333333333,NaN,36.840458473050965,-119.77594107199394,NaN,NaN,36.84177230562359,-119.773753286924,NaN,NaN,6,6,1,NaN,NaN
Piankeshaw,Time 1 only,2.762295081967213,NaN,39.59750745785925,-84.91337854157392,NaN,NaN,39.63737736566456,-84.9434286339311,NaN,NaN,122,122,1,NaN,NaN
Pillager,Time 1 only,2,NaN,47.38736477107513,-94.45296474307294,NaN,NaN,47.38860157495531,-94.4524422898218,NaN,NaN,4,4,1,NaN,NaN
Piscataway,Time 1 only,3.3043478260869565,NaN,38.968117582457616,-76.77688302199458,NaN,NaN,38.96957354765449,-76.77726924564656,NaN,NaN,23,23,1,NaN,NaN
Pit-cat-chee,Time 1 only,5.833333333333333,NaN,36.840458473050965,-119.77594107199394,NaN,NaN,36.84177230562359,-119.773753286924,NaN,NaN,6,6,1,NaN,NaN
Po-ho-nee-chee,Time 1 only,5.833333333333333,NaN,36.840458473050965,-119.77594107199394,NaN,NaN,36.84177230562359,-119.773753286924,NaN,NaN,6,6,1,NaN,NaN
Po-ken-well,Time 1 only,6.357142857142857,NaN,36.97093931568659,-120.3070801524884,NaN,NaN,36.9783718738219,-120.30507921712349,NaN,NaN,14,14,1,NaN,NaN
Po-to-yan-ti,Time 1 only,7,NaN,37.72225394021411,-120.28540160334119,NaN,NaN,37.723324638769064,-120.28613438201151,NaN,NaN,3,3,1,NaN,NaN
Pocumtuc,Time 1 only,3,NaN,42.35200950270084,-72.62587606402427,NaN,NaN,42.35201341829494,-72.62593419563834,NaN,NaN,3,3,1,NaN,NaN
Poquonok,Time 1 only,4,NaN,41.80322152467206,-72.73103559636954,NaN,NaN,41.80322152467207,-72.73103559636954,NaN,NaN,1,1,1,NaN,NaN
Powhatan Confederacy,Time 1 only,3.533333333333333,NaN,37.49726528078862,-77.0476013132496,NaN,NaN,37.49844478703748,-77.04663655501786,NaN,NaN,45,45,1,NaN,NaN
Pueblo of Santa Clara,Time 1 only,5,NaN,35.77822994960972,-106.59138690219584,NaN,NaN,35.77854956122984,-106.59169496114147,NaN,NaN,2,2,1,NaN,NaN
Pueblo of Santo Domingo,Time 1 only,5,NaN,35.599274923012125,-106.42335267820496,NaN,NaN,35.60009622812821,-106.42284668485154,NaN,NaN,2,2,1,NaN,NaN
Quinnipiac,Time 1 only,4.5,NaN,41.43399144772923,-72.73674281151037,NaN,NaN,41.43416382566554,-72.73682189468342,NaN,NaN,2,2,1,NaN,NaN
Roanoke,Time 1 only,4,NaN,36.01389866060138,-75.83837138757247,NaN,NaN,36.013958966332154,-75.83783960141045,NaN,NaN,2,2,1,NaN,NaN
Rockaway,Time 1 only,4,NaN,40.74084331415893,-73.58942021381388,NaN,NaN,40.74084331415894,-73.58942021381388,NaN,NaN,1,1,1,NaN,NaN
S'Homamish,Time 1 only,5.6,NaN,47.400602973786405,-122.94466775115846,NaN,NaN,47.402130104864604,-122.9412579129369,NaN,NaN,5,5,1,NaN,NaN
Sa-heh-wamish,Time 1 only,5.6,NaN,47.400602973786405,-122.94466775115846,NaN,NaN,47.402130104864604,-122.9412579129369,NaN,NaN,5,5,1,NaN,NaN
Sage-womnee,Time 1 only,6.4,NaN,37.91124402742752,-120.83890360849057,NaN,NaN,37.91358947386725,-120.83963530457049,NaN,NaN,10,10,1,NaN,NaN
Sai-nell,Time 1 only,6.5,NaN,39.416219860442226,-123.12379934045016,NaN,NaN,39.41691614991665,-123.11941402736048,NaN,NaN,6,6,1,NaN,NaN
San Imirio,Time 1 only,6,NaN,35.34472570899505,-118.72826277195672,NaN,NaN,35.34472570899505,-118.72826277195672,NaN,NaN,1,1,1,NaN,NaN
San Luis Rey,Time 1 only,6.333333333333333,NaN,33.787756665163954,-116.70959983388082,NaN,NaN,33.79177557461979,-116.70722123946359,NaN,NaN,6,6,1,NaN,NaN
Santo Domingo Pueblo,Time 1 only,5,NaN,35.69008867730724,-106.869263410228,NaN,NaN,35.690088677307244,-106.86926341022799,NaN,NaN,1,1,1,NaN,NaN
Sauk and Meskwaki,Time 1 only,2.5301204819277108,NaN,41.445282481965535,-92.73509445311102,NaN,NaN,41.46534340257903,-92.73733933458122,NaN,NaN,166,166,1,NaN,NaN
Sco-ton,Time 1 only,5.5,NaN,42.6358707044862,-123.40265700216878,NaN,NaN,42.63706926225287,-123.4034161356286,NaN,NaN,4,4,1,NaN,NaN
Se-na-hu-ow,Time 1 only,6.5,NaN,35.23453346797216,-118.60577693045695,NaN,NaN,35.24120542343882,-118.6071457168707,NaN,NaN,8,8,1,NaN,NaN
Secatogue,Time 1 only,4,NaN,40.879005642372356,-72.81052426426542,NaN,NaN,40.879005642372356,-72.81052426426544,NaN,NaN,1,1,1,NaN,NaN
Setauket,Time 1 only,4,NaN,40.879005642372356,-72.81052426426542,NaN,NaN,40.879005642372356,-72.81052426426544,NaN,NaN,1,1,1,NaN,NaN
Si-yan-te,Time 1 only,7,NaN,37.72225394021411,-120.28540160334119,NaN,NaN,37.723324638769064,-120.28613438201151,NaN,NaN,3,3,1,NaN,NaN
Sicoags,Time 1 only,4,NaN,41.80322152467206,-72.73103559636954,NaN,NaN,41.80322152467207,-72.73103559636954,NaN,NaN,1,1,1,NaN,NaN
Siletz,Time 1 only,5.35,NaN,44.57252477804868,-122.89229850234815,NaN,NaN,44.575498758127125,-122.89517474465806,NaN,NaN,20,20,1,NaN,NaN
Sim-sa-wa,Time 1 only,5.8,NaN,39.727836552999484,-121.31008512444531,NaN,NaN,39.729368787140345,-121.30914928742234,NaN,NaN,5,5,1,NaN,NaN
Snake,Time 1 only,5.2,NaN,42.993793007779594,-120.52139285661359,NaN,NaN,43.00422760846432,-120.53313997040696,NaN,NaN,10,10,1,NaN,NaN
So-ho-nut,Time 1 only,6.5,NaN,35.23453346797216,-118.60577693045695,NaN,NaN,35.24120542343882,-118.6071457168707,NaN,NaN,8,8,1,NaN,NaN
Steh-chass,Time 1 only,5.6,NaN,47.400602973786405,-122.94466775115846,NaN,NaN,47.402130104864604,-122.9412579129369,NaN,NaN,5,5,1,NaN,NaN
Steilacoom,Time 1 only,5.6,NaN,47.400602973786405,-122.94466775115846,NaN,NaN,47.402130104864604,-122.9412579129369,NaN,NaN,5,5,1,NaN,NaN
Su-ca-ah,Time 1 only,6.4,NaN,37.91124402742752,-120.83890360849057,NaN,NaN,37.91358947386725,-120.83963530457049,NaN,NaN,10,10,1,NaN,NaN
Su-nu,Time 1 only,5.8,NaN,39.727836552999484,-121.31008512444531,NaN,NaN,39.729368787140345,-121.30914928742234,NaN,NaN,5,5,1,NaN,NaN
T'Peeksin,Time 1 only,5.6,NaN,47.400602973786405,-122.94466775115846,NaN,NaN,47.402130104864604,-122.9412579129369,NaN,NaN,5,5,1,NaN,NaN
Tall-in-chee,Time 1 only,5.833333333333333,NaN,36.840458473050965,-119.77594107199394,NaN,NaN,36.84177230562359,-119.773753286924,NaN,NaN,6,6,1,NaN,NaN
Tamaroa,Time 1 only,2.6666666666666665,NaN,39.170861574107235,-89.11000622833211,NaN,NaN,39.172868233486476,-89.11157636251184,NaN,NaN,54,54,1,NaN,NaN
Tat-nah,Time 1 only,5.444444444444445,NaN,39.62028733178481,-122.41769576659708,NaN,NaN,39.621491874222585,-122.41636173264395,NaN,NaN,9,9,1,NaN,NaN
Te-jon,Time 1 only,6.5,NaN,35.23453346797216,-118.60577693045695,NaN,NaN,35.24120542343882,-118.6071457168707,NaN,NaN,8,8,1,NaN,NaN
Tenino,Time 1 only,5,NaN,44.92148531719221,-120.39959999873712,NaN,NaN,44.92579965242029,-120.40131786324221,NaN,NaN,9,9,1,NaN,NaN
Timucua,Time 1 only,4,NaN,30.62902624709514,-82.59414725897477,NaN,NaN,30.631218086783527,-82.59258196143186,NaN,NaN,46,46,1,NaN,NaN
To-ci-a,Time 1 only,6.5,NaN,35.23453346797216,-118.60577693045695,NaN,NaN,35.24120542343882,-118.6071457168707,NaN,NaN,8,8,1,NaN,NaN
To-e-ne-che,Time 1 only,5.6,NaN,36.69249274353947,-119.74970868215169,NaN,NaN,36.694045152477386,-119.74739209682235,NaN,NaN,5,5,1,NaN,NaN
To-to,Time 1 only,5.8,NaN,39.727836552999484,-121.31008512444531,NaN,NaN,39.729368787140345,-121.30914928742234,NaN,NaN,5,5,1,NaN,NaN
Toc-de,Time 1 only,5.444444444444445,NaN,39.62028733178481,-122.41769576659708,NaN,NaN,39.621491874222585,-122.41636173264395,NaN,NaN,9,9,1,NaN,NaN
Tocobaga,Time 1 only,5,NaN,28.25237004493395,-82.10131760848265,NaN,NaN,28.252896428828347,-82.10056432336913,NaN,NaN,11,11,1,NaN,NaN
Toom-na,Time 1 only,5.833333333333333,NaN,36.840458473050965,-119.77594107199394,NaN,NaN,36.84177230562359,-119.773753286924,NaN,NaN,6,6,1,NaN,NaN
Tu-huc-mach,Time 1 only,5.6,NaN,36.69249274353947,-119.74970868215169,NaN,NaN,36.694045152477386,-119.74739209682235,NaN,NaN,5,5,1,NaN,NaN
Tukudeka,Time 1 only,4,NaN,44.94691863347003,-113.93267385383982,NaN,NaN,44.94691863347003,-113.93267385383982,NaN,NaN,1,1,1,NaN,NaN
Tunxis,Time 1 only,4.333333333333333,NaN,41.557068140043505,-72.73484040646342,NaN,NaN,41.557183189601645,-72.73490047544544,NaN,NaN,3,3,1,NaN,NaN
Uva,Time 1 only,6.5,NaN,35.23453346797216,-118.60577693045695,NaN,NaN,35.24120542343882,-118.6071457168707,NaN,NaN,8,8,1,NaN,NaN
Wa-cha-et,Time 1 only,5.833333333333333,NaN,36.840458473050965,-119.77594107199394,NaN,NaN,36.84177230562359,-119.773753286924,NaN,NaN,6,6,1,NaN,NaN
Wabanaki,Time 1 only,3.5,NaN,44.12250754225885,-71.42892712285806,NaN,NaN,44.13450992430452,-71.44179407472267,NaN,NaN,44,44,1,NaN,NaN
Wack-sa-che,Time 1 only,6.357142857142857,NaN,36.97093931568659,-120.3070801524884,NaN,NaN,36.9783718738219,-120.30507921712349,NaN,NaN,14,14,1,NaN,NaN
Wahpekuta,Time 1 only,2.5384615384615383,NaN,42.166691957824426,-94.4394558713406,NaN,NaN,42.1742391973642,-94.44864628358445,NaN,NaN,65,65,1,NaN,NaN
Wahpeton,Time 1 only,2.08,NaN,46.67681672602968,-98.00158144000571,NaN,NaN,46.679444064766194,-97.99357670128701,NaN,NaN,25,25,1,NaN,NaN
Wai-de-pa-can,Time 1 only,5.666666666666667,NaN,39.11552444750543,-121.06603363764607,NaN,NaN,39.1162812495122,-121.06717551033233,NaN,NaN,6,6,1,NaN,NaN
Wampanoag,Time 1 only,4,NaN,41.97592089049439,-70.84045169117915,NaN,NaN,41.97664450459812,-70.83831648042741,NaN,NaN,9,9,1,NaN,NaN
Wan-nuck,Time 1 only,5.666666666666667,NaN,39.11552444750543,-121.06603363764607,NaN,NaN,39.1162812495122,-121.06717551033233,NaN,NaN,6,6,1,NaN,NaN
Wangunks,Time 1 only,4,NaN,41.70725491718291,-72.53302453536588,NaN,NaN,41.70737062107324,-72.53309041613034,NaN,NaN,3,3,1,NaN,NaN
Wat-sa-he-wa,Time 1 only,5.333333333333333,NaN,41.27871864540987,-122.12640807768787,NaN,NaN,41.28320932118734,-122.13115411153947,NaN,NaN,3,3,1,NaN,NaN
We-chil-la,Time 1 only,6.4,NaN,37.91124402742752,-120.83890360849057,NaN,NaN,37.91358947386725,-120.83963530457049,NaN,NaN,10,10,1,NaN,NaN
We-mal-che,Time 1 only,5.833333333333333,NaN,36.840458473050965,-119.77594107199394,NaN,NaN,36.84177230562359,-119.773753286924,NaN,NaN,6,6,1,NaN,NaN
Wea,Time 1 only,2.7099236641221376,NaN,39.764908147288,-84.87577423644002,NaN,NaN,39.79946209640676,-84.89633192103113,NaN,NaN,131,131,1,NaN,NaN
Wic-chum-ne,Time 1 only,5.6,NaN,36.69249274353947,-119.74970868215169,NaN,NaN,36.694045152477386,-119.74739209682235,NaN,NaN,5,5,1,NaN,NaN
Wichita,Time 1 only,3.25,NaN,35.402582516131595,-98.16913164545014,NaN,NaN,35.40281679220842,-98.16862852237385,NaN,NaN,4,4,1,NaN,NaN
Wil-lay,Time 1 only,5.444444444444445,NaN,39.62028733178481,-122.41769576659708,NaN,NaN,39.621491874222585,-122.41636173264395,NaN,NaN,9,9,1,NaN,NaN
Winnibagoshish,Time 1 only,2,NaN,47.38736477107513,-94.45296474307294,NaN,NaN,47.38860157495531,-94.4524422898218,NaN,NaN,4,4,1,NaN,NaN
Wo-la-si,Time 1 only,6.357142857142857,NaN,36.97093931568659,-120.3070801524884,NaN,NaN,36.9783718738219,-120.30507921712349,NaN,NaN,14,14,1,NaN,NaN
Wo-pum-ne,Time 1 only,6.25,NaN,38.56872337873275,-120.58614672511843,NaN,NaN,38.56996216483193,-120.58660660001422,NaN,NaN,4,4,1,NaN,NaN
Wo-wol,Time 1 only,6,NaN,36.03912338475988,-118.68998327620194,NaN,NaN,36.04213608993132,-118.69182383731905,NaN,NaN,4,4,1,NaN,NaN
Y-lac-ca,Time 1 only,5.666666666666667,NaN,40.792582354973156,-121.49584879018359,NaN,NaN,40.795289922881864,-121.49500348704329,NaN,NaN,6,6,1,NaN,NaN
Ya-cum-na,Time 1 only,5.666666666666667,NaN,39.11552444750543,-121.06603363764607,NaN,NaN,39.1162812495122,-121.06717551033233,NaN,NaN,6,6,1,NaN,NaN
Ya-ma-do,Time 1 only,5.666666666666667,NaN,39.11552444750543,-121.06603363764607,NaN,NaN,39.1162812495122,-121.06717551033233,NaN,NaN,6,6,1,NaN,NaN
Ya-wil-chine,Time 1 only,6.357142857142857,NaN,36.97093931568659,-120.3070801524884,NaN,NaN,36.9783718738219,-120.30507921712349,NaN,NaN,14,14,1,NaN,NaN
Yas-see,Time 1 only,6.25,NaN,38.56872337873275,-120.58614672511843,NaN,NaN,38.56996216483193,-120.58660660001422,NaN,NaN,4,4,1,NaN,NaN
Yo-kol,Time 1 only,5.6,NaN,36.69249274353947,-119.74970868215169,NaN,NaN,36.694045152477386,-119.74739209682235,NaN,NaN,5,5,1,NaN,NaN
Yo-lum-ne,Time 1 only,6,NaN,36.03912338475988,-118.68998327620194,NaN,NaN,36.04213608993132,-118.69182383731905,NaN,NaN,4,4,1,NaN,NaN
Yol-la-mer,Time 1 only,5.666666666666667,NaN,39.11552444750543,-121.06603363764607,NaN,NaN,39.1162812495122,-121.06717551033233,NaN,NaN,6,6,1,NaN,NaN
Yu-ki-as,Time 1 only,6.285714285714286,NaN,39.51766301355902,-122.99707188217938,NaN,NaN,39.51867825341353,-122.99440828178653,NaN,NaN,7,7,1,NaN,NaN
Yuma,Time 1 only,5.333333333333333,NaN,33.18041508187703,-114.41798281800706,NaN,NaN,33.18221873858056,-114.41860722220244,NaN,NaN,3,3,1,NaN,NaN
Yut-duc,Time 1 only,5.8,NaN,39.727836552999484,-121.31008512444531,NaN,NaN,39.729368787140345,-121.30914928742234,NaN,NaN,5,5,1,NaN,NaN
Achomawi,Time 2 only,NaN,7,NaN,NaN,39.44070848713343,-123.39124871176772,NaN,NaN,39.440708487133435,-123.39124871176772,1,1,1,NaN,NaN
Alabama,Time 2 only,NaN,4,NaN,NaN,30.795138009137688,-94.82768803329644,NaN,NaN,30.795138009137695,-94.82768803329643,1,1,1,NaN,NaN
Alabama Quassarte,Time 2 only,NaN,3.6363636363636362,NaN,NaN,35.7243807364866,-95.89698607301811,NaN,NaN,35.72515255133145,-95.8983309003219,11,1,11,NaN,NaN
Cahto,Time 2 only,NaN,7,NaN,NaN,39.44070848713343,-123.39124871176772,NaN,NaN,39.440708487133435,-123.39124871176772,1,1,1,NaN,NaN
Chitimacha,Time 2 only,NaN,4,NaN,NaN,29.69287855998346,-91.44713444087985,NaN,NaN,29.69287855998346,-91.44713444087985,1,1,1,NaN,NaN
Chumash,Time 2 only,NaN,7,NaN,NaN,34.726305871830135,-120.02270085420965,NaN,NaN,34.72630587183013,-120.02270085420965,1,1,1,NaN,NaN
Coushatta,Time 2 only,NaN,3,NaN,NaN,30.724625580060017,-93.82602083123408,NaN,NaN,30.72847142225841,-93.82528810038362,2,1,2,NaN,NaN
Hoh,Time 2 only,NaN,5.5,NaN,NaN,47.44591426113533,-123.67146791487775,NaN,NaN,47.44596786645424,-123.67211089309416,2,1,2,NaN,NaN
Hosquiam,Time 2 only,NaN,5,NaN,NaN,47.03543896295689,-123.30585866734634,NaN,NaN,47.03642780748776,-123.30491271674519,2,1,2,NaN,NaN
Maliseet,Time 2 only,NaN,3,NaN,NaN,46.664435632757865,-68.60040274738552,NaN,NaN,46.66443563275787,-68.6004027473855,1,1,1,NaN,NaN
Mattaponi,Time 2 only,NaN,3,NaN,NaN,37.70982203437246,-77.09398359271847,NaN,NaN,37.70982203437245,-77.09398359271846,1,1,1,NaN,NaN
Monache,Time 2 only,NaN,6,NaN,NaN,36.75971831915261,-119.6446224331124,NaN,NaN,36.759718319152604,-119.6446224331124,1,1,1,NaN,NaN
Nomelaki,Time 2 only,NaN,7,NaN,NaN,39.44070848713343,-123.39124871176772,NaN,NaN,39.440708487133435,-123.39124871176772,1,1,1,NaN,NaN
Passamaquoddy,Time 2 only,NaN,5,NaN,NaN,45.018640269658206,-67.62833902882109,NaN,NaN,45.0186402696582,-67.6283390288211,1,1,1,NaN,NaN
Sac,Time 2 only,NaN,6,NaN,NaN,48.26442128514769,-121.74150549103203,NaN,NaN,48.26442389445239,-121.74140104922238,2,1,2,NaN,NaN
Sac and Fox,Time 2 only,NaN,3,NaN,NaN,38.662660566927315,-95.59690595810503,NaN,NaN,38.6731585364689,-95.65952943063532,6,1,6,NaN,NaN
Sandia Pueblo,Time 2 only,NaN,5,NaN,NaN,35.370951455020645,-106.76982541281505,NaN,NaN,35.370992184340665,-106.76943221649249,2,1,2,NaN,NaN
Santo Domingo,Time 2 only,NaN,5,NaN,NaN,35.69008867730724,-106.869263410228,NaN,NaN,35.690088677307244,-106.86926341022799,1,1,1,NaN,NaN
Serrano,Time 2 only,NaN,5,NaN,NaN,34.84508835144679,-116.17837623883858,NaN,NaN,34.84508835144678,-116.17837623883858,1,1,1,NaN,NaN
Shaghticoke,Time 2 only,NaN,4,NaN,NaN,41.79425890618927,-73.24510056689901,NaN,NaN,41.79425890618927,-73.24510056689901,1,1,1,NaN,NaN
Tonkawa,Time 2 only,NaN,3,NaN,NaN,36.818238499235235,-97.14414358482526,NaN,NaN,36.81823849923523,-97.14414358482524,1,1,1,NaN,NaN
Tunica-Biloxi,Time 2 only,NaN,3,NaN,NaN,31.078223379700848,-92.00078569346945,NaN,NaN,31.078223379700848,-92.00078569346945,1,1,1,NaN,NaN
Wichita and Affiliated Tribes,Time 2 only,NaN,3.3333333333333335,NaN,NaN,35.42332702309272,-98.44500720193628,NaN,NaN,35.42411148158484,-98.44452772601393,6,1,6,NaN,NaN
Wiyot,Time 2 only,NaN,7,NaN,NaN,40.70280018457289,-123.875776967048,NaN,NaN,40.70280018457289,-123.875776967048,1,1,1,NaN,NaN
Yaqui,Time 2 only,NaN,5,NaN,NaN,32.098204991084984,-111.78929882596437,NaN,NaN,32.098204991084984,-111.78929882596437,1,1,1,NaN,NaN
Ysleta del Sur Pueblo,Time 2 only,NaN,5,NaN,NaN,31.77021940862255,-106.23646474611975,NaN,NaN,31.770219408622552,-106.23646474611975,1,1,1,NaN,NaN
Yuki,Time 2 only,NaN,7,NaN,NaN,39.44070848713343,-123.39124871176772,NaN,NaN,39.440708487133435,-123.39124871176772,1,1,1,NaN,NaN
Yurok,Time 2 only,NaN,7,NaN,NaN,41.22285972719236,-123.88662137240827,NaN,NaN,41.22286023583831,-123.88653512996844,2,1,2,NaN,NaN
