FIPS,amen_rank
1001,4
1003,4
1005,4
1007,3
1009,4
1011,3
1013,3
1015,4
1017,3
1019,4
1021,4
1023,4
1025,4
1027,4
1029,4
1031,3
1033,4
1035,3
1037,4
1039,3
1041,3
1043,4
1045,3
1047,3
1049,3
1051,4
1053,3
1055,4
1057,3
1059,4
1061,3
1063,3
1065,4
1067,4
1069,3
1071,4
1073,4
1075,3
1077,4
1079,4
1081,3
1083,3
1085,3
1087,3
1089,3
1091,3
1093,3
1095,4
1097,4
1099,4
1101,3
1103,4
1105,4
1107,4
1109,3
1111,4
1113,3
1115,4
1117,4
1119,3
1121,4
1123,4
1125,4
1127,4
1129,3
1131,4
1133,4
4001,5
4003,7
4005,6
4007,7
4009,6
4011,6
4012,5
4013,6
4015,6
4017,4
4019,5
4021,5
4023,6
4025,6
4027,5
5001,3
5003,3
5005,5
5007,5
5009,4
5011,3
5013,3
5015,4
5017,3
5019,4
5021,2
5023,4
5025,3
5027,3
5029,3
5031,2
5033,4
5035,3
5037,3
5039,3
5041,3
5043,3
5045,3
5047,4
5049,4
5051,4
5053,3
5055,3
5057,3
5059,4
5061,4
5063,4
5065,4
5067,3
5069,3
5071,5
5073,3
5075,3
5077,3
5079,3
5081,3
5083,4
5085,3
5087,3
5089,5
5091,3
5093,3
5095,3
5097,4
5099,3
5101,3
5103,3
5105,4
5107,3
5109,4
5111,2
5113,4
5115,4
5117,3
5119,4
5121,3
5123,3
5125,4
5127,4
5129,4
5131,4
5133,3
5135,4
5137,4
5139,3
5141,5
5143,4
5145,3
5147,3
5149,4
6001,6
6003,7
6005,7
6007,6
6009,7
6011,5
6013,7
6015,7
6017,6
6019,6
6021,5
6023,7
6025,6
6027,7
6029,6
6031,5
6033,6
6035,6
6037,7
6039,6
6041,7
6043,7
6045,7
6047,5
6049,6
6051,7
6053,7
6055,7
6057,7
6059,7
6061,6
6063,6
6065,6
6067,5
6069,6
6071,5
6073,7
6075,7
6077,6
6079,7
6081,7
6083,7
6085,6
6087,7
6089,6
6091,6
6093,5
6095,6
6097,7
6099,7
6101,4
6103,5
6105,5
6107,6
6109,7
6111,7
6113,6
6115,6
8001,5
8003,4
8005,5
8007,6
8009,4
8011,5
8013,6
8015,6
8017,3
8019,7
8021,6
8023,6
8025,5
8027,6
8029,5
8031,5
8033,5
8035,6
8037,5
8039,4
8041,6
8043,6
8045,5
8047,7
8049,7
8051,6
8053,7
8055,6
8057,6
8059,6
8061,4
8063,3
8065,7
8067,6
8069,6
8071,5
8073,4
8075,4
8077,4
8079,6
8081,5
8083,5
8085,5
8087,4
8089,4
8091,6
8093,7
8095,3
8097,6
8099,4
8101,4
8103,5
8105,6
8107,6
8109,6
8111,7
8113,6
8115,4
8117,7
8119,6
8121,4
8123,4
8125,4
9001,4
9003,4
9005,4
9007,4
9009,5
9011,5
9013,4
9015,4
10001,3
10003,3
10005,3
11001,3
12001,5
12003,4
12005,4
12007,4
12009,5
12011,6
12013,4
12015,6
12017,5
12019,4
12021,6
12023,4
12025,6
12027,5
12029,5
12031,4
12033,5
12035,5
12037,5
12039,4
12041,4
12043,6
12045,4
12047,4
12049,4
12051,5
12053,5
12055,5
12057,5
12059,4
12061,6
12063,4
12065,4
12067,4
12069,5
12071,6
12073,4
12075,5
12077,4
12079,4
12081,6
12083,5
12085,6
12087,6
12089,4
12091,4
12093,6
12095,5
12097,5
12099,6
12101,5
12103,6
12105,5
12107,5
12109,5
12111,6
12113,4
12115,6
12117,5
12119,5
12121,4
12123,4
12125,4
12127,5
12129,4
12131,4
12133,4
13001,4
13003,4
13005,3
13007,3
13009,4
13011,3
13013,3
13015,4
13017,3
13019,4
13021,4
13023,4
13025,3
13027,4
13029,4
13031,4
13033,3
13035,4
13037,4
13039,4
13043,4
13045,3
13047,3
13049,3
13051,4
13053,3
13055,3
13057,4
13059,3
13061,4
13063,3
13065,4
13067,3
13069,3
13071,4
13073,4
13075,4
13077,3
13079,4
13081,4
13083,3
13085,5
13087,4
13089,3
13091,3
13093,3
13095,3
13097,3
13099,4
13101,4
13103,3
13105,3
13107,3
13109,4
13111,5
13113,3
13115,4
13117,4
13119,3
13121,3
13123,4
13125,3
13127,4
13129,3
13131,4
13133,5
13135,3
13137,4
13139,4
13141,4
13143,3
13145,4
13147,4
13149,4
13151,3
13153,3
13155,4
13157,3
13159,4
13161,3
13163,3
13165,3
13167,3
13169,4
13171,3
13173,4
13175,3
13177,4
13179,4
13181,4
13183,3
13185,4
13187,4
13189,4
13191,4
13193,3
13195,3
13197,3
13199,3
13201,3
13205,3
13207,4
13209,4
13211,4
13213,4
13215,4
13217,4
13219,3
13221,3
13223,4
13225,3
13227,4
13229,3
13231,3
13233,4
13235,4
13237,5
13239,4
13241,5
13243,3
13245,3
13247,4
13249,3
13251,3
13253,4
13255,3
13257,4
13259,3
13261,4
13263,4
13265,3
13267,4
13269,3
13271,3
13273,3
13275,4
13277,4
13279,4
13281,5
13283,3
13285,4
13287,4
13289,3
13291,5
13293,4
13295,3
13297,3
13299,3
13301,4
13303,3
13305,3
13307,3
13309,4
13311,4
13313,3
13315,3
13317,4
13319,4
13321,4
16001,4
16003,5
16005,4
16007,5
16009,5
16011,4
16013,5
16015,5
16017,5
16019,4
16021,5
16023,4
16025,5
16027,4
16029,5
16031,4
16033,3
16035,4
16037,4
16039,5
16041,4
16043,5
16045,5
16047,4
16049,5
16051,4
16053,4
16055,5
16057,4
16059,4
16061,4
16063,3
16065,4
16067,4
16069,4
16071,4
16073,4
16075,4
16077,4
16079,5
16081,4
16083,4
16085,5
16087,4
17001,3
17003,4
17005,3
17007,2
17009,2
17011,2
17013,3
17015,3
17017,3
17019,1
17021,3
17023,2
17025,2
17027,3
17029,2
17031,3
17033,2
17035,2
17037,2
17039,2
17041,2
17043,2
17045,2
17047,2
17049,2
17051,3
17053,2
17055,3
17057,3
17059,3
17061,2
17063,3
17065,2
17067,3
17069,4
17071,3
17073,2
17075,2
17077,4
17079,2
17081,3
17083,3
17085,3
17087,4
17089,2
17091,2
17093,2
17095,2
17097,3
17099,2
17101,2
17103,2
17105,2
17107,2
17109,2
17111,2
17113,2
17115,2
17117,2
17119,3
17121,3
17123,3
17125,3
17127,3
17129,2
17131,2
17133,3
17135,3
17137,2
17139,3
17141,2
17143,2
17145,3
17147,2
17149,3
17151,3
17153,3
17155,3
17157,4
17159,3
17161,3
17163,3
17165,3
17167,2
17169,3
17171,2
17173,2
17175,2
17177,2
17179,2
17181,4
17183,2
17185,3
17187,2
17189,2
17191,2
17193,3
17195,2
17197,2
17199,4
17201,2
17203,2
18001,2
18003,2
18005,2
18007,1
18009,2
18011,2
18013,3
18015,2
18017,2
18019,2
18021,2
18023,2
18025,3
18027,3
18029,3
18031,2
18033,2
18035,2
18037,3
18039,2
18041,2
18043,3
18045,2
18047,3
18049,2
18051,3
18053,2
18055,3
18057,2
18059,2
18061,3
18063,2
18065,2
18067,2
18069,2
18071,3
18073,2
18075,2
18077,3
18079,2
18081,3
18083,3
18085,2
18087,2
18089,3
18091,3
18093,3
18095,2
18097,2
18099,2
18101,3
18103,2
18105,4
18107,2
18109,3
18111,2
18113,3
18115,3
18117,4
18119,3
18121,2
18123,3
18125,3
18127,3
18129,3
18131,2
18133,2
18135,2
18137,2
18139,2
18141,2
18143,3
18145,2
18147,3
18149,2
18151,3
18153,3
18155,3
18157,2
18159,1
18161,3
18163,2
18165,2
18167,3
18169,3
18171,2
18173,3
18175,3
18177,2
18179,2
18181,2
18183,2
19001,3
19003,3
19005,3
19007,3
19009,3
19011,2
19013,2
19015,2
19017,2
19019,2
19021,2
19023,2
19025,2
19027,3
19029,3
19031,2
19033,2
19035,2
19037,2
19039,2
19041,2
19043,3
19045,2
19047,3
19049,2
19051,3
19053,3
19055,2
19057,3
19059,3
19061,3
19063,3
19065,2
19067,2
19069,2
19071,3
19073,2
19075,1
19077,3
19079,2
19081,2
19083,2
19085,3
19087,2
19089,2
19091,2
19093,3
19095,2
19097,3
19099,2
19101,2
19103,2
19105,2
19107,2
19109,2
19111,3
19113,2
19115,3
19117,2
19119,2
19121,3
19123,3
19125,2
19127,2
19129,3
19131,2
19133,3
19135,2
19137,3
19139,2
19141,2
19143,2
19145,3
19147,2
19149,2
19151,2
19153,3
19155,3
19157,2
19159,3
19161,3
19163,2
19165,3
19167,2
19169,2
19171,2
19173,3
19175,3
19177,3
19179,3
19181,3
19183,2
19185,3
19187,2
19189,2
19191,2
19193,3
19195,2
19197,2
20001,3
20003,2
20005,3
20007,3
20009,3
20011,3
20013,2
20015,4
20017,3
20019,4
20021,3
20023,3
20025,4
20027,3
20029,3
20031,3
20033,3
20035,3
20037,3
20039,3
20041,3
20043,3
20045,4
20047,2
20049,4
20051,2
20053,3
20055,3
20057,3
20059,3
20061,4
20063,3
20065,3
20067,3
20069,3
20071,3
20073,4
20075,3
20077,3
20079,3
20081,3
20083,3
20085,2
20087,3
20089,3
20091,3
20093,3
20095,3
20097,3
20099,3
20101,3
20103,3
20105,3
20107,3
20109,3
20111,3
20113,3
20115,3
20117,3
20119,3
20121,3
20123,4
20125,3
20127,3
20129,3
20131,2
20133,3
20135,3
20137,4
20139,3
20141,3
20143,3
20145,3
20147,4
20149,3
20151,3
20153,3
20155,3
20157,3
20159,3
20161,3
20163,3
20165,2
20167,4
20169,3
20171,3
20173,3
20175,3
20177,3
20179,3
20181,3
20183,3
20185,3
20187,3
20189,3
20191,3
20193,3
20195,4
20197,4
20199,3
20201,2
20203,3
20205,3
20207,3
20209,3
21001,4
21003,3
21005,3
21007,3
21009,3
21011,4
21013,4
21015,4
21017,2
21019,4
21021,3
21023,4
21025,3
21027,4
21029,3
21031,3
21033,3
21035,3
21037,4
21039,3
21041,4
21043,4
21045,3
21047,3
21049,3
21051,3
21053,4
21055,4
21057,4
21059,3
21061,4
21063,4
21065,4
21067,2
21069,3
21071,3
21073,3
21075,3
21077,4
21079,3
21081,3
21083,2
21085,4
21087,2
21089,4
21091,4
21093,3
21095,4
21097,3
21099,3
21101,3
21103,3
21105,3
21107,3
21109,3
21111,4
21113,3
21115,4
21117,3
21119,4
21121,3
21123,3
21125,4
21127,3
21129,4
21131,3
21133,3
21135,4
21137,3
21139,4
21141,3
21143,4
21145,3
21147,4
21149,3
21151,3
21153,3
21155,3
21157,3
21159,3
21161,4
21163,4
21165,4
21167,3
21169,2
21171,3
21173,3
21175,4
21177,4
21179,3
21181,3
21183,3
21185,3
21187,3
21189,3
21191,3
21193,3
21195,3
21197,3
21199,4
21201,3
21203,3
21205,4
21207,4
21209,3
21211,3
21213,2
21215,4
21217,4
21219,3
21221,4
21223,4
21225,4
21227,3
21229,3
21231,4
21233,2
21235,4
21237,3
21239,3
22001,3
22003,2
22005,3
22007,3
22009,3
22011,3
22013,3
22015,4
22017,4
22019,3
22021,4
22023,4
22025,4
22027,4
22029,3
22031,4
22033,3
22035,3
22037,3
22039,3
22041,3
22043,3
22045,4
22047,3
22049,4
22051,4
22053,3
22055,2
22057,4
22059,3
22061,3
22063,4
22065,3
22067,3
22069,4
22071,4
22073,4
22075,4
22077,4
22079,3
22081,4
22083,3
22085,4
22087,4
22089,3
22091,3
22093,3
22095,3
22097,3
22099,3
22101,4
22103,4
22105,3
22107,3
22109,4
22111,4
22113,4
22115,4
22117,3
22119,4
22121,3
22123,2
22125,3
22127,3
23001,3
23003,3
23005,4
23007,4
23009,4
23011,3
23013,4
23015,4
23017,4
23019,3
23021,4
23023,4
23025,4
23027,4
23029,5
23031,4
24001,4
24003,4
24005,3
24009,4
24011,3
24013,3
24015,4
24017,4
24019,4
24021,4
24023,4
24025,3
24027,3
24029,3
24031,3
24033,3
24035,3
24037,4
24039,3
24041,4
24043,4
24045,3
24047,4
24510,3
25001,4
25003,4
25005,4
25007,5
25009,4
25011,3
25013,3
25015,3
25017,3
25019,5
25021,3
25023,4
25025,4
25027,4
26001,4
26003,3
26005,3
26007,4
26009,4
26011,3
26013,3
26015,3
26017,3
26019,4
26021,3
26023,2
26025,2
26027,3
26029,4
26031,4
26033,3
26035,2
26037,2
26039,2
26041,3
26043,2
26045,2
26047,4
26049,3
26051,2
26053,3
26055,4
26057,2
26059,2
26061,3
26063,3
26065,2
26067,2
26069,3
26071,2
26073,2
26075,2
26077,3
26079,3
26081,2
26083,4
26085,3
26087,3
26089,4
26091,2
26093,3
26095,3
26097,3
26099,3
26101,4
26103,3
26105,4
26107,3
26109,3
26111,2
26113,3
26115,3
26117,2
26119,3
26121,3
26123,3
26125,3
26127,4
26129,3
26131,3
26133,2
26135,3
26137,3
26139,3
26141,4
26143,3
26145,2
26147,3
26149,2
26151,3
26153,3
26155,2
26157,3
26159,3
26161,3
26163,3
26165,3
27001,3
27003,2
27005,2
27007,2
27009,2
27011,2
27013,2
27015,2
27017,3
27019,2
27021,2
27023,2
27025,2
27027,2
27029,2
27031,5
27033,2
27035,3
27037,2
27039,1
27041,2
27043,2
27045,2
27047,2
27049,3
27051,2
27053,3
27055,3
27057,2
27059,2
27061,2
27063,3
27065,2
27067,2
27069,1
27071,2
27073,2
27075,4
27077,2
27079,3
27081,3
27083,2
27085,2
27087,2
27089,2
27091,2
27093,2
27095,3
27097,2
27099,1
27101,3
27103,2
27105,2
27107,1
27109,2
27111,2
27113,1
27115,2
27117,2
27119,2
27121,2
27123,3
27125,1
27127,2
27129,2
27131,3
27133,2
27135,2
27137,3
27139,2
27141,2
27143,2
27145,2
27147,2
27149,2
27151,2
27153,2
27155,2
27157,3
27159,2
27161,2
27163,3
27165,2
27167,1
27169,3
27171,2
27173,2
28001,4
28003,3
28005,3
28007,3
28009,3
28011,3
28013,4
28015,3
28017,3
28019,3
28021,3
28023,4
28025,3
28027,3
28029,3
28031,3
28033,3
28035,3
28037,3
28039,3
28041,3
28043,4
28045,4
28047,4
28049,3
28051,3
28053,3
28055,3
28057,4
28059,4
28061,3
28063,3
28065,3
28067,3
28069,3
28071,4
28073,3
28075,4
28077,3
28079,4
28081,3
28083,3
28085,3
28087,3
28089,3
28091,3
28093,3
28095,4
28097,3
28099,4
28101,4
28103,4
28105,3
28107,3
28109,3
28111,3
28113,3
28115,3
28117,3
28119,3
28121,4
28123,3
28125,3
28127,3
28129,3
28131,3
28133,3
28135,3
28137,3
28139,3
28141,4
28143,3
28145,3
28147,3
28149,3
28151,3
28153,3
28155,3
28157,3
28159,4
28161,4
28163,3
29001,3
29003,3
29005,3
29007,2
29009,4
29011,3
29013,3
29015,4
29017,4
29019,3
29021,3
29023,3
29025,2
29027,3
29029,4
29031,4
29033,3
29035,4
29037,3
29039,4
29041,4
29043,4
29045,3
29047,4
29049,3
29051,4
29053,3
29055,3
29057,4
29059,3
29061,3
29063,2
29065,4
29067,3
29069,3
29071,4
29073,4
29075,3
29077,4
29079,3
29081,3
29083,3
29085,4
29087,3
29089,4
29091,4
29093,4
29095,3
29097,2
29099,4
29101,3
29103,3
29105,3
29107,3
29109,2
29111,3
29113,4
29115,3
29117,3
29119,3
29121,3
29123,4
29125,4
29127,3
29129,3
29131,4
29133,3
29135,4
29137,3
29139,3
29141,4
29143,3
29145,3
29147,2
29149,3
29151,4
29153,4
29155,3
29157,4
29159,3
29161,3
29163,4
29165,4
29167,3
29169,4
29171,3
29173,3
29175,3
29177,3
29179,4
29181,4
29183,4
29185,4
29186,4
29187,4
29189,4
29195,3
29197,3
29199,3
29201,3
29203,3
29205,2
29207,2
29209,4
29211,3
29213,4
29215,4
29217,3
29219,4
29221,4
29223,4
29225,3
29227,3
29229,4
29510,3
30001,5
30003,4
30005,4
30007,5
30009,5
30011,3
30013,4
30015,3
30017,3
30019,2
30021,3
30023,4
30025,3
30027,5
30029,5
30031,5
30033,4
30035,6
30037,4
30039,4
30041,3
30043,4
30045,4
30047,5
30049,5
30051,4
30053,4
30055,4
30057,5
30059,5
30061,4
30063,4
30065,4
30067,5
30069,4
30071,4
30073,5
30075,3
30077,4
30079,3
30081,4
30083,3
30085,2
30087,3
30089,4
30091,3
30093,4
30095,5
30097,5
30099,5
30101,4
30103,3
30105,3
30107,5
30109,3
30111,4
30113,5
31001,2
31003,2
31005,3
31007,3
31009,3
31011,3
31013,3
31015,2
31017,3
31019,3
31021,3
31023,2
31025,3
31027,3
31029,3
31031,3
31033,3
31035,2
31037,3
31039,3
31041,3
31043,3
31045,3
31047,4
31049,3
31051,3
31053,3
31055,3
31057,3
31059,2
31061,3
31063,4
31065,3
31067,2
31069,4
31071,3
31073,3
31075,3
31077,3
31079,3
31081,2
31083,3
31085,2
31087,3
31089,3
31091,3
31093,4
31095,2
31097,2
31099,2
31101,4
31103,2
31105,3
31107,3
31109,2
31111,4
31113,3
31115,3
31117,3
31119,3
31121,2
31123,4
31125,3
31127,3
31129,3
31131,2
31133,2
31135,2
31137,3
31139,2
31141,3
31143,2
31145,3
31147,3
31149,3
31151,2
31153,3
31155,2
31157,4
31159,2
31161,4
31163,4
31165,3
31167,3
31169,2
31171,3
31173,3
31175,3
31177,2
31179,2
31181,3
31183,3
31185,2
32001,6
32003,6
32005,7
32007,4
32009,5
32011,4
32013,5
32015,5
32017,5
32019,6
32021,6
32023,6
32027,5
32029,6
32031,6
32033,5
32510,7
33001,4
33003,4
33005,4
33007,3
33009,4
33011,4
33013,3
33015,4
33017,3
33019,3
34001,3
34003,4
34005,3
34007,3
34009,4
34011,4
34013,3
34015,3
34017,4
34019,4
34021,3
34023,3
34025,4
34027,4
34029,4
34031,4
34033,3
34035,3
34037,4
34039,4
34041,4
35001,5
35003,6
35005,5
35006,5
35007,5
35009,4
35011,5
35013,6
35015,6
35017,6
35019,5
35021,4
35023,5
35025,4
35027,5
35028,5
35029,5
35031,5
35033,6
35035,5
35037,4
35039,6
35041,4
35043,5
35045,5
35047,5
35049,5
35051,6
35053,5
35055,5
35057,5
35059,4
35061,5
36001,4
36003,3
36005,4
36007,3
36009,3
36011,3
36013,3
36015,3
36017,3
36019,3
36021,3
36023,3
36025,4
36027,3
36029,3
36031,3
36033,3
36035,3
36037,2
36039,4
36041,4
36043,3
36045,3
36047,3
36049,2
36051,3
36053,3
36055,3
36057,2
36059,4
36061,3
36063,3
36065,3
36067,2
36069,3
36071,4
36073,3
36075,3
36077,3
36079,4
36081,3
36083,3
36085,4
36087,4
36089,3
36091,4
36093,3
36095,3
36097,3
36099,3
36101,3
36103,4
36105,4
36107,3
36109,3
36111,4
36113,3
36115,3
36117,3
36119,4
36121,2
36123,3
37001,3
37003,4
37005,4
37007,4
37009,4
37011,4
37013,3
37015,3
37017,3
37019,4
37021,4
37023,4
37025,3
37027,4
37029,4
37031,4
37033,4
37035,4
37037,4
37039,5
37041,4
37043,5
37045,4
37047,3
37049,4
37051,3
37053,4
37055,4
37057,3
37059,3
37061,3
37063,3
37065,3
37067,3
37069,3
37071,4
37073,3
37075,5
37077,3
37079,2
37081,3
37083,3
37085,3
37087,4
37089,4
37091,3
37093,3
37095,4
37097,4
37099,5
37101,3
37103,3
37105,3
37107,3
37109,4
37111,4
37113,5
37115,4
37117,2
37119,4
37121,4
37123,4
37125,4
37127,3
37129,4
37131,3
37133,4
37135,3
37137,4
37139,4
37141,4
37143,4
37145,4
37147,3
37149,4
37151,3
37153,4
37155,3
37157,4
37159,3
37161,4
37163,3
37165,3
37167,4
37169,3
37171,4
37173,5
37175,5
37177,4
37179,3
37181,3
37183,4
37185,3
37187,4
37189,4
37191,3
37193,4
37195,3
37197,4
37199,4
38001,3
38003,2
38005,2
38007,3
38009,2
38011,3
38013,3
38015,3
38017,1
38019,2
38021,2
38023,3
38025,4
38027,2
38029,3
38031,2
38033,3
38035,1
38037,3
38039,2
38041,3
38043,3
38045,2
38047,2
38049,2
38051,3
38053,3
38055,3
38057,3
38059,3
38061,3
38063,2
38065,3
38067,1
38069,2
38071,2
38073,2
38075,2
38077,2
38079,3
38081,2
38083,3
38085,3
38087,3
38089,3
38091,2
38093,3
38095,2
38097,1
38099,2
38101,3
38103,2
38105,3
39001,3
39003,2
39005,2
39007,3
39009,3
39011,2
39013,4
39015,3
39017,3
39019,3
39021,2
39023,3
39025,3
39027,3
39029,3
39031,3
39033,2
39035,3
39037,2
39039,2
39041,3
39043,3
39045,3
39047,2
39049,2
39051,2
39053,3
39055,2
39057,3
39059,4
39061,3
39063,2
39065,2
39067,3
39069,2
39071,3
39073,3
39075,3
39077,2
39079,3
39081,3
39083,2
39085,3
39087,3
39089,3
39091,3
39093,3
39095,3
39097,2
39099,3
39101,2
39103,2
39105,2
39107,3
39109,2
39111,3
39113,2
39115,4
39117,2
39119,4
39121,4
39123,3
39125,2
39127,4
39129,3
39131,3
39133,3
39135,3
39137,2
39139,2
39141,3
39143,2
39145,3
39147,2
39149,2
39151,2
39153,2
39155,3
39157,3
39159,2
39161,2
39163,3
39165,3
39167,4
39169,2
39171,2
39173,2
39175,2
40001,4
40003,3
40005,5
40007,4
40009,3
40011,3
40013,4
40015,4
40017,3
40019,4
40021,5
40023,4
40025,4
40027,4
40029,4
40031,4
40033,4
40035,3
40037,4
40039,4
40041,4
40043,4
40045,4
40047,3
40049,4
40051,3
40053,3
40055,4
40057,3
40059,4
40061,4
40063,3
40065,3
40067,4
40069,4
40071,3
40073,3
40075,4
40077,4
40079,4
40081,4
40083,3
40085,4
40087,4
40089,4
40091,4
40093,3
40095,5
40097,4
40099,4
40101,4
40103,3
40105,3
40107,4
40109,4
40111,3
40113,4
40115,3
40117,3
40119,4
40121,4
40123,4
40125,4
40127,4
40129,3
40131,4
40133,4
40135,5
40137,4
40139,4
40141,4
40143,3
40145,3
40147,4
40149,3
40151,3
40153,3
41001,5
41003,5
41005,5
41007,6
41009,6
41011,6
41013,6
41015,6
41017,6
41019,6
41021,4
41023,4
41025,5
41027,5
41029,5
41031,6
41033,5
41035,6
41037,5
41039,5
41041,6
41043,5
41045,4
41047,5
41049,5
41051,5
41053,5
41055,4
41057,6
41059,4
41061,4
41063,5
41065,5
41067,5
41069,5
41071,5
42001,3
42003,4
42005,4
42007,4
42009,3
42011,3
42013,3
42015,4
42017,3
42019,3
42021,3
42023,4
42025,4
42027,3
42029,3
42031,3
42033,4
42035,4
42037,3
42039,3
42041,3
42043,4
42045,3
42047,4
42049,3
42051,4
42053,3
42055,3
42057,3
42059,4
42061,4
42063,4
42065,3
42067,3
42069,4
42071,4
42073,4
42075,3
42077,3
42079,4
42081,4
42083,3
42085,2
42087,3
42089,4
42091,3
42093,4
42095,3
42097,4
42099,3
42101,3
42103,4
42105,2
42107,4
42109,3
42111,3
42113,3
42115,4
42117,3
42119,3
42121,3
42123,3
42125,4
42127,4
42129,4
42131,4
42133,3
44001,4
44003,4
44005,4
44007,4
44009,5
45001,3
45003,3
45005,3
45007,4
45009,3
45011,3
45013,4
45015,4
45017,4
45019,4
45021,3
45023,3
45025,3
45027,4
45029,4
45031,4
45033,3
45035,3
45037,3
45039,4
45041,3
45043,4
45045,4
45047,3
45049,3
45051,4
45053,4
45055,4
45057,4
45059,3
45061,3
45063,4
45065,4
45067,3
45069,4
45071,4
45073,5
45075,4
45077,5
45079,4
45081,3
45083,4
45085,4
45087,3
45089,3
45091,4
46003,2
46005,2
46007,4
46009,3
46011,3
46013,2
46015,3
46017,3
46019,4
46021,3
46023,3
46025,2
46027,3
46029,3
46031,3
46033,4
46035,2
46037,3
46039,3
46041,4
46043,2
46045,2
46047,4
46049,2
46051,2
46053,3
46055,3
46057,3
46059,2
46061,2
46063,3
46065,4
46067,2
46069,2
46071,3
46073,2
46075,3
46077,3
46079,3
46081,4
46083,2
46085,3
46087,2
46089,3
46091,3
46093,3
46095,3
46097,2
46099,2
46101,2
46103,4
46105,3
46107,3
46109,3
46111,2
46113,3
46115,2
46117,3
46119,4
46121,3
46123,2
46125,2
46127,3
46129,3
46135,3
46137,3
47001,4
47003,3
47005,4
47007,3
47009,4
47011,3
47013,4
47015,2
47017,3
47019,5
47021,3
47023,3
47025,4
47027,4
47029,4
47031,3
47033,3
47035,4
47037,4
47039,4
47041,4
47043,3
47045,3
47047,3
47049,3
47051,4
47053,3
47055,3
47057,4
47059,4
47061,3
47063,4
47065,4
47067,4
47069,3
47071,4
47073,4
47075,3
47077,4
47079,4
47081,3
47083,4
47085,4
47087,4
47089,4
47091,4
47093,4
47095,3
47097,3
47099,3
47101,3
47103,3
47105,4
47107,3
47109,3
47111,3
47113,3
47115,4
47117,3
47119,3
47121,4
47123,4
47125,3
47127,4
47129,3
47131,3
47133,4
47135,4
47137,4
47139,4
47141,4
47143,4
47145,4
47147,3
47149,3
47151,4
47153,3
47155,4
47157,3
47159,4
47161,4
47163,4
47165,4
47167,3
47169,3
47171,4
47173,4
47175,3
47177,3
47179,4
47181,3
47183,3
47185,3
47187,3
47189,3
48001,4
48003,4
48005,4
48007,5
48009,3
48011,4
48013,4
48015,4
48017,4
48019,6
48021,4
48023,4
48025,3
48027,4
48029,5
48031,5
48033,5
48035,4
48037,4
48039,4
48041,4
48043,5
48045,4
48047,3
48049,4
48051,4
48053,5
48055,4
48057,4
48059,4
48061,5
48063,4
48065,4
48067,4
48069,4
48071,4
48073,4
48075,4
48077,3
48079,3
48081,5
48083,4
48085,4
48087,3
48089,4
48091,5
48093,4
48095,4
48097,4
48099,4
48101,3
48103,4
48105,4
48107,5
48109,5
48111,4
48113,4
48115,3
48117,4
48119,3
48121,4
48123,4
48125,4
48127,4
48129,4
48131,4
48133,4
48135,5
48137,5
48139,4
48141,5
48143,3
48145,4
48147,4
48149,4
48151,4
48153,4
48155,3
48157,3
48159,4
48161,4
48163,4
48165,4
48167,4
48169,4
48171,5
48173,4
48175,4
48177,4
48179,4
48181,4
48183,4
48185,4
48187,4
48189,3
48191,4
48193,3
48195,3
48197,4
48199,4
48201,3
48203,4
48205,4
48207,4
48209,4
48211,4
48213,5
48215,4
48217,4
48219,4
48221,4
48223,4
48225,4
48227,4
48229,5
48231,4
48233,4
48235,4
48237,4
48239,3
48241,4
48243,6
48245,4
48247,3
48249,4
48251,4
48253,4
48255,4
48257,4
48259,6
48261,5
48263,4
48265,5
48267,4
48269,4
48271,5
48273,5
48275,4
48277,4
48279,4
48281,5
48283,4
48285,3
48287,4
48289,4
48291,4
48293,4
48295,3
48297,5
48299,5
48301,5
48303,4
48305,4
48307,5
48309,4
48311,4
48313,4
48315,4
48317,4
48319,4
48321,4
48323,4
48325,4
48327,4
48329,4
48331,4
48333,3
48335,5
48337,3
48339,4
48341,5
48343,4
48345,3
48347,4
48349,4
48351,4
48353,4
48355,5
48357,4
48359,4
48361,4
48363,4
48365,4
48367,4
48369,4
48371,5
48373,4
48375,5
48377,5
48379,4
48381,5
48383,4
48385,5
48387,3
48389,5
48391,5
48393,3
48395,4
48397,4
48399,4
48401,4
48403,4
48405,4
48407,4
48409,4
48411,5
48413,4
48415,4
48417,3
48419,5
48421,3
48423,4
48425,4
48427,4
48429,4
48431,4
48433,4
48435,4
48437,4
48439,4
48441,4
48443,5
48445,4
48447,3
48449,4
48451,5
48453,5
48455,4
48457,4
48459,4
48461,4
48463,5
48465,6
48467,4
48469,3
48471,4
48473,4
48475,4
48477,4
48479,4
48481,3
48483,4
48485,4
48487,4
48489,4
48491,4
48493,4
48495,4
48497,4
48499,4
48501,4
48503,4
48505,5
48507,4
49001,5
49003,5
49005,5
49007,5
49009,5
49011,6
49013,5
49015,4
49017,5
49019,4
49021,5
49023,4
49025,5
49027,5
49029,5
49031,5
49033,6
49035,5
49037,5
49039,5
49041,5
49043,6
49045,5
49047,5
49049,6
49051,6
49053,5
49055,4
49057,5
50001,3
50003,3
50005,3
50007,4
50009,3
50011,3
50013,3
50015,3
50017,3
50019,4
50021,3
50023,3
50025,3
50027,4
51001,4
51003,3
51005,4
51007,3
51009,4
51011,3
51013,2
51015,3
51017,4
51019,4
51021,3
51023,4
51025,3
51027,3
51029,3
51031,3
51033,3
51035,4
51036,4
51037,3
51041,3
51043,3
51045,3
51047,3
51049,3
51051,4
51053,3
51057,4
51059,3
51061,3
51063,3
51065,3
51067,4
51069,3
51071,4
51073,4
51075,3
51077,4
51079,3
51081,3
51083,4
51085,3
51087,3
51089,3
51091,4
51093,4
51095,4
51097,3
51099,3
51101,3
51103,4
51105,3
51107,3
51109,3
51111,3
51113,3
51115,4
51117,3
51119,4
51121,4
51125,4
51127,4
51131,4
51133,4
51135,3
51137,3
51139,4
51141,4
51143,3
51145,3
51147,3
51149,4
51153,3
51155,4
51157,3
51159,4
51161,3
51163,4
51165,4
51167,3
51169,3
51171,3
51173,3
51175,3
51177,3
51179,3
51181,4
51183,3
51185,3
51187,4
51191,3
51193,4
51195,4
51197,4
51199,4
51510,2
51515,4
51520,3
51530,4
51540,3
51550,4
51560,4
51570,3
51580,4
51590,3
51595,3
51600,3
51610,3
51620,3
51630,3
51640,4
51650,4
51660,4
51670,4
51678,4
51680,3
51683,3
51685,3
51690,3
51700,4
51710,4
51720,4
51730,3
51735,4
51740,4
51750,4
51760,3
51770,3
51775,3
51780,4
51790,3
51800,4
51810,4
51820,3
51830,4
51840,3
53001,3
53003,4
53005,4
53007,4
53009,6
53011,5
53013,4
53015,5
53017,4
53019,4
53021,3
53023,4
53025,4
53027,5
53029,5
53031,6
53033,5
53035,5
53037,5
53039,4
53041,5
53043,4
53045,6
53047,4
53049,6
53051,5
53053,6
53055,5
53057,6
53059,3
53061,6
53063,4
53065,5
53067,5
53069,5
53071,4
53073,6
53075,4
53077,4
54001,4
54003,3
54005,3
54007,3
54009,4
54011,4
54013,2
54015,3
54017,2
54019,3
54021,2
54023,4
54025,3
54027,4
54029,4
54031,4
54033,3
54035,3
54037,3
54039,3
54041,3
54043,3
54045,3
54047,3
54049,3
54051,3
54053,3
54055,3
54057,4
54059,3
54061,3
54063,3
54065,4
54067,3
54069,3
54071,4
54073,3
54075,3
54077,3
54079,3
54081,3
54083,3
54085,2
54087,3
54089,4
54091,3
54093,3
54095,3
54097,3
54099,3
54101,2
54103,3
54105,3
54107,3
54109,3
55001,2
55003,3
55005,2
55007,3
55009,3
55011,3
55013,2
55015,3
55017,2
55019,2
55021,3
55023,3
55025,3
55027,3
55029,3
55031,3
55033,3
55035,2
55037,2
55039,3
55041,2
55043,3
55045,2
55047,3
55049,3
55051,3
55053,3
55055,3
55057,3
55059,3
55061,4
55063,3
55065,3
55067,2
55069,2
55071,3
55073,2
55075,3
55077,2
55078,2
55079,3
55081,3
55083,3
55085,3
55087,2
55089,3
55091,3
55093,3
55095,2
55097,2
55099,2
55101,3
55103,3
55105,2
55107,2
55109,3
55111,3
55113,3
55115,2
55117,3
55119,2
55121,3
55123,3
55125,3
55127,2
55129,2
55131,2
55133,3
55135,2
55137,2
55139,3
55141,2
56001,6
56003,5
56005,4
56007,6
56009,5
56011,5
56013,5
56015,4
56017,4
56019,5
56021,5
56023,6
56025,5
56027,3
56029,5
56031,5
56033,4
56035,6
56037,5
56039,6
56041,5
56043,4
56045,3